#
#"Secondary Electron Energy @ Incident Angle 0° / eV"	"Elastic [Real]"
#---------------------------------------------------------------------
0.0000000000000	0.0000000000000
0.10010010004044	0.0000000000000
0.20020020008087	0.0000000000000
0.30030030012131	0.0000000000000
0.40040040016174	0.0000000000000
0.50050050020218	0.0000000000000
0.60060060024261	0.0000000000000
0.70070070028305	0.0000000000000
0.80080080032349	0.0000000000000
0.90090090036392	0.0000000000000
1.0010010004044	0.0000000000000
1.1011011600494	0.0000000000000
1.2012012004852	0.0000000000000
1.3013013601303	0.0000000000000
1.4014014005661	0.0000000000000
1.5015015602112	0.0000000000000
1.6016016006470	0.0000000000000
1.7017017602921	0.0000000000000
1.8018018007278	0.0000000000000
1.9019019603729	0.0000000000000
2.0020020008087	0.0000000000000
2.1021020412445	0.0000000000000
2.2022023200989	0.0000000000000
2.3023023605347	0.0000000000000
2.4024024009705	0.0000000000000
2.5025024414062	0.0000000000000
2.6026027202606	0.0000000000000
2.7027027606964	0.0000000000000
2.8028028011322	0.0000000000000
2.9029028415680	0.0000000000000
3.0030031204224	0.0000000000000
3.1031031608582	0.0000000000000
3.2032032012939	0.0000000000000
3.3033032417297	0.0000000000000
3.4034035205841	0.0000000000000
3.5035035610199	0.0000000000000
3.6036036014557	0.0000000000000
3.7037036418915	0.0000000000000
3.8038039207458	0.0000000000000
3.9039039611816	0.0000000000000
4.0040040016174	0.0000000000000
4.1041040420532	0.0000000000000
4.2042040824890	0.0000000000000
4.3043041229248	0.0000000000000
4.4044046401978	0.0000000000000
4.5045046806335	0.0000000000000
4.6046047210693	0.0000000000000
4.7047047615051	0.0000000000000
4.8048048019409	0.0000000000000
4.9049048423767	0.0000000000000
5.0050048828125	0.0000000000000
5.1051049232483	0.0000000000000
5.2052054405212	0.0000000000000
5.3053054809570	0.0000000000000
5.4054055213928	0.0000000000000
5.5055055618286	0.0000000000000
5.6056056022644	0.0000000000000
5.7057056427002	0.0000000000000
5.8058056831360	0.0000000000000
5.9059057235718	0.0000000000000
6.0060062408447	0.0000000000000
6.1061062812805	0.0000000000000
6.2062063217163	0.0000000000000
6.3063063621521	0.0000000000000
6.4064064025879	0.0000000000000
6.5065064430237	0.0000000000000
6.6066064834595	0.0000000000000
6.7067065238953	0.0000000000000
6.8068070411682	0.0000000000000
6.9069070816040	0.0000000000000
7.0070071220398	0.0000000000000
7.1071071624756	0.0000000000000
7.2072072029114	0.0000000000000
7.3073072433472	0.0000000000000
7.4074072837830	0.0000000000000
7.5075073242188	0.0000000000000
7.6076078414917	0.0000000000000
7.7077078819275	0.0000000000000
7.8078079223633	0.0000000000000
7.9079079627991	0.0000000000000
8.0080080032349	0.0000000000000
8.1081085205078	0.0000000000000
8.2082080841064	0.0000000000000
8.3083086013794	0.0000000000000
8.4084081649780	0.0000000000000
8.5085086822510	0.0000000000000
8.6086082458496	0.0000000000000
8.7087087631226	0.0000000000000
8.8088092803955	0.0000000000000
8.9089088439941	0.0000000000000
9.0090093612671	0.0000000000000
9.1091089248657	0.0000000000000
9.2092094421387	0.0000000000000
9.3093090057373	0.0000000000000
9.4094095230103	0.0000000000000
9.5095090866089	0.0000000000000
9.6096096038818	0.0000000000000
9.7097101211548	0.0000000000000
9.8098096847534	0.0000000000000
9.9099102020264	0.0000000000000
10.010009765625	0.0000000000000
10.110110282898	0.0000000000000
10.210209846497	0.0000000000000
10.310310363770	0.0000000000000
10.410410881042	0.0000000000000
10.510510444641	0.0000000000000
10.610610961914	0.0000000000000
10.710710525513	0.0000000000000
10.810811042786	0.0000000000000
10.910910606384	0.0000000000000
11.011011123657	0.0000000000000
11.111110687256	0.0000000000000
11.211211204529	0.0000000000000
11.311311721802	0.0000000000000
11.411411285400	0.0000000000000
11.511511802673	0.0000000000000
11.611611366272	0.0000000000000
11.711711883545	0.0000000000000
11.811811447144	0.0000000000000
11.911911964417	0.0000000000000
12.012012481689	0.0000000000000
12.112112045288	0.0000000000000
12.212212562561	0.0000000000000
12.312312126160	0.0000000000000
12.412412643433	0.0000000000000
12.512512207031	0.0000000000000
12.612612724304	0.0000000000000
12.712712287903	0.0000000000000
12.812812805176	0.0000000000000
12.912913322449	0.0000000000000
13.013012886047	0.0000000000000
13.113113403320	0.0000000000000
13.213212966919	0.0000000000000
13.313313484192	0.0000000000000
13.413413047791	0.0000000000000
13.513513565063	0.0000000000000
13.613614082336	0.0000000000000
13.713713645935	0.0000000000000
13.813814163208	0.0000000000000
13.913913726807	0.0000000000000
14.014014244080	0.0000000000000
14.114113807678	0.0000000000000
14.214214324951	0.0000000000000
14.314313888550	0.0000000000000
14.414414405823	0.0000000000000
14.514514923096	0.0000000000000
14.614614486694	0.0000000000000
14.714715003967	0.0000000000000
14.814814567566	0.0000000000000
14.914915084839	0.0000000000000
15.015014648438	0.0000000000000
15.115115165710	0.0000000000000
15.215215682983	0.0000000000000
15.315315246582	0.0000000000000
15.415415763855	0.0000000000000
15.515515327454	0.0000000000000
15.615615844727	0.0000000000000
15.715715408325	0.0000000000000
15.815815925598	0.0000000000000
15.915915489197	0.0000000000000
16.016016006470	0.0000000000000
16.116115570068	0.0000000000000
16.216217041016	0.0000000000000
16.316316604614	0.0000000000000
16.416416168213	0.0000000000000
16.516515731812	0.0000000000000
16.616617202759	0.0000000000000
16.716716766357	0.0000000000000
16.816816329956	0.0000000000000
16.916917800903	0.0000000000000
17.017017364502	0.0000000000000
17.117116928101	0.0000000000000
17.217216491699	0.0000000000000
17.317317962646	0.0000000000000
17.417417526245	0.0000000000000
17.517517089844	0.0000000000000
17.617618560791	0.0000000000000
17.717718124390	0.0000000000000
17.817817687988	0.0000000000000
17.917917251587	0.0000000000000
18.018018722534	0.0000000000000
18.118118286133	0.0000000000000
18.218217849731	0.0000000000000
18.318317413330	0.0000000000000
18.418418884277	0.0000000000000
18.518518447876	0.0000000000000
18.618618011475	0.0000000000000
18.718719482422	0.0000000000000
18.818819046021	0.0000000000000
18.918918609619	0.0000000000000
19.019018173218	0.0000000000000
19.119119644165	0.0000000000000
19.219219207764	0.0000000000000
19.319318771362	0.0000000000000
19.419420242310	0.0000000000000
19.519519805908	0.0000000000000
19.619619369507	0.0000000000000
19.719718933105	0.0000000000000
19.819820404053	0.0000000000000
19.919919967651	0.0000000000000
20.020019531250	0.0000000000000
20.120121002197	0.0000000000000
20.220220565796	0.0000000000000
20.320320129395	0.0000000000000
20.420419692993	0.0000000000000
20.520521163940	0.0000000000000
20.620620727539	0.0000000000000
20.720720291138	0.0000000000000
20.820821762085	0.0000000000000
20.920921325684	0.0000000000000
21.021020889282	0.0000000000000
21.121120452881	0.0000000000000
21.221221923828	0.0000000000000
21.321321487427	0.0000000000000
21.421421051025	0.0000000000000
21.521520614624	0.0000000000000
21.621622085571	0.0000000000000
21.721721649170	0.0000000000000
21.821821212769	0.0000000000000
21.921922683716	0.0000000000000
22.022022247314	0.0000000000000
22.122121810913	0.0000000000000
22.222221374512	0.0000000000000
22.322322845459	0.0000000000000
22.422422409058	0.0000000000000
22.522521972656	0.0000000000000
22.622623443604	0.0000000000000
22.722723007202	0.0000000000000
22.822822570801	0.0000000000000
22.922922134399	0.0000000000000
23.023023605347	0.0000000000000
23.123123168945	0.0000000000000
23.223222732544	0.0000000000000
23.323324203491	0.0000000000000
23.423423767090	0.0000000000000
23.523523330688	0.0000000000000
23.623622894287	0.0000000000000
23.723724365234	0.0000000000000
23.823823928833	0.0000000000000
23.923923492432	0.0000000000000
24.024024963379	0.0000000000000
24.124124526978	0.0000000000000
24.224224090576	0.0000000000000
24.324323654175	0.0000000000000
24.424425125122	0.0000000000000
24.524524688721	0.0000000000000
24.624624252319	0.0000000000000
24.724723815918	0.0000000000000
24.824825286865	0.0000000000000
24.924924850464	0.0000000000000
25.025024414062	0.0000000000000
25.125125885010	0.0000000000000
25.225225448608	0.0000000000000
25.325325012207	0.0000000000000
25.425424575806	0.0000000000000
25.525526046753	0.0000000000000
25.625625610352	0.0000000000000
25.725725173950	0.0000000000000
25.825826644897	0.0000000000000
25.925926208496	0.0000000000000
26.026025772095	0.0000000000000
26.126125335693	0.0000000000000
26.226226806641	0.0000000000000
26.326326370239	0.0000000000000
26.426425933838	0.0000000000000
26.526527404785	0.0000000000000
26.626626968384	0.0000000000000
26.726726531982	0.0000000000000
26.826826095581	0.0000000000000
26.926927566528	0.0000000000000
27.027027130127	0.0000000000000
27.127126693726	0.0000000000000
27.227228164673	0.0000000000000
27.327327728271	0.0000000000000
27.427427291870	0.0000000000000
27.527526855469	0.0000000000000
27.627628326416	0.0000000000000
27.727727890015	0.0000000000000
27.827827453613	0.0000000000000
27.927927017212	0.0000000000000
28.028028488159	0.0000000000000
28.128128051758	0.0000000000000
28.228227615356	0.0000000000000
28.328329086304	0.0000000000000
28.428428649902	0.0000000000000
28.528528213501	0.0000000000000
28.628627777100	0.0000000000000
28.728729248047	0.0000000000000
28.828828811646	0.0000000000000
28.928928375244	0.0000000000000
29.029029846191	0.0000000000000
29.129129409790	0.0000000000000
29.229228973389	0.0000000000000
29.329328536987	0.0000000000000
29.429430007935	0.0000000000000
29.529529571533	0.0000000000000
29.629629135132	0.0000000000000
29.729730606079	0.0000000000000
29.829830169678	0.0000000000000
29.929929733276	0.0000000000000
30.030029296875	0.0000000000000
30.130130767822	0.0000000000000
30.230230331421	0.0000000000000
30.330329895020	0.0000000000000
30.430431365967	0.0000000000000
30.530530929565	0.0000000000000
30.630630493164	0.0000000000000
30.730730056763	0.0000000000000
30.830831527710	0.0000000000000
30.930931091309	0.0000000000000
31.031030654907	0.0000000000000
31.131130218506	0.0000000000000
31.231231689453	0.0000000000000
31.331331253052	0.0000000000000
31.431430816650	0.0000000000000
31.531532287598	0.0000000000000
31.631631851196	0.0000000000000
31.731731414795	0.0000000000000
31.831830978394	0.0000000000000
31.931932449341	0.0000000000000
32.032032012939	0.0000000000000
32.132133483887	0.0000000000000
32.232231140137	0.0000000000000
32.332332611084	0.0000000000000
32.432434082031	0.0000000000000
32.532531738281	0.0000000000000
32.632633209229	0.0000000000000
32.732730865479	0.0000000000000
32.832832336426	0.0000000000000
32.932933807373	0.0000000000000
33.033031463623	0.0000000000000
33.133132934570	0.0000000000000
33.233234405518	0.0000000000000
33.333332061768	0.0000000000000
33.433433532715	0.0000000000000
33.533535003662	0.0000000000000
33.633632659912	0.0000000000000
33.733734130859	0.0000000000000
33.833835601807	0.0000000000000
33.933933258057	0.0000000000000
34.034034729004	0.0000000000000
34.134132385254	0.0000000000000
34.234233856201	0.0000000000000
34.334335327148	0.0000000000000
34.434432983398	0.0000000000000
34.534534454346	0.0000000000000
34.634635925293	0.0000000000000
34.734733581543	0.0000000000000
34.834835052490	0.0000000000000
34.934936523438	0.0000000000000
35.035034179688	0.0000000000000
35.135135650635	0.0000000000000
35.235237121582	0.0000000000000
35.335334777832	0.0000000000000
35.435436248779	0.0000000000000
35.535533905029	0.0000000000000
35.635635375977	0.0000000000000
35.735736846924	0.0000000000000
35.835834503174	0.0000000000000
35.935935974121	0.0000000000000
36.036037445068	0.0000000000000
36.136135101318	0.0000000000000
36.236236572266	0.0000000000000
36.336338043213	0.0000000000000
36.436435699463	0.0000000000000
36.536537170410	0.0000000000000
36.636634826660	0.0000000000000
36.736736297607	0.0000000000000
36.836837768555	0.0000000000000
36.936935424805	0.0000000000000
37.037036895752	0.0000000000000
37.137138366699	0.0000000000000
37.237236022949	0.0000000000000
37.337337493896	0.0000000000000
37.437438964844	0.0000000000000
37.537536621094	0.0000000000000
37.637638092041	0.0000000000000
37.737739562988	0.0000000000000
37.837837219238	0.0000000000000
37.937938690186	0.0000000000000
38.038036346436	0.0000000000000
38.138137817383	0.0000000000000
38.238239288330	0.0000000000000
38.338336944580	0.0000000000000
38.438438415527	0.0000000000000
38.538539886475	0.0000000000000
38.638637542725	0.0000000000000
38.738739013672	0.0000000000000
38.838840484619	0.0000000000000
38.938938140869	0.0000000000000
39.039039611816	0.0000000000000
39.139137268066	0.0000000000000
39.239238739014	0.0000000000000
39.339340209961	0.0000000000000
39.439437866211	0.0000000000000
39.539539337158	0.0000000000000
39.639640808105	0.0000000000000
39.739738464355	0.0000000000000
39.839839935303	0.0000000000000
39.939941406250	0.0000000000000
40.040039062500	0.0000000000000
40.140140533447	0.0000000000000
40.240242004395	0.0000000000000
40.340339660645	0.0000000000000
40.440441131592	0.0000000000000
40.540538787842	0.0000000000000
40.640640258789	0.0000000000000
40.740741729736	0.0000000000000
40.840839385986	0.0000000000000
40.940940856934	0.0000000000000
41.041042327881	0.0000000000000
41.141139984131	0.0000000000000
41.241241455078	0.0000000000000
41.341342926025	0.0000000000000
41.441440582275	0.0000000000000
41.541542053223	0.0000000000000
41.641643524170	0.0000000000000
41.741741180420	0.0000000000000
41.841842651367	0.0000000000000
41.941940307617	0.0000000000000
42.042041778564	0.0000000000000
42.142143249512	0.0000000000000
42.242240905762	0.0000000000000
42.342342376709	0.0000000000000
42.442443847656	0.0000000000000
42.542541503906	0.0000000000000
42.642642974854	0.0000000000000
42.742744445801	0.0000000000000
42.842842102051	0.0000000000000
42.942943572998	0.0000000000000
43.043041229248	0.0000000000000
43.143142700195	0.0000000000000
43.243244171143	0.0000000000000
43.343341827393	0.0000000000000
43.443443298340	0.0000000000000
43.543544769287	0.0000000000000
43.643642425537	0.0000000000000
43.743743896484	0.0000000000000
43.843845367432	0.0000000000000
43.943943023682	0.0000000000000
44.044044494629	0.0000000000000
44.144145965576	0.0000000000000
44.244243621826	0.0000000000000
44.344345092773	0.0000000000000
44.444442749023	0.0000000000000
44.544544219971	0.0000000000000
44.644645690918	0.0000000000000
44.744743347168	0.0000000000000
44.844844818115	0.0000000000000
44.944946289062	0.0000000000000
45.045043945312	0.0000000000000
45.145145416260	0.0000000000000
45.245246887207	0.0000000000000
45.345344543457	0.0000000000000
45.445446014404	0.0000000000000
45.545543670654	0.0000000000000
45.645645141602	0.0000000000000
45.745746612549	0.0000000000000
45.845844268799	0.0000000000000
45.945945739746	0.0000000000000
46.046047210693	0.0000000000000
46.146144866943	0.0000000000000
46.246246337891	0.0000000000000
46.346347808838	0.0000000000000
46.446445465088	0.0000000000000
46.546546936035	0.0000000000000
46.646648406982	0.0000000000000
46.746746063232	0.0000000000000
46.846847534180	0.0000000000000
46.946945190430	0.0000000000000
47.047046661377	0.0000000000000
47.147148132324	0.0000000000000
47.247245788574	0.0000000000000
47.347347259521	0.0000000000000
47.447448730469	0.0000000000000
47.547546386719	0.0000000000000
47.647647857666	0.0000000000000
47.747749328613	0.0000000000000
47.847846984863	0.0000000000000
47.947948455811	0.0000000000000
48.048049926758	0.0000000000000
48.148147583008	0.0000000000000
48.248249053955	0.0000000000000
48.348346710205	0.0000000000000
48.448448181152	0.0000000000000
48.548549652100	0.0000000000000
48.648647308350	0.0000000000000
48.748748779297	0.0000000000000
48.848850250244	0.0000000000000
48.948947906494	0.0000000000000
49.049049377441	0.0000000000000
49.149150848389	0.0000000000000
49.249248504639	0.0000000000000
49.349349975586	0.0000000000000
49.449447631836	0.0000000000000
49.549549102783	0.0000000000000
49.649650573730	0.0000000000000
49.749748229980	0.0000000000000
49.849849700928	0.0000000000000
49.949951171875	0.0000000000000
50.050048828125	0.0000000000000
50.150150299072	0.0000000000000
50.250251770020	0.0000000000000
50.350349426270	0.0000000000000
50.450450897217	0.0000000000000
50.550552368164	0.0000000000000
50.650650024414	0.0000000000000
50.750751495361	0.0000000000000
50.850849151611	0.0000000000000
50.950950622559	0.0000000000000
51.051052093506	0.0000000000000
51.151149749756	0.0000000000000
51.251251220703	0.0000000000000
51.351352691650	0.0000000000000
51.451450347900	0.0000000000000
51.551551818848	0.0000000000000
51.651653289795	0.0000000000000
51.751750946045	0.0000000000000
51.851852416992	0.0000000000000
51.951950073242	0.0000000000000
52.052051544189	0.0000000000000
52.152153015137	0.0000000000000
52.252250671387	0.0000000000000
52.352352142334	0.0000000000000
52.452453613281	0.0000000000000
52.552551269531	0.0000000000000
52.652652740479	0.0000000000000
52.752754211426	0.0000000000000
52.852851867676	0.0000000000000
52.952953338623	0.0000000000000
53.053054809570	0.0000000000000
53.153152465820	0.0000000000000
53.253253936768	0.0000000000000
53.353351593018	0.0000000000000
53.453453063965	0.0000000000000
53.553554534912	0.0000000000000
53.653652191162	0.0000000000000
53.753753662109	0.0000000000000
53.853855133057	0.0000000000000
53.953952789307	0.0000000000000
54.054054260254	0.0000000000000
54.154155731201	0.0000000000000
54.254253387451	0.0000000000000
54.354354858398	0.0000000000000
54.454456329346	0.0000000000000
54.554553985596	0.0000000000000
54.654655456543	0.0000000000000
54.754753112793	0.0000000000000
54.854854583740	0.0000000000000
54.954956054688	0.0000000000000
55.055053710938	0.0000000000000
55.155155181885	0.0000000000000
55.255256652832	0.0000000000000
55.355354309082	0.0000000000000
55.455455780029	0.0000000000000
55.555557250977	0.0000000000000
55.655654907227	0.0000000000000
55.755756378174	0.0000000000000
55.855854034424	0.0000000000000
55.955955505371	0.0000000000000
56.056056976318	0.0000000000000
56.156154632568	0.0000000000000
56.256256103516	0.0000000000000
56.356357574463	0.0000000000000
56.456455230713	0.0000000000000
56.556556701660	0.0000000000000
56.656658172607	0.0000000000000
56.756755828857	0.0000000000000
56.856857299805	0.0000000000000
56.956958770752	0.0000000000000
57.057056427002	0.0000000000000
57.157157897949	0.0000000000000
57.257255554199	0.0000000000000
57.357357025146	0.0000000000000
57.457458496094	0.0000000000000
57.557556152344	0.0000000000000
57.657657623291	0.0000000000000
57.757759094238	0.0000000000000
57.857856750488	0.0000000000000
57.957958221436	0.0000000000000
58.058059692383	0.0000000000000
58.158157348633	0.0000000000000
58.258258819580	0.0000000000000
58.358356475830	0.0000000000000
58.458457946777	0.0000000000000
58.558559417725	0.0000000000000
58.658657073975	0.0000000000000
58.758758544922	0.0000000000000
58.858860015869	0.0000000000000
58.958957672119	0.0000000000000
59.059059143066	0.0000000000000
59.159160614014	0.0000000000000
59.259258270264	0.0000000000000
59.359359741211	0.0000000000000
59.459461212158	0.0000000000000
59.559558868408	0.0000000000000
59.659660339355	0.0000000000000
59.759757995605	0.0000000000000
59.859859466553	0.0000000000000
59.959960937500	0.0000000000000
60.060058593750	0.0000000000000
60.160160064697	0.0000000000000
60.260261535645	0.0000000000000
60.360359191895	0.0000000000000
60.460460662842	0.0000000000000
60.560562133789	0.0000000000000
60.660659790039	0.0000000000000
60.760761260986	0.0000000000000
60.860862731934	0.0000000000000
60.960960388184	0.0000000000000
61.061061859131	0.0000000000000
61.161159515381	0.0000000000000
61.261260986328	0.0000000000000
61.361362457275	0.0000000000000
61.461460113525	0.0000000000000
61.561561584473	0.0000000000000
61.661663055420	0.0000000000000
61.761760711670	0.0000000000000
61.861862182617	0.0000000000000
61.961963653564	0.0000000000000
62.062061309814	0.0000000000000
62.162162780762	0.0000000000000
62.262260437012	0.0000000000000
62.362361907959	0.0000000000000
62.462463378906	0.0000000000000
62.562561035156	0.0000000000000
62.662662506104	0.0000000000000
62.762763977051	0.0000000000000
62.862861633301	0.0000000000000
62.962963104248	0.0000000000000
63.063064575195	0.0000000000000
63.163162231445	0.0000000000000
63.263263702393	0.0000000000000
63.363365173340	0.0000000000000
63.463462829590	0.0000000000000
63.563564300537	0.0000000000000
63.663661956787	0.0000000000000
63.763763427734	0.0000000000000
63.863864898682	0.0000000000000
63.963962554932	0.0000000000000
64.064064025879	0.0000000000000
64.164161682129	0.0000000000000
64.264266967773	0.0000000000000
64.364364624023	0.0000000000000
64.464462280273	0.0000000000000
64.564567565918	0.0000000000000
64.664665222168	0.0000000000000
64.764762878418	0.0000000000000
64.864868164062	0.0000000000000
64.964965820312	0.0000000000000
65.065063476562	0.0000000000000
65.165168762207	0.0000000000000
65.265266418457	0.0000000000000
65.365364074707	0.0000000000000
65.465461730957	0.0000000000000
65.565567016602	0.0000000000000
65.665664672852	0.0000000000000
65.765762329102	0.0000000000000
65.865867614746	0.0000000000000
65.965965270996	0.0000000000000
66.066062927246	0.0000000000000
66.166168212891	0.0000000000000
66.266265869141	0.0000000000000
66.366363525391	0.0000000000000
66.466468811035	0.0000000000000
66.566566467285	0.0000000000000
66.666664123535	0.0000000000000
66.766769409180	0.0000000000000
66.866867065430	0.0000000000000
66.966964721680	0.0000000000000
67.067070007324	0.0000000000000
67.167167663574	0.0000000000000
67.267265319824	0.0000000000000
67.367370605469	0.0000000000000
67.467468261719	0.0000000000000
67.567565917969	0.0000000000000
67.667671203613	0.0000000000000
67.767768859863	0.0000000000000
67.867866516113	0.0000000000000
67.967964172363	0.0000000000000
68.068069458008	0.0000000000000
68.168167114258	0.0000000000000
68.268264770508	0.0000000000000
68.368370056152	0.0000000000000
68.468467712402	0.0000000000000
68.568565368652	0.0000000000000
68.668670654297	0.0000000000000
68.768768310547	0.0000000000000
68.868865966797	0.0000000000000
68.968971252441	0.0000000000000
69.069068908691	0.0000000000000
69.169166564941	0.0000000000000
69.269271850586	0.0000000000000
69.369369506836	0.0000000000000
69.469467163086	0.0000000000000
69.569572448730	0.0000000000000
69.669670104980	0.0000000000000
69.769767761230	0.0000000000000
69.869873046875	0.0000000000000
69.969970703125	0.0000000000000
70.070068359375	0.0000000000000
70.170173645020	0.0000000000000
70.270271301270	0.0000000000000
70.370368957520	0.0000000000000
70.470474243164	0.0000000000000
70.570571899414	0.0000000000000
70.670669555664	0.0000000000000
70.770767211914	0.0000000000000
70.870872497559	0.0000000000000
70.970970153809	0.0000000000000
71.071067810059	0.0000000000000
71.171173095703	0.0000000000000
71.271270751953	0.0000000000000
71.371368408203	0.0000000000000
71.471473693848	0.0000000000000
71.571571350098	0.0000000000000
71.671669006348	1.4012984643248e-45
71.771774291992	2.8025969286496e-45
71.871871948242	5.6051938572993e-45
71.971969604492	9.8090892502737e-45
72.072074890137	2.1019476964872e-44
72.172172546387	4.0637655465420e-44
72.272270202637	8.1275310930839e-44
72.372375488281	1.6395192032600e-43
72.472473144531	3.2650254218768e-43
72.572570800781	6.4880118898239e-43
72.672676086426	1.2877932887145e-42
72.772773742676	2.5489619066068e-42
72.872871398926	5.0306614869261e-42
72.972976684570	9.9071801427765e-42
73.073074340820	1.9459831774079e-41
73.173171997070	3.8127929915814e-41
73.273269653320	7.4518249735865e-41
73.373374938965	1.4527961828888e-40
73.473472595215	2.8251157949713e-40
73.573570251465	5.4800158654811e-40
73.673675537109	1.0603779622377e-39
73.773773193359	2.0465879993556e-39
73.873870849609	3.9401457986162e-39
73.973976135254	7.5670705618895e-39
74.074073791504	1.4495520368140e-38
74.174171447754	2.7698225193869e-38
74.274276733398	5.2796301850827e-38
74.374374389648	1.0037968373126e-37
74.474472045898	1.9037079085051e-37
74.574577331543	3.6015379434626e-37
74.674674987793	6.7962078688736e-37
74.774772644043	1.2792559955297e-36
74.874877929688	2.4020456501843e-36
74.974975585938	4.4987956728285e-36
75.075073242188	8.4047236238702e-36
75.175178527832	1.5663300077659e-35
75.275276184082	2.9116197248995e-35
75.375373840332	5.3988113728116e-35
75.475479125977	9.9860586907505e-35
75.575576782227	1.8423910965409e-34
75.675674438477	3.3906397569612e-34
75.775772094727	6.2243449841822e-34
75.875877380371	1.1398238829111e-33
75.975975036621	2.0819674522383e-33
76.076072692871	3.7933445146745e-33
76.176177978516	6.8944955074475e-33
76.276275634766	1.2498993228727e-32
76.376373291016	2.2602668394472e-32
76.476478576660	4.0773314602057e-32
76.576576232910	7.3364318656571e-32
76.676673889160	1.3167578562897e-31
76.776779174805	2.3575357349809e-31
76.876876831055	4.2102079310294e-31
76.976974487305	7.4999934410147e-31
77.077079772949	1.3327520791148e-30
77.177177429199	2.3622775851526e-30
77.277275085449	4.1766168163812e-30
77.377380371094	7.3662968512923e-30
77.477478027344	1.2958870904482e-29
77.577575683594	2.2740353119143e-29
77.677680969238	3.9806856436811e-29
77.777778625488	6.9504374187849e-29
77.877876281738	1.2105383313491e-28
77.977981567383	2.1031744808754e-28
78.078079223633	3.6447345491991e-28
78.178176879883	6.3004072939757e-28
78.278274536133	1.0863843408198e-27
78.378379821777	1.8686520174692e-27
78.478477478027	3.2060295190243e-27
78.578575134277	5.4867953000744e-27
78.678680419922	9.3669836924009e-27
78.778778076172	1.5950533310488e-26
78.878875732422	2.7093353834106e-26
78.978981018066	4.5907104022412e-26
79.079078674316	7.7587483723663e-26
79.179176330566	1.3080235789747e-25
79.279281616211	2.1997270478142e-25
79.379379272461	3.6899195639223e-25
79.479476928711	6.1741495437235e-25
79.579582214355	1.0305438263231e-24
79.679679870605	1.7157377589759e-24
79.779777526855	2.8493612509233e-24
79.879882812500	4.7203361864245e-24
79.979980468750	7.7999844738131e-24
80.080078125000	1.2856616008438e-23
80.180183410645	2.1139181407854e-23
80.280281066895	3.4669319757422e-23
80.380378723145	5.6717174264782e-23
80.480484008789	9.2557624300320e-23
80.580581665039	1.5066267626554e-22
80.680679321289	2.4463089114948e-22
80.780776977539	3.9621332874340e-22
80.880882263184	6.4013979865895e-22
80.980979919434	1.0316129695080e-21
81.081077575684	1.6583298139263e-21
81.181182861328	2.6592107820507e-21
81.281280517578	4.2533493811538e-21
81.381378173828	6.7861202751383e-21
81.481483459473	1.0800390629354e-20
81.581581115723	1.7145657565331e-20
81.681678771973	2.7150694648670e-20
81.781784057617	4.2887918893591e-20
81.881881713867	6.7574988565917e-20
81.981979370117	1.0620601630746e-19
82.082084655762	1.6650958322585e-19
82.182182312012	2.6039136450105e-19
82.282279968262	4.0618706564356e-19
82.382385253906	6.3205129099118e-19
82.482482910156	9.8101583716531e-19
82.582580566406	1.5188393656654e-18
82.682685852051	2.3457090617057e-18
82.782783508301	3.6135509136471e-18
82.882881164551	5.5527273808577e-18
82.982986450195	8.5114742633920e-18
83.083084106445	1.3013710804039e-17
83.183181762695	1.9847676020063e-17
83.283287048340	3.0195635999930e-17
83.383384704590	4.5822301998363e-17
83.483482360840	6.9362025890662e-17
83.583580017090	1.0473185198440e-16
83.683685302734	1.5774711475746e-16
83.783782958984	2.3699688049622e-16
83.883880615234	3.5516978215989e-16
83.983985900879	5.3095137979981e-16
84.084083557129	7.9172127228212e-16
84.184181213379	1.1776113777219e-15
84.284286499023	1.7472572342556e-15
84.384384155273	2.5858941791784e-15
84.484481811523	3.8174800844862e-15
84.584587097168	5.6217009197193e-15
84.684684753418	8.2576784630030e-15
84.784782409668	1.2099303221651e-14
84.884887695312	1.7684281027942e-14
84.984985351562	2.5781843158859e-14
85.085083007812	3.7493215455063e-14
85.185188293457	5.4389594905798e-14
85.285285949707	7.8700731370208e-14
85.385383605957	1.1359358955852e-13
85.485488891602	1.6355094904254e-13
85.585586547852	2.3488340179095e-13
85.685684204102	3.3648347237854e-13
85.785789489746	4.8083829669657e-13
85.885887145996	6.8538512539018e-13
85.985984802246	9.7450129563081e-13
86.086082458496	1.3821091623609e-12
86.186187744141	1.9553557991520e-12
86.286285400391	2.7593697726064e-12
86.386383056641	3.8842410191031e-12
86.486488342285	5.4541332387970e-12
86.586585998535	7.6391696787748e-12
86.686683654785	1.0672809858114e-11
86.786788940430	1.4874228584927e-11
86.886886596680	2.0677175249784e-11
86.986984252930	2.8672142785013e-11
87.087089538574	3.9659928119384e-11
87.187187194824	5.4719867526032e-11
87.287284851074	7.5309591895945e-11
87.387390136719	1.0338991468517e-10
87.487487792969	1.4158187122693e-10
87.587585449219	1.9339678469787e-10
87.687690734863	2.6351978932304e-10
87.787788391113	3.5816161148006e-10
87.887886047363	4.8557574627850e-10
87.987991333008	6.5668492865711e-10
88.088088989258	8.8584800606029e-10
88.188186645508	1.1919923936787e-09
88.288291931152	1.5999619407125e-09
88.388389587402	2.1421415752343e-09
88.488487243652	2.8608744262471e-09
88.588584899902	3.8111984679290e-09
88.688690185547	5.0646087323969e-09
88.788787841797	6.7132508441148e-09
88.888885498047	8.8763005834380e-09
88.988990783691	1.1707182778764e-08
89.089088439941	1.5401951714011e-08
89.189186096191	2.0212089779648e-08
89.289291381836	2.6458650381755e-08
89.389389038086	3.4548357064068e-08
89.489486694336	4.4998621717696e-08
89.589591979980	5.8464436847316e-08
89.689689636230	7.5768348040128e-08
89.789787292480	9.7948088750854e-08
89.889892578125	1.2630619039555e-07
89.989990234375	1.6246394807240e-07
90.090087890625	2.0844981918344e-07
90.190193176270	2.6678799258661e-07
90.290290832520	3.4059243603224e-07
90.390388488770	4.3372639879635e-07
90.490493774414	5.5095574680308e-07
90.590591430664	6.9810664626857e-07
90.690689086914	8.8234605755133e-07
90.790794372559	1.1124383263450e-06
90.890892028809	1.3989987337482e-06
90.990989685059	1.7549747326484e-06
91.091087341309	2.1960213416605e-06
91.191192626953	2.7410796974436e-06
91.291290283203	3.4128054267057e-06
91.391387939453	4.2385136111989e-06
91.491493225098	5.2509121815092e-06
91.591590881348	6.4887494772847e-06
91.691688537598	7.9983310570242e-06
91.791793823242	9.8345990409143e-06
91.891891479492	1.2061997949786e-05
91.991989135742	1.4756859854970e-05
92.092094421387	1.8008906408795e-05
92.192192077637	2.1922307496425e-05
92.292289733887	2.6619341952028e-05
92.392395019531	3.2242358429357e-05
92.492492675781	3.8954898627708e-05
92.592590332031	4.6947174269008e-05
92.692695617676	5.6438446335960e-05
92.792793273926	6.7677865445148e-05
92.892890930176	8.0952522694133e-05
92.992996215820	9.6589981694706e-05
93.093093872070	0.00011495821672725
93.193191528320	0.00013647720334120
93.293296813965	0.00016162103565875
93.393394470215	0.00019091593276244
93.493492126465	0.00022495652956422
93.593589782715	0.00026440349756740
93.693695068359	0.00030999389127828
93.793792724609	0.00036253163125366
93.893890380859	0.00042291276622564
93.993995666504	0.00049212208250538
94.094093322754	0.00057121808640659
94.194190979004	0.00066136807436123
94.294296264648	0.00076383812120184
94.394393920898	0.00087996781803668
94.494491577148	0.0010112171294168
94.594596862793	0.0011591472430155
94.694694519043	0.0013253800570965
94.794792175293	0.0015116608701646
94.894897460938	0.0017198267159984
94.994995117188	0.0019517438486218
95.095092773438	0.0022093937732279
95.195198059082	0.0024948217906058
95.295295715332	0.0028100498020649
95.395393371582	0.0031571895815432
95.495498657227	0.0035383692011237
95.595596313477	0.0039556147530675
95.695693969727	0.0044109988957644
95.795799255371	0.0049065425992012
95.895896911621	0.0054440582171082
95.995994567871	0.0060253469273448
96.096099853516	0.0066520692780614
96.196197509766	0.0073255505412817
96.296295166016	0.0080470358952880
96.396392822266	0.0088174650445580
96.496498107910	0.0096375485882163
96.596595764160	0.010507481172681
96.696693420410	0.011427276767790
96.796798706055	0.012396574951708
96.896896362305	0.013414362445474
96.996994018555	0.014479399658740
97.097099304199	0.015589981339872
97.197196960449	0.016743656247854
97.297294616699	0.017937714233994
97.397399902344	0.019168946892023
97.497497558594	0.020433336496353
97.597595214844	0.021726634353399
97.697700500488	0.023044096305966
97.797798156738	0.024380190297961
97.897895812988	0.025729218497872
97.998001098633	0.027085067704320
98.098098754883	0.028440920636058
98.198196411133	0.029789932072163
98.298301696777	0.031124969944358
98.398399353027	0.032438367605209
98.498497009277	0.033722613006830
98.598602294922	0.034970089793205
98.698699951172	0.036172885447741
98.798797607422	0.037323441356421
98.898895263672	0.038414251059294
98.999000549316	0.039438106119633
99.099098205566	0.040387868881226
99.199195861816	0.041257034987211
99.299301147461	0.042039521038532
99.399398803711	0.042729616165161
99.499496459961	0.043322388082743
99.599601745605	0.043813530355692
99.699699401855	0.044199343770742
99.799797058105	0.044477008283138
99.899902343750	0.044644452631474
100.00000000000	0.044700402766466
#
#"Secondary Electron Energy @ Incident Angle 0° / eV"	"Rediff [Real]"
#--------------------------------------------------------------------
0.0000000000000	0.0000000000000
0.10010010004044	8.4916304331273e-05
0.20020020008087	0.00012008978956146
0.30030030012131	0.00014707935042679
0.40040040016174	0.00016983260866255
0.50050050020218	0.00018987862858921
0.60060060024261	0.00020800162747037
0.70070070028305	0.00022466742666438
0.80080080032349	0.00024017957912292
0.90090090036392	0.00025474891299382
1.0010010004044	0.00026852893643081
1.1011011600494	0.00028163552633487
1.2012012004852	0.00029415870085359
1.3013013601303	0.00030617011361755
1.4014014005661	0.00031772771035321
1.5015015602112	0.00032887945417315
1.6016016006470	0.00033966521732509
1.7017017602921	0.00035011890577152
1.8018018007278	0.00036026936140843
1.9019019603729	0.00037014161353000
2.0020020008087	0.00037975725717843
2.1021020412445	0.00038913538446650
2.2022023200989	0.00039829278830439
2.3023023605347	0.00040724431164563
2.4024024009705	0.00041600325494073
2.5025024414062	0.00042458152165636
2.6026027202606	0.00043298990931362
2.7027027606964	0.00044123808038421
2.8028028011322	0.00044933485332876
2.9029028415680	0.00045728828990832
3.0030031204224	0.00046510578249581
3.1031031608582	0.00047279399586841
3.2032032012939	0.00048035915824585
3.3033032417297	0.00048780703218654
3.4034035205841	0.00049514288548380
3.5035035610199	0.00050237163668498
3.6036036014557	0.00050949782598764
3.7037036418915	0.00051652570255101
3.8038039207458	0.00052345928270370
3.9039039611816	0.00053030217532068
4.0040040016174	0.00053705787286162
4.1041040420532	0.00054372963495553
4.2042040824890	0.00055032054660842
4.3043041229248	0.00055683345999569
4.4044046401978	0.00056327105266973
4.5045046806335	0.00056963588576764
4.6046047210693	0.00057593040401116
4.7047047615051	0.00058215687749907
4.8048048019409	0.00058831740170717
4.9049048423767	0.00059441413031891
5.0050048828125	0.00060044892597944
5.1051049232483	0.00060642370954156
5.2052054405212	0.00061234022723511
5.3053054809570	0.00061820005066693
5.4054055213928	0.00062400486785918
5.5055055618286	0.00062975619221106
5.6056056022644	0.00063545542070642
5.7057056427002	0.00064110406674445
5.8058056831360	0.00064670329447836
5.9059057235718	0.00065225450089201
6.0060062408447	0.00065775890834630
6.1061062812805	0.00066321756457910
6.2062063217163	0.00066863169195130
6.3063063621521	0.00067400227999315
6.4064064025879	0.00067933043465018
6.5065064430237	0.00068461714545265
6.6066064834595	0.00068986334372312
6.7067065238953	0.00069506990257651
6.8068070411682	0.00070023781154305
6.9069070816040	0.00070536782732233
7.0070071220398	0.00071046082302928
7.1071071624756	0.00071551749715582
7.2072072029114	0.00072053872281685
7.3073072433472	0.00072552525671199
7.4074072837830	0.00073047768091783
7.5075073242188	0.00073539675213397
7.6076078414917	0.00074028322705999
7.7077078819275	0.00074513757135719
7.8078079223633	0.00074996054172516
7.9079079627991	0.00075475266203284
8.0080080032349	0.00075951451435685
8.1081085205078	0.00076424679718912
8.2082080841064	0.00076894985977560
8.3083086013794	0.00077362440060824
8.4084081649780	0.00077827076893300
8.5085086822510	0.00078288966324180
8.6086082458496	0.00078748143278062
8.7087087631226	0.00079204660141841
8.8088092803955	0.00079658557660878
8.9089088439941	0.00080109882401302
9.0090093612671	0.00080558680929244
9.1091089248657	0.00081004993990064
9.2092094421387	0.00081448862329125
9.3093090057373	0.00081890320871025
9.4094095230103	0.00082329416181892
9.5095090866089	0.00082766177365556
9.6096096038818	0.00083200650988147
9.7097101211548	0.00083632866153494
9.8098096847534	0.00084062851965427
9.9099102020264	0.00084490660810843
10.010009765625	0.00084916304331273
10.110110282898	0.00085339834913611
10.210209846497	0.00085761264199391
10.310310363770	0.00086180638754740
10.410410881042	0.00086597981862724
10.510510444641	0.00087013322627172
10.610610961914	0.00087426690151915
10.710710525513	0.00087838107720017
10.810811042786	0.00088247616076842
10.910910606384	0.00088655226863921
11.011011123657	0.00089060975005850
11.111110687256	0.00089464877964929
11.211211204529	0.00089866970665753
11.311311721802	0.00090267270570621
11.411411285400	0.00090665806783363
11.511511802673	0.00091062596766278
11.611611366272	0.00091457657981664
11.711711883545	0.00091851031174883
11.811811447144	0.00092242716345936
11.911911964417	0.00092632754240185
12.012012481689	0.00093021156499162
12.112112045288	0.00093407934764400
12.212212562561	0.00093793129781261
12.312312126160	0.00094176741549745
12.412412643433	0.00094558799173683
12.512512207031	0.00094939314294606
12.612612724304	0.00095318316016346
12.712712287903	0.00095695815980434
12.812812805176	0.00096071831649169
12.912913322449	0.00096446386305615
13.013012886047	0.00096819485770538
13.113113403320	0.00097191153327003
13.213212966919	0.00097561406437308
13.313313484192	0.00097930256742984
13.413413047791	0.00098297733347863
13.513513565063	0.00098663836251944
13.613614082336	0.00099028577096760
13.713713645935	0.00099391990806907
13.813814163208	0.00099754077382386
13.913913726807	0.0010011484846473
14.014014244080	0.0010047432733700
14.114113807678	0.0010083252564073
14.214214324951	0.0010118945501745
14.314313888550	0.0010154512710869
14.414414405823	0.0010189956519753
14.514514923096	0.0010225276928395
14.614614486694	0.0010260476265103
14.714715003967	0.0010295554529876
14.814814567566	0.0010330514051020
14.914915084839	0.0010365355992690
15.015014648438	0.0010400080354884
15.115115165710	0.0010434690630063
15.215215682983	0.0010469185654074
15.315315246582	0.0010503566591069
15.415415763855	0.0010537836933509
15.515515327454	0.0010571994353086
15.615615844727	0.0010606043506414
15.715715408325	0.0010639982065186
15.815815925598	0.0010673814686015
15.915915489197	0.0010707539040595
16.016016006470	0.0010741157457232
16.116115570068	0.0010774671100080
16.216217041016	0.0010808081133291
16.316316604614	0.0010841388721019
16.416416168213	0.0010874592699111
16.516515731812	0.0010907696560025
16.616617202759	0.0010940701467916
16.716716766357	0.0010973605094478
16.816816329956	0.0011006410932168
16.916917800903	0.0011039120145142
17.017017364502	0.0011071731569245
17.117116928101	0.0011104247532785
17.217216491699	0.0011136669199914
17.317317962646	0.0011168996570632
17.417417526245	0.0011201229644939
17.517517089844	0.0011233370751143
17.617618560791	0.0011265421053395
17.717718124390	0.0011297379387543
17.817817687988	0.0011329248081893
17.917917251587	0.0011361027136445
18.018018722534	0.0011392717715353
18.118118286133	0.0011424320982769
18.218217849731	0.0011455835774541
18.318317413330	0.0011487264418975
18.418418884277	0.0011518608080223
18.518518447876	0.0011549866758287
18.618618011475	0.0011581040453166
18.718719482422	0.0011612130329013
18.818819046021	0.0011643137549981
18.918918609619	0.0011674062116072
19.019018173218	0.0011704905191436
19.119119644165	0.0011735666776076
19.219219207764	0.0011766348034143
19.319318771362	0.0011796950129792
19.419420242310	0.0011827473063022
19.519519805908	0.0011857916833833
19.619619369507	0.0011888282606378
19.719718933105	0.0011918571544811
19.819820404053	0.0011948783649132
19.919919967651	0.0011978918919340
20.020019531250	0.0012008978519589
20.120121002197	0.0012038964778185
20.220220565796	0.0012068875366822
20.320320129395	0.0012098711449653
20.420419692993	0.0012128474190831
20.520521163940	0.0012158164754510
20.620620727539	0.0012187783140689
20.720720291138	0.0012217329349369
20.820821762085	0.0012246804544702
20.920921325684	0.0012276207562536
21.021020889282	0.0012305541895330
21.121120452881	0.0012334805214778
21.221221923828	0.0012364001013339
21.321321487427	0.0012393126962706
21.421421051025	0.0012422184227034
21.521520614624	0.0012451173970476
21.621622085571	0.0012480097357184
21.721721649170	0.0012508953223005
21.821821212769	0.0012537742732093
21.921922683716	0.0012566465884447
22.022022247314	0.0012595123844221
22.122121810913	0.0012623716611415
22.222221374512	0.0012652244186029
22.322322845459	0.0012680708896369
22.422422409058	0.0012709108414128
22.522521972656	0.0012737446231768
22.622623443604	0.0012765720020980
22.722723007202	0.0012793932110071
22.822822570801	0.0012822081334889
22.922922134399	0.0012850168859586
23.023023605347	0.0012878195848316
23.123123168945	0.0012906161136925
23.223222732544	0.0012934065889567
23.323324203491	0.0012961911270395
23.423423767090	0.0012989697279409
23.523523330688	0.0013017422752455
23.623622894287	0.0013045090017840
23.723724365234	0.0013072699075565
23.823823928833	0.0013100249925628
23.923923492432	0.0013127742568031
24.024024963379	0.0013155178166926
24.124124526978	0.0013182555558160
24.224224090576	0.0013209877070040
24.324323654175	0.0013237141538411
24.424425125122	0.0013264351291582
24.524524688721	0.0013291504001245
24.624624252319	0.0013318601995707
24.724723815918	0.0013345645274967
24.824825286865	0.0013372633839026
24.924924850464	0.0013399566523731
25.025024414062	0.0013426446821541
25.125125885010	0.0013453273568302
25.225225448608	0.0013480045599863
25.325325012207	0.0013506765244529
25.425424575806	0.0013533432502300
25.525526046753	0.0013560047373176
25.625625610352	0.0013586608693004
25.725725173950	0.0013613118790090
25.825826644897	0.0013639578828588
25.925926208496	0.0013665986480191
26.026025772095	0.0013692342909053
26.126125335693	0.0013718649279326
26.226226806641	0.0013744905591011
26.326326370239	0.0013771110679954
26.426425933838	0.0013797266874462
26.526527404785	0.0013823373010382
26.626626968384	0.0013849430251867
26.726726531982	0.0013875438598916
26.826826095581	0.0013901398051530
26.926927566528	0.0013927309773862
27.027027130127	0.0013953172601759
27.127126693726	0.0013978987699375
27.227228164673	0.0014004756230861
27.327327728271	0.0014030477032065
27.427427291870	0.0014056150102988
27.527526855469	0.0014081776607782
27.627628326416	0.0014107356546447
27.727727890015	0.0014132889918983
27.827827453613	0.0014158377889544
27.927927017212	0.0014183819293976
28.028028488159	0.0014209216460586
28.128128051758	0.0014234567061067
28.228227615356	0.0014259872259572
28.328329086304	0.0014285134384409
28.428428649902	0.0014310349943116
28.528528213501	0.0014335522428155
28.628627777100	0.0014360650675371
28.728729248047	0.0014385734684765
28.828828811646	0.0014410774456337
28.928928375244	0.0014435772318393
29.029029846191	0.0014460725942627
29.129129409790	0.0014485636493191
29.229228973389	0.0014510505134240
29.329328536987	0.0014535329537466
29.429430007935	0.0014560113195330
29.529529571533	0.0014584854943678
29.629629135132	0.0014609553618357
29.729730606079	0.0014634211547673
29.829830169678	0.0014658827567473
29.929929733276	0.0014683401677758
30.030029296875	0.0014707935042679
30.130130767822	0.0014732428826392
30.230230331421	0.0014756880700588
30.330329895020	0.0014781291829422
30.430431365967	0.0014805664541200
30.530530929565	0.0014829995343462
30.630630493164	0.0014854286564514
30.730730056763	0.0014878538204357
30.830831527710	0.0014902751427144
30.930931091309	0.0014926923904568
31.031030654907	0.0014951057964936
31.131130218506	0.0014975153608248
31.231231689453	0.0014999210834503
31.331331253052	0.0015023228479549
31.431430816650	0.0015047207707539
31.531532287598	0.0015071149682626
31.631631851196	0.0015095053240657
31.731731414795	0.0015118918381631
31.831830978394	0.0015142746269703
31.931932449341	0.0015166536904871
32.032032012939	0.0015190290287137
32.132133483887	0.0015214007580653
32.232231140137	0.0015237686457112
32.332332611084	0.0015261329244822
32.432434082031	0.0015284935943782
32.532531738281	0.0015308504225686
32.632633209229	0.0015332038747147
32.732730865479	0.0015355534851551
32.832832336426	0.0015378997195512
32.932933807373	0.0015402423450723
33.033031463623	0.0015425812453032
33.133132934570	0.0015449167694896
33.233234405518	0.0015472488012165
33.333332061768	0.0015495771076530
33.433433532715	0.0015519021544605
33.533535003662	0.0015542235923931
33.633632659912	0.0015565415378660
33.733734130859	0.0015588562237099
33.833835601807	0.0015611673006788
33.933933258057	0.0015634750016034
34.034034729004	0.0015657793264836
34.134132385254	0.0015680801589042
34.234233856201	0.0015703778481111
34.334335327148	0.0015726720448583
34.434432983398	0.0015749628655612
34.534534454346	0.0015772504266351
34.634635925293	0.0015795346116647
34.734733581543	0.0015818155370653
34.834835052490	0.0015840932028368
34.934936523438	0.0015863676089793
35.035034179688	0.0015886386390775
35.135135650635	0.0015909065259621
35.235237121582	0.0015931711532176
35.335334777832	0.0015954325208440
35.435436248779	0.0015976907452568
35.535533905029	0.0015999457100406
35.635635375977	0.0016021976480260
35.735736846924	0.0016044464427978
35.835834503174	0.0016066918615252
35.935935974121	0.0016089343698695
36.036037445068	0.0016111736185849
36.136135101318	0.0016134098405018
36.236236572266	0.0016156429192051
36.336338043213	0.0016178729711100
36.436435699463	0.0016200998798013
36.536537170410	0.0016223237616941
36.636634826660	0.0016245445003733
36.736736297607	0.0016267624450848
36.836837768555	0.0016289772465825
36.936935424805	0.0016311889048666
37.037036895752	0.0016333977691829
37.137138366699	0.0016356036067009
37.237236022949	0.0016378064174205
37.337337493896	0.0016400063177571
37.437438964844	0.0016422031912953
37.537536621094	0.0016443971544504
37.637638092041	0.0016465883236378
37.737739562988	0.0016487764660269
37.837837219238	0.0016509616980329
37.937938690186	0.0016531440196559
38.038036346436	0.0016553235473111
38.138137817383	0.0016575001645833
38.238239288330	0.0016596739878878
38.338336944580	0.0016618449008092
38.438438415527	0.0016640130197629
38.538539886475	0.0016661782283336
38.638637542725	0.0016683406429365
38.738739013672	0.0016705003799871
38.838840484619	0.0016726573230699
38.938938140869	0.0016748113557696
39.039039611816	0.0016769627109170
39.139137268066	0.0016791112720966
39.239238739014	0.0016812570393085
39.339340209961	0.0016834002453834
39.439437866211	0.0016855405410752
39.539539337158	0.0016876781592146
39.639640808105	0.0016898132162169
39.739738464355	0.0016919453628361
39.839839935303	0.0016940749483183
39.939941406250	0.0016962019726634
40.040039062500	0.0016983260866255
40.140140533447	0.0017004477558658
40.240242004395	0.0017025666311383
40.340339660645	0.0017046829452738
40.440441131592	0.0017067966982722
40.540538787842	0.0017089076573029
40.640640258789	0.0017110161716118
40.740741729736	0.0017131220083684
40.840839385986	0.0017152252839878
40.940940856934	0.0017173259984702
41.041042327881	0.0017194241518155
41.141139984131	0.0017215197440237
41.241241455078	0.0017236127750948
41.341342926025	0.0017257032450289
41.441440582275	0.0017277912702411
41.541542053223	0.0017298767343163
41.641643524170	0.0017319596372545
41.741741180420	0.0017340399790555
41.841842651367	0.0017361179925501
41.941940307617	0.0017381934449077
42.042041778564	0.0017402664525434
42.142143249512	0.0017423368990421
42.242240905762	0.0017444050172344
42.342342376709	0.0017464705742896
42.442443847656	0.0017485338030383
42.542541503906	0.0017505944706500
42.642642974854	0.0017526528099552
42.742744445801	0.0017547087045386
42.842842102051	0.0017567621544003
42.942943572998	0.0017588132759556
43.043041229248	0.0017608619527891
43.143142700195	0.0017629083013162
43.243244171143	0.0017649523215368
43.343341827393	0.0017669938970357
43.443443298340	0.0017690331442282
43.543544769287	0.0017710700631142
43.643642425537	0.0017731045372784
43.743743896484	0.0017751367995515
43.843845367432	0.0017771666171029
43.943943023682	0.0017791942227632
44.044044494629	0.0017812195001170
44.144145965576	0.0017832424491644
44.244243621826	0.0017852630699053
44.344345092773	0.0017872814787552
44.444442749023	0.0017892975592986
44.544544219971	0.0017913114279509
44.644645690918	0.0017933230847120
44.744743347168	0.0017953322967514
44.844844818115	0.0017973394133151
44.944946289062	0.0017993443179876
45.045043945312	0.0018013468943536
45.145145416260	0.0018033472588286
45.245246887207	0.0018053454114124
45.345344543457	0.0018073413521051
45.445446014404	0.0018093351973221
45.545543670654	0.0018113267142326
45.645645141602	0.0018133161356673
45.745746612549	0.0018153033452109
45.845844268799	0.0018172882264480
45.945945739746	0.0018192711286247
46.046047210693	0.0018212519353256
46.146144866943	0.0018232304137200
46.246246337891	0.0018252067966387
46.346347808838	0.0018271810840815
46.446445465088	0.0018291531596333
46.546546936035	0.0018311232561246
46.646648406982	0.0018330911407247
46.746746063232	0.0018350569298491
46.846847534180	0.0018370206234977
46.946945190430	0.0018389821052551
47.047046661377	0.0018409416079521
47.147148132324	0.0018428991315886
47.247245788574	0.0018448543269187
47.347347259521	0.0018468076596037
47.447448730469	0.0018487588968128
47.547546386719	0.0018507079221308
47.647647857666	0.0018526550848037
47.747749328613	0.0018546001520008
47.847846984863	0.0018565431237221
47.947948455811	0.0018584841163829
48.048049926758	0.0018604231299832
48.148147583008	0.0018623599316925
48.248249053955	0.0018642948707566
48.348346710205	0.0018662278307602
48.448448181152	0.0018681586952880
48.548549652100	0.0018700876971707
48.648647308350	0.0018720146035776
48.748748779297	0.0018739395309240
48.848850250244	0.0018758625956252
48.948947906494	0.0018777834484354
49.049049377441	0.0018797025550157
49.149150848389	0.0018816196825355
49.249248504639	0.0018835348309949
49.349349975586	0.0018854480003938
49.449447631836	0.0018873591907322
49.549549102783	0.0018892685184255
49.649650573730	0.0018911759834737
49.749748229980	0.0018930813530460
49.849849700928	0.0018949849763885
49.949951171875	0.0018968866206706
50.050048828125	0.0018987862858921
50.150150299072	0.0019006842048839
50.250251770020	0.0019025801448151
50.350349426270	0.0019044741056859
50.450450897217	0.0019063663203269
50.550552368164	0.0019082566723228
50.650650024414	0.0019101450452581
50.750751495361	0.0019120316719636
50.850849151611	0.0019139163196087
50.950950622559	0.0019157992210239
51.051052093506	0.0019176802597940
51.151149749756	0.0019195593195036
51.251251220703	0.0019214366329834
51.351352691650	0.0019233122002333
51.451450347900	0.0019251857884228
51.551551818848	0.0019270576303825
51.651653289795	0.0019289277261123
51.751750946045	0.0019307958427817
51.851852416992	0.0019326623296365
51.951950073242	0.0019345268374309
52.052051544189	0.0019363897154108
52.152153015137	0.0019382507307455
52.252250671387	0.0019401098834351
52.352352142334	0.0019419674063101
52.452453613281	0.0019438230665401
52.552551269531	0.0019456769805402
52.652652740479	0.0019475291483104
52.752754211426	0.0019493795698509
52.852851867676	0.0019512281287462
52.952953338623	0.0019530750578269
53.053054809570	0.0019549201242626
53.153152465820	0.0019567636772990
53.253253936768	0.0019586051348597
53.353351593018	0.0019604451954365
53.453453063965	0.0019622833933681
53.553554534912	0.0019641199614853
53.653652191162	0.0019659546669573
53.753753662109	0.0019677877426147
53.853855133057	0.0019696189556271
53.953952789307	0.0019714487716556
54.054054260254	0.0019732767250389
54.154155731201	0.0019751028157771
54.254253387451	0.0019769275095314
54.354354858398	0.0019787503406405
54.454456329346	0.0019805715419352
54.554553985596	0.0019823911134154
54.654655456543	0.0019842090550810
54.754753112793	0.0019860251341015
54.854854583740	0.0019878398161381
54.954956054688	0.0019896526355296
55.055053710938	0.0019914638251066
55.155155181885	0.0019932736176997
55.255256652832	0.0019950815476477
55.355354309082	0.0019968878477812
55.455455780029	0.0019986925181001
55.555557250977	0.0020004955586046
55.655654907227	0.0020022969692945
55.755756378174	0.0020040967501700
55.855854034424	0.0020058949012309
55.955955505371	0.0020076916553080
56.056056976318	0.0020094865467399
56.156154632568	0.0020112800411880
56.256256103516	0.0020130716729909
56.356357574463	0.0020148619078100
56.456455230713	0.0020166505128145
56.556556701660	0.0020184374880046
56.656658172607	0.0020202230662107
56.756755828857	0.0020220067817718
56.856857299805	0.0020237891003489
56.956958770752	0.0020255697891116
57.057056427002	0.0020273490808904
57.157157897949	0.0020291267428547
57.257255554199	0.0020309025421739
57.357357025146	0.0020326771773398
57.457458496094	0.0020344501826912
57.557556152344	0.0020362215582281
57.657657623291	0.0020379913039505
57.757759094238	0.0020397596526891
57.857856750488	0.0020415263716131
57.957958221436	0.0020432916935533
58.058059692383	0.0020450553856790
58.158157348633	0.0020468176808208
58.258258819580	0.0020485783461481
58.358356475830	0.0020503376144916
58.458457946777	0.0020520952530205
58.558559417725	0.0020538514945656
58.658657073975	0.0020556061062962
58.758758544922	0.0020573593210429
58.858860015869	0.0020591109059751
58.958957672119	0.0020608610939234
59.059059143066	0.0020626098848879
59.159160614014	0.0020643572788686
59.259258270264	0.0020661028102040
59.359359741211	0.0020678471773863
59.459461212158	0.0020695899147540
59.559558868408	0.0020713312551379
59.659660339355	0.0020730711985379
59.759757995605	0.0020748095121235
59.859859466553	0.0020765466615558
59.959960937500	0.0020782821811736
60.060058593750	0.0020800160709769
60.160160064697	0.0020817487966269
60.260261535645	0.0020834801252931
60.360359191895	0.0020852098241448
60.460460662842	0.0020869381260127
60.560562133789	0.0020886650308967
60.660659790039	0.0020903903059661
60.760761260986	0.0020921144168824
60.860862731934	0.0020938371308148
60.960960388184	0.0020955582149327
61.061061859131	0.0020972781348974
61.161159515381	0.0020989964250475
61.261260986328	0.0021007133182138
61.361362457275	0.0021024290472269
61.461460113525	0.0021041431464255
61.561561584473	0.0021058558486402
61.661663055420	0.0021075673867017
61.761760711670	0.0021092772949487
61.861862182617	0.0021109858062118
61.961963653564	0.0021126931533217
62.062061309814	0.0021143988706172
62.162162780762	0.0021161034237593
62.262260437012	0.0021178065799177
62.362361907959	0.0021195083390921
62.462463378906	0.0021212087012827
62.562561035156	0.0021229076664895
62.662662506104	0.0021246052347124
62.762763977051	0.0021263016387820
62.862861633301	0.0021279964130372
62.962963104248	0.0021296900231391
63.063064575195	0.0021313824690878
63.163162231445	0.0021330732852221
63.263263702393	0.0021347629372030
63.363365173340	0.0021364511922002
63.463462829590	0.0021381380502135
63.563564300537	0.0021398235112429
63.663661956787	0.0021415078081191
63.763763427734	0.0021431907080114
63.863864898682	0.0021448722109199
63.963962554932	0.0021465525496751
64.064064025879	0.0021482314914465
64.164161682129	0.0021499090362340
64.264266967773	0.0021515856496990
64.364364624023	0.0021532606333494
64.464462280273	0.0021549342200160
64.564567565918	0.0021566068753600
64.664665222168	0.0021582779008895
64.764762878418	0.0021599477622658
64.864868164062	0.0021616162266582
64.964965820312	0.0021632835268974
65.065063476562	0.0021649494301528
65.165168762207	0.0021666141692549
65.265266418457	0.0021682777442038
65.365364074707	0.0021699396893382
65.465461730957	0.0021716007031500
65.565567016602	0.0021732603199780
65.665664672852	0.0021749185398221
65.765762329102	0.0021765755955130
65.865867614746	0.0021782314870507
65.965965270996	0.0021798859816045
66.066062927246	0.0021815393120050
66.166168212891	0.0021831914782524
66.266265869141	0.0021848422475159
66.366363525391	0.0021864918526262
66.466468811035	0.0021881402935833
66.566566467285	0.0021897871047258
66.666664123535	0.0021914329845458
66.766769409180	0.0021930777002126
66.866867065430	0.0021947210188955
66.966964721680	0.0021963631734252
67.067070007324	0.0021980041638017
67.167167663574	0.0021996437571943
67.267265319824	0.0022012821864337
67.367370605469	0.0022029194515198
67.467468261719	0.0022045555524528
67.567565917969	0.0022061902564019
67.667671203613	0.0022078240290284
67.767768859863	0.0022094564046711
67.867866516113	0.0022110876161605
67.967964172363	0.0022127174306661
68.068069458008	0.0022143463138491
68.168167114258	0.0022159740328789
68.268264770508	0.0022176003549248
68.368370056152	0.0022192255128175
68.468467712402	0.0022208495065570
68.568565368652	0.0022224723361433
68.668670654297	0.0022240940015763
68.768768310547	0.0022257145028561
68.868865966797	0.0022273338399827
68.968971252441	0.0022289520129561
69.069068908691	0.0022305687889457
69.169166564941	0.0022321846336126
69.269271850586	0.0022337993141264
69.369369506836	0.0022354125976562
69.469467163086	0.0022370249498636
69.569572448730	0.0022386361379176
69.669670104980	0.0022402459289879
69.769767761230	0.0022418547887355
69.869873046875	0.0022434624843299
69.969970703125	0.0022450690157712
70.070068359375	0.0022466741502285
70.170173645020	0.0022482785861939
70.270271301270	0.0022498816251755
70.370368957520	0.0022514835000038
70.470474243164	0.0022530842106789
70.570571899414	0.0022546837572008
70.670669555664	0.0022562823724002
70.770767211914	0.0022578795906156
70.870872497559	0.0022594758775085
70.970970153809	0.0022610710002482
71.071067810059	0.0022626649588346
71.171173095703	0.0022642579860985
71.271270751953	0.0022658496163785
71.371368408203	0.0022674403153360
71.471473693848	0.0022690298501402
71.571571350098	0.0022706182207912
71.671669006348	0.0022722054272890
71.771774291992	0.0022737917024642
71.871871948242	0.0022753768134862
71.971969604492	0.0022769607603550
72.072074890137	0.0022785435430706
72.172172546387	0.0022801253944635
72.272270202637	0.0022817060817033
72.372375488281	0.0022832856047899
72.472473144531	0.0022848641965538
72.572570800781	0.0022864413913339
72.672676086426	0.0022880178876221
72.772773742676	0.0022895929869264
72.872871398926	0.0022911671549082
72.972976684570	0.0022927403915673
73.073074340820	0.0022943122312427
73.173171997070	0.0022958831395954
73.273269653320	0.0022974528837949
73.373374938965	0.0022990216966718
73.473472595215	0.0023005893453956
73.573570251465	0.0023021560627967
73.673675537109	0.0023037216160446
73.773773193359	0.0023052862379700
73.873870849609	0.0023068494629115
73.973976135254	0.0023084119893610
74.074073791504	0.0023099733516574
74.174171447754	0.0023115335498005
74.274276733398	0.0023130928166211
74.374374389648	0.0023146509192884
74.474472045898	0.0023162080906332
74.574577331543	0.0023177640978247
74.674674987793	0.0023193191736937
74.774772644043	0.0023208730854094
74.874877929688	0.0023224260658026
74.974975585938	0.0023239778820425
75.075073242188	0.0023255287669599
75.175178527832	0.0023270787205547
75.275276184082	0.0023286275099963
75.375373840332	0.0023301751352847
75.475479125977	0.0023317220620811
75.575576782227	0.0023332678247243
75.675674438477	0.0023348124232143
75.775772094727	0.0023363560903817
75.875877380371	0.0023378988262266
75.975975036621	0.0023394403979182
76.076072692871	0.0023409810382873
76.176177978516	0.0023425207473338
76.276275634766	0.0023440592922270
76.376373291016	0.0023455966729671
76.476478576660	0.0023471333552152
76.576576232910	0.0023486688733101
76.676673889160	0.0023502034600824
76.776779174805	0.0023517371155322
76.876876831055	0.0023532696068287
76.976974487305	0.0023548011668026
77.077079772949	0.0023563317954540
77.177177429199	0.0023578614927828
77.277275085449	0.0023593900259584
77.377380371094	0.0023609176278114
77.477478027344	0.0023624442983419
77.577575683594	0.0023639698047191
77.677680969238	0.0023654946126044
77.777778625488	0.0023670182563365
77.877876281738	0.0023685409687459
77.977981567383	0.0023700627498329
78.078079223633	0.0023715833667666
78.178176879883	0.0023731030523777
78.278274536133	0.0023746218066663
78.378379821777	0.0023761398624629
78.478477478027	0.0023776565212756
78.578575134277	0.0023791724815965
78.678680419922	0.0023806875105947
78.778778076172	0.0023822013754398
78.878875732422	0.0023837143089622
78.978981018066	0.0023852263111621
79.079078674316	0.0023867373820394
79.179176330566	0.0023882475215942
79.279281616211	0.0023897567298263
79.379379272461	0.0023912650067359
79.479476928711	0.0023927721194923
79.579582214355	0.0023942785337567
79.679679870605	0.0023957837838680
79.779777526855	0.0023972881026566
79.879882812500	0.0023987917229533
79.979980468750	0.0024002941790968
80.080078125000	0.0024017957039177
80.180183410645	0.0024032965302467
80.280281066895	0.0024047961924225
80.380378723145	0.0024062949232757
80.480484008789	0.0024077929556370
80.580581665039	0.0024092898238450
80.680679321289	0.0024107857607305
80.780776977539	0.0024122807662934
80.880882263184	0.0024137750733644
80.980979919434	0.0024152682162821
81.081077575684	0.0024167604278773
81.181182861328	0.0024182519409806
81.281280517578	0.0024197422899306
81.381378173828	0.0024212317075580
81.481483459473	0.0024227204266936
81.581581115723	0.0024242082145065
81.681678771973	0.0024256948381662
81.781784057617	0.0024271807633340
81.881881713867	0.0024286657571793
81.981979370117	0.0024301498197019
82.082084655762	0.0024316329509020
82.182182312012	0.0024331151507795
82.282279968262	0.0024345964193344
82.382385253906	0.0024360769893974
82.482482910156	0.0024375566281378
82.582580566406	0.0024390351027250
82.682685852051	0.0024405131116509
82.782783508301	0.0024419897235930
82.882881164551	0.0024434658698738
82.982986450195	0.0024449408520013
83.083084106445	0.0024464151356369
83.183181762695	0.0024478882551193
83.283287048340	0.0024493609089404
83.383384704590	0.0024508323986083
83.483482360840	0.0024523029569536
83.583580017090	0.0024537725839764
83.683685302734	0.0024552415125072
83.783782958984	0.0024567095097154
83.883880615234	0.0024581765756011
83.983985900879	0.0024596429429948
84.084083557129	0.0024611083790660
84.184181213379	0.0024625728838146
84.284286499023	0.0024640364572406
84.384384155273	0.0024654993321747
84.484481811523	0.0024669610429555
84.584587097168	0.0024684222880751
84.684684753418	0.0024698823690414
84.784782409668	0.0024713417515159
84.884887695312	0.0024728002026677
84.984985351562	0.0024742577224970
85.085083007812	0.0024757145438343
85.185188293457	0.0024771704338491
85.285285949707	0.0024786253925413
85.385383605957	0.0024800794199109
85.485488891602	0.0024815329816192
85.585586547852	0.0024829853791744
85.685684204102	0.0024844368454069
85.785789489746	0.0024858878459781
85.885887145996	0.0024873376823962
85.985984802246	0.0024887865874916
86.086082458496	0.0024902347940952
86.186187744141	0.0024916823022068
86.286285400391	0.0024931288789958
86.386383056641	0.0024945745244622
86.486488342285	0.0024960194714367
86.586585998535	0.0024974634870887
86.686683654785	0.0024989065714180
86.786788940430	0.0025003491900861
86.886886596680	0.0025017906446010
86.986984252930	0.0025032311677933
87.087089538574	0.0025046712253243
87.187187194824	0.0025061103515327
87.287284851074	0.0025075485464185
87.387390136719	0.0025089858099818
87.487487792969	0.0025104223750532
87.587585449219	0.0025118582416326
87.687690734863	0.0025132931768894
87.787788391113	0.0025147271808237
87.887886047363	0.0025161604862660
87.987991333008	0.0025175930932164
88.088088989258	0.0025190247688442
88.188186645508	0.0025204555131495
88.288291931152	0.0025218857917935
88.388389587402	0.0025233149062842
88.488487243652	0.0025247433222830
88.588584899902	0.0025261708069593
88.688690185547	0.0025275978259742
88.788787841797	0.0025290236808360
88.888885498047	0.0025304488372058
88.988990783691	0.0025318732950836
89.089088439941	0.0025332968216389
89.189186096191	0.0025347196497023
89.289291381836	0.0025361417792737
89.389389038086	0.0025375629775226
89.489486694336	0.0025389832444489
89.589591979980	0.0025404030457139
89.689689636230	0.0025418216828257
89.789787292480	0.0025432398542762
89.889892578125	0.0025446570944041
89.989990234375	0.0025460736360401
90.090087890625	0.0025474892463535
90.190193176270	0.0025489041581750
90.290290832520	0.0025503181386739
90.390388488770	0.0025517314206809
90.490493774414	0.0025531440041959
90.590591430664	0.0025545556563884
90.690689086914	0.0025559666100889
90.790794372559	0.0025573768652976
90.890892028809	0.0025587864220142
90.990989685059	0.0025601948145777
91.091087341309	0.0025616027414799
91.191192626953	0.0025630099698901
91.291290283203	0.0025644162669778
91.391387939453	0.0025658216327429
91.491493225098	0.0025672265328467
91.591590881348	0.0025686305016279
91.691688537598	0.0025700337719172
91.791793823242	0.0025714363437146
91.891891479492	0.0025728379841894
91.991989135742	0.0025742389261723
92.092094421387	0.0025756391696632
92.192192077637	0.0025770384818316
92.292289733887	0.0025784370955080
92.392395019531	0.0025798350106925
92.492492675781	0.0025812322273850
92.592590332031	0.0025826285127550
92.692695617676	0.0025840243324637
92.792793273926	0.0025854192208499
92.892890930176	0.0025868131779134
92.992996215820	0.0025882066693157
93.093093872070	0.0025895992293954
93.193191528320	0.0025909910909832
93.293296813965	0.0025923822540790
93.393394470215	0.0025937727186829
93.493492126465	0.0025951622519642
93.593589782715	0.0025965513195843
93.693695068359	0.0025979394558817
93.793792724609	0.0025993268936872
93.893890380859	0.0026007134001702
93.993995666504	0.0026020994409919
94.094093322754	0.0026034845504910
94.194190979004	0.0026048689614981
94.294296264648	0.0026062529068440
94.394393920898	0.0026076359208673
94.494491577148	0.0026090180035681
94.594596862793	0.0026103996206075
94.694694519043	0.0026117805391550
94.794792175293	0.0026131605263799
94.894897460938	0.0026145398151129
94.994995117188	0.0026159184053540
95.095092773438	0.0026172962971032
95.195198059082	0.0026186734903604
95.295295715332	0.0026200499851257
95.395393371582	0.0026214255485684
95.495498657227	0.0026228006463498
95.595596313477	0.0026241750456393
95.695693969727	0.0026255485136062
95.795799255371	0.0026269212830812
95.895896911621	0.0026282933540642
95.995994567871	0.0026296647265553
96.096099853516	0.0026310356333852
96.196197509766	0.0026324056088924
96.296295166016	0.0026337746530771
96.396392822266	0.0026351432316005
96.496498107910	0.0026365111116320
96.596595764160	0.0026378782931715
96.696693420410	0.0026392445433885
96.796798706055	0.0026406103279442
96.896896362305	0.0026419754140079
96.996994018555	0.0026433398015797
97.097099304199	0.0026447032578290
97.197196960449	0.0026460662484169
97.297294616699	0.0026474283076823
97.397399902344	0.0026487899012864
97.497497558594	0.0026501507963985
97.597595214844	0.0026515107601881
97.697700500488	0.0026528702583164
97.797798156738	0.0026542288251221
97.897895812988	0.0026555869262666
97.998001098633	0.0026569443289191
98.098098754883	0.0026583008002490
98.198196411133	0.0026596568059176
98.298301696777	0.0026610121130943
98.398399353027	0.0026623664889485
98.498497009277	0.0026637203991413
98.598602294922	0.0026650736108422
98.698699951172	0.0026664261240512
98.798797607422	0.0026677779387683
98.898895263672	0.0026691290549934
98.999000549316	0.0026704794727266
99.099098205566	0.0026718291919678
99.199195861816	0.0026731782127172
99.299301147461	0.0026745267678052
99.399398803711	0.0026758743915707
99.499496459961	0.0026772213168442
99.599601745605	0.0026785677764565
99.699699401855	0.0026799133047462
99.799797058105	0.0026812583673745
99.899902343750	0.0026826027315110
100.00000000000	0.0026839463971555
#
#"Secondary Electron Energy @ Incident Angle 0° / eV"	"Total [Real]"
#-------------------------------------------------------------------
0.0000000000000	0.0000000000000
0.10010010004044	0.012035878375173
0.20020020008087	0.029883399605751
0.30030030012131	0.049697611480951
0.40040040016174	0.069803319871426
0.50050050020218	0.089292027056217
0.60060060024261	0.10764206200838
0.70070070028305	0.12455928325653
0.80080080032349	0.13989354670048
0.90090090036392	0.15358904004097
1.0010010004044	0.16565264761448
1.1011011600494	0.17613269388676
1.2012012004852	0.18510439991951
1.3013013601303	0.19265951216221
1.4014014005661	0.19889907538891
1.5015015602112	0.20392827689648
1.6016016006470	0.20785263180733
1.7017017602921	0.21077558398247
1.8018018007278	0.21279665827751
1.9019019603729	0.21401034295559
2.0020020008087	0.21450534462929
2.1021020412445	0.21436421573162
2.2022023200989	0.21366326510906
2.3023023605347	0.21247248351574
2.4024024009705	0.21085578203201
2.5025024414062	0.20887120068073
2.6026027202606	0.20657125115395
2.7027027606964	0.20400319993496
2.8028028011322	0.20120944082737
2.9029028415680	0.19822786748409
3.0030031204224	0.19509218633175
3.1031031608582	0.19183236360550
3.2032032012939	0.18847481906414
3.3033032417297	0.18504293262959
3.4034035205841	0.18155713379383
3.5035035610199	0.17803539335728
3.6036036014557	0.17449325323105
3.7037036418915	0.17094427347183
3.8038039207458	0.16740018129349
3.9039039611816	0.16387102007866
4.0040040016174	0.16036540269852
4.1041040420532	0.15689063072205
4.2042040824890	0.15345290303230
4.3043041229248	0.15005737543106
4.4044046401978	0.14670832455158
4.5045046806335	0.14340931177139
4.6046047210693	0.14016315340996
4.7047047615051	0.13697212934494
4.8048048019409	0.13383795320988
4.9049048423767	0.13076196610928
5.0050048828125	0.12774509191513
5.1051049232483	0.12478792667389
5.2052054405212	0.12189077585936
5.3053054809570	0.11905375123024
5.4054055213928	0.11627673357725
5.5055055618286	0.11355941742659
5.6056056022644	0.11090138554573
5.7057056427002	0.10830209404230
5.8058056831360	0.10576087236404
5.9059057235718	0.10327701270580
6.0060062408447	0.10084971040487
6.1061062812805	0.098478130996227
6.2062063217163	0.096161380410194
6.3063063621521	0.093898557126522
6.4064064025879	0.091688714921474
6.5065064430237	0.089530900120735
6.6066064834595	0.087424136698246
6.7067065238953	0.085367470979691
6.8068070411682	0.083359912037849
6.9069070816040	0.081400521099567
7.0070071220398	0.079488314688206
7.1071071624756	0.077622339129448
7.2072072029114	0.075801648199558
7.3073072433472	0.074025288224220
7.4074072837830	0.072292350232601
7.5075073242188	0.070601910352707
7.6076078414917	0.068953059613705
7.7077078819275	0.067344918847084
7.8078079223633	0.065776601433754
7.9079079627991	0.064247243106365
8.0080080032349	0.062755994498730
8.1081085205078	0.061302021145821
8.2082080841064	0.059884503483772
8.3083086013794	0.058502614498138
8.4084081649780	0.057155579328537
8.5085086822510	0.055842593312263
8.6086082458496	0.054562903940678
8.7087087631226	0.053315728902817
8.8088092803955	0.052100338041782
8.9089088439941	0.050916004925966
9.0090093612671	0.049761991947889
9.1091089248657	0.048637606203556
9.2092094421387	0.047542139887810
9.3093090057373	0.046474914997816
9.4094095230103	0.045435246080160
9.5095090866089	0.044422499835491
9.6096096038818	0.043435994535685
9.7097101211548	0.042475104331970
9.8098096847534	0.041539222002029
9.9099102020264	0.040627703070641
10.010009765625	0.039739962667227
10.110110282898	0.038875397294760
10.210209846497	0.038033436983824
10.310310363770	0.037213493138552
10.410410881042	0.036415021866560
10.510510444641	0.035637475550175
10.610610961914	0.034880302846432
10.710710525513	0.034142989665270
10.810811042786	0.033425007015467
10.910910606384	0.032725859433413
11.011011123657	0.032045040279627
11.111110687256	0.031382076442242
11.211211204529	0.030736483633518
11.311311721802	0.030107798054814
11.411411285400	0.029495572671294
11.511511802673	0.028899352997541
11.611611366272	0.028318714350462
11.711711883545	0.027753217145801
11.811811447144	0.027202464640141
11.911911964417	0.026666035875678
12.012012481689	0.026143543422222
12.112112045288	0.025634601712227
12.212212562561	0.025138825178146
12.312312126160	0.024655856192112
12.412412643433	0.024185325950384
12.512512207031	0.023726893588901
12.612612724304	0.023280208930373
12.712712287903	0.022844947874546
12.812812805176	0.022420778870583
12.912913322449	0.022007388994098
13.013012886047	0.021604476496577
13.113113403320	0.021211730316281
13.213212966919	0.020828871056437
13.313313484192	0.020455606281757
13.413413047791	0.020091667771339
13.513513565063	0.019736777991056
13.613614082336	0.019390683621168
13.713713645935	0.019053131341934
13.813814163208	0.018723867833614
13.913913726807	0.018402658402920
14.014014244080	0.018089268356562
14.114113807678	0.017783474177122
14.214214324951	0.017485052347183
14.314313888550	0.017193792387843
14.414414405823	0.016909483820200
14.514514923096	0.016631927341223
14.614614486694	0.016360931098461
14.714715003967	0.016096297651529
14.814814567566	0.015837853774428
14.914915084839	0.015585411339998
15.015014648438	0.015338802710176
15.115115165710	0.015097856521606
15.215215682983	0.014862413518131
15.315315246582	0.014632316306233
15.415415763855	0.014407409355044
15.515515327454	0.014187545515597
15.615615844727	0.013972579501569
15.715715408325	0.013762376271188
15.815815925598	0.013556795194745
15.915915489197	0.013355710543692
16.016016006470	0.013158992864192
16.116115570068	0.012966521084309
16.216217041016	0.012778171338141
16.316316604614	0.012593835592270
16.416416168213	0.012413399294019
16.516515731812	0.012236754409969
16.616617202759	0.012063792906702
16.716716766357	0.011894418857992
16.816816329956	0.011728531681001
16.916917800903	0.011566033586860
17.017017364502	0.011406838893890
17.117116928101	0.011250855401158
17.217216491699	0.011097994633019
17.317317962646	0.010948172770441
17.417417526245	0.010801312513649
17.517517089844	0.010657334700227
17.617618560791	0.010516159236431
17.717718124390	0.010377719998360
17.817817687988	0.010241940617561
17.917917251587	0.010108754038811
18.018018722534	0.0099780904129148
18.118118286133	0.0098498892039061
18.218217849731	0.0097240870818496
18.318317413330	0.0096006225794554
18.418418884277	0.0094794342294335
18.518518447876	0.0093604717403650
18.618618011475	0.0092436755076051
18.718719482422	0.0091289905831218
18.818819046021	0.0090163704007864
18.918918609619	0.0089057628065348
19.019018173218	0.0087971184402704
19.119119644165	0.0086903888732195
19.219219207764	0.0085855321958661
19.319318771362	0.0084825027734041
19.419420242310	0.0083812559023499
19.519519805908	0.0082817533984780
19.619619369507	0.0081839533522725
19.719718933105	0.0080878166481853
19.819820404053	0.0079933051019907
19.919919967651	0.0079003842547536
20.020019531250	0.0078090159222484
20.120121002197	0.0077191661112010
20.220220565796	0.0076308036223054
20.320320129395	0.0075438944622874
20.420419692993	0.0074584069661796
20.520521163940	0.0073743090033531
20.620620727539	0.0072915740311146
20.720720291138	0.0072101727128029
20.820821762085	0.0071300733834505
20.920921325684	0.0070512536913157
21.021020889282	0.0069736856967211
21.121120452881	0.0068973423913121
21.221221923828	0.0068221990950406
21.321321487427	0.0067482334561646
21.421421051025	0.0066754203289747
21.521520614624	0.0066037373617291
21.621622085571	0.0065331617370248
21.721721649170	0.0064636725001037
21.821821212769	0.0063952491618693
21.921922683716	0.0063278689049184
22.022022247314	0.0062615144997835
22.122121810913	0.0061961663886905
22.222221374512	0.0061318040825427
22.322322845459	0.0060684084892273
22.422422409058	0.0060059642419219
22.522521972656	0.0059444536454976
22.622623443604	0.0058838576078415
22.722723007202	0.0058241616934538
22.822822570801	0.0057653486728668
22.922922134399	0.0057074036449194
23.023023605347	0.0056503098458052
23.123123168945	0.0055940537713468
23.223222732544	0.0055386209860444
23.323324203491	0.0054839947260916
23.423423767090	0.0054301647469401
23.523523330688	0.0053771156817675
23.623622894287	0.0053248349577188
23.723724365234	0.0052733076736331
23.823823928833	0.0052225235849619
23.923923492432	0.0051724701188505
24.024024963379	0.0051231337711215
24.124124526978	0.0050745042972267
24.224224090576	0.0050265695899725
24.324323654175	0.0049793189391494
24.424425125122	0.0049327393062413
24.524524688721	0.0048868232406676
24.624624252319	0.0048415581695735
24.724723815918	0.0047969343140721
24.824825286865	0.0047529414296150
24.924924850464	0.0047095697373152
25.025024414062	0.0046668108552694
25.125125885010	0.0046246526762843
25.225225448608	0.0045830886811018
25.325325012207	0.0045421090908349
25.425424575806	0.0045017045922577
25.525526046753	0.0044618658721447
25.625625610352	0.0044225859455764
25.725725173950	0.0043838559649885
25.825826644897	0.0043456670828164
25.925926208496	0.0043080127798021
26.026025772095	0.0042708837427199
26.126125335693	0.0042342734523118
26.226226806641	0.0041981730610132
26.326326370239	0.0041625765152276
26.426425933838	0.0041274763643742
26.526527404785	0.0040928637608886
26.626626968384	0.0040587345138192
26.726726531982	0.0040250797756016
26.826826095581	0.0039918939583004
26.926927566528	0.0039591691456735
27.027027130127	0.0039269002154469
27.127126693726	0.0038950801827013
27.227228164673	0.0038637027610093
27.327327728271	0.0038327621296048
27.427427291870	0.0038022520020604
27.527526855469	0.0037721667904407
27.627628326416	0.0037424997426569
27.727727890015	0.0037132462020963
27.827827453613	0.0036844001151621
27.927927017212	0.0036559558939189
28.028028488159	0.0036279079504311
28.128128051758	0.0036002513952553
28.228227615356	0.0035729804076254
28.328329086304	0.0035460903309286
28.428428649902	0.0035195755772293
28.528528213501	0.0034934321884066
28.628627777100	0.0034676538780332
28.728729248047	0.0034422362223268
28.828828811646	0.0034171752631664
28.928928375244	0.0033924654126167
29.029029846191	0.0033681017812341
29.129129409790	0.0033440808765590
29.229228973389	0.0033203978091478
29.329328536987	0.0032970479223877
29.429430007935	0.0032740267924964
29.529529571533	0.0032513304613531
29.629629135132	0.0032289549708366
29.729730606079	0.0032068951986730
29.829830169678	0.0031851481180638
29.929929733276	0.0031637093052268
30.030029296875	0.0031425745692104
30.130130767822	0.0031217401847243
30.230230331421	0.0031012021936476
30.330329895020	0.0030809573363513
30.430431365967	0.0030610009562224
30.530530929565	0.0030413302592933
30.630630493164	0.0030219410546124
30.730730056763	0.0030028300825506
30.830831527710	0.0029839933849871
30.930931091309	0.0029654279351234
31.031030654907	0.0029471302405000
31.131130218506	0.0029290970414877
31.231231689453	0.0029113241471350
31.331331253052	0.0028938092291355
31.431430816650	0.0028765485621989
31.531532287598	0.0028595391195267
31.631631851196	0.0028427778743207
31.731731414795	0.0028262615669519
31.831830978394	0.0028099869377911
31.931932449341	0.0027939511928707
32.032032012939	0.0027781515382230
32.132133483887	0.0027625844813883
32.232231140137	0.0027472476940602
32.332332611084	0.0027321376837790
32.432434082031	0.0027172518894076
32.532531738281	0.0027025882154703
32.632633209229	0.0026881427038461
32.732730865479	0.0026739137247205
32.832832336426	0.0026598975528032
32.932933807373	0.0026460920926183
33.033031463623	0.0026324950158596
33.133132934570	0.0026191030628979
33.233234405518	0.0026059141382575
33.333332061768	0.0025929259136319
33.433433532715	0.0025801353622228
33.533535003662	0.0025675401557237
33.633632659912	0.0025551384314895
33.733734130859	0.0025429269298911
33.833835601807	0.0025309037882835
33.933933258057	0.0025190669111907
34.034034729004	0.0025074132718146
34.134132385254	0.0024959417060018
34.234233856201	0.0024846484884620
34.334335327148	0.0024735324550420
34.434432983398	0.0024625915102661
34.534534454346	0.0024518226273358
34.634635925293	0.0024412241764367
34.734733581543	0.0024307945277542
34.834835052490	0.0024205306544900
34.934936523438	0.0024104309268296
35.035034179688	0.0024004937149584
35.135135650635	0.0023907162249088
35.235237121582	0.0023810970596969
35.335334777832	0.0023716343566775
35.435436248779	0.0023623253218830
35.535533905029	0.0023531692568213
35.635635375977	0.0023441631346941
35.735736846924	0.0023353057913482
35.835834503174	0.0023265951313078
35.935935974121	0.0023180292919278
36.036037445068	0.0023096066433936
36.136135101318	0.0023013255558908
36.236236572266	0.0022931834682822
36.336338043213	0.0022851794492453
36.436435699463	0.0022773118689656
36.536537170410	0.0022695781663060
36.636634826660	0.0022619776427746
36.736736297607	0.0022545079700649
36.836837768555	0.0022471675183624
36.936935424805	0.0022399551235139
37.037036895752	0.0022328686900437
37.137138366699	0.0022259070537984
37.237236022949	0.0022190685849637
37.337337493896	0.0022123514208943
37.437438964844	0.0022057541646063
37.537536621094	0.0021992758847773
37.637638092041	0.0021929140202701
37.737739562988	0.0021866678725928
37.837837219238	0.0021805360447615
37.937938690186	0.0021745164413005
38.038036346436	0.0021686083637178
38.138137817383	0.0021628099493682
38.238239288330	0.0021571195684373
38.338336944580	0.0021515367552638
38.438438415527	0.0021460591815412
38.538539886475	0.0021406859159470
38.638637542725	0.0021354160271585
38.738739013672	0.0021302476525307
38.838840484619	0.0021251796279103
38.938938140869	0.0021202107891440
39.039039611816	0.0021153395064175
39.139137268066	0.0021105650812387
39.239238739014	0.0021058856509626
39.339340209961	0.0021013005170971
39.439437866211	0.0020968085154891
39.539539337158	0.0020924077834934
39.639640808105	0.0020880978554487
39.739738464355	0.0020838771015406
39.839839935303	0.0020797445904464
39.939941406250	0.0020756993908435
40.040039062500	0.0020717398729175
40.140140533447	0.0020678651053458
40.240242004395	0.0020640739239752
40.340339660645	0.0020603658631444
40.440441131592	0.0020567388273776
40.540538787842	0.0020531925838441
40.640640258789	0.0020497255027294
40.740741729736	0.0020463368855417
40.840839385986	0.0020430258009583
40.940940856934	0.0020397906191647
41.041042327881	0.0020366308744997
41.141139984131	0.0020335458684713
41.241241455078	0.0020305337384343
41.341342926025	0.0020275940187275
41.441440582275	0.0020247260108590
41.541542053223	0.0020219280850142
41.641643524170	0.0020191997755319
41.741741180420	0.0020165399182588
41.841842651367	0.0020139480475336
41.941940307617	0.0020114227663726
42.042041778564	0.0020089633762836
42.142143249512	0.0020065687131137
42.242240905762	0.0020042385440320
42.342342376709	0.0020019714720547
42.442443847656	0.0019997665658593
42.542541503906	0.0019976233597845
42.642642974854	0.0019955409225076
42.742744445801	0.0019935180898756
42.842842102051	0.0019915546290576
42.942943572998	0.0019896491430700
43.043041229248	0.0019878013990819
43.143142700195	0.0019860100001097
43.243244171143	0.0019842747133225
43.343341827393	0.0019825943745673
43.443443298340	0.0019809685181826
43.543544769287	0.0019793962128460
43.643642425537	0.0019778767600656
43.743743896484	0.0019764092285186
43.843845367432	0.0019749931525439
43.943943023682	0.0019736280664802
44.044044494629	0.0019723125733435
44.144145965576	0.0019710464403033
44.244243621826	0.0019698287360370
44.344345092773	0.0019686592277139
44.444442749023	0.0019675367511809
44.544544219971	0.0019664608407766
44.644645690918	0.0019654307980090
44.744743347168	0.0019644459243864
44.844844818115	0.0019635057542473
44.944946289062	0.0019626093562692
45.045043945312	0.0019617564976215
45.145145416260	0.0019609460141510
45.245246887207	0.0019601776730269
45.345344543457	0.0019594510085881
45.445446014404	0.0019587653223425
45.545543670654	0.0019581196829677
45.645645141602	0.0019575136248022
45.745746612549	0.0019569469150156
45.845844268799	0.0019564186222851
45.945945739746	0.0019559282809496
46.046047210693	0.0019554754253477
46.146144866943	0.0019550593569875
46.246246337891	0.0019546796102077
46.346347808838	0.0019543357193470
46.446445465088	0.0019540269859135
46.546546936035	0.0019537531770766
46.646648406982	0.0019535133615136
46.746746063232	0.0019533075392246
46.846847534180	0.0019531347788870
46.946945190430	0.0019529944984242
47.047046661377	0.0019528865814209
47.147148132324	0.0019528104458004
47.247245788574	0.0019527653930709
47.347347259521	0.0019527513068169
47.447448730469	0.0019527673721313
47.547546386719	0.0019528132397681
47.647647857666	0.0019528885604814
47.747749328613	0.0019529927521944
47.847846984863	0.0019531254656613
47.947948455811	0.0019532861188054
48.048049926758	0.0019534744787961
48.148147583008	0.0019536900799721
48.248249053955	0.0019539322238415
48.348346710205	0.0019542009104043
48.448448181152	0.0019544954411685
48.548549652100	0.0019548153504729
48.648647308350	0.0019551606383175
48.748748779297	0.0019555303733796
48.848850250244	0.0019559245556593
48.948947906494	0.0019563424866647
49.049049377441	0.0019567841663957
49.149150848389	0.0019572488963604
49.249248504639	0.0019577366765589
49.349349975586	0.0019582465756685
49.449447631836	0.0019587788265198
49.549549102783	0.0019593324977905
49.649650573730	0.0019599078223109
49.749748229980	0.0019605038687587
49.849849700928	0.0019611208699644
49.949951171875	0.0019617581274360
50.050048828125	0.0019624151755124
50.150150299072	0.0019630922470242
50.250251770020	0.0019637884106487
50.350349426270	0.0019645034335554
50.450450897217	0.0019652375485748
50.550552368164	0.0019659898243845
50.650650024414	0.0019667602609843
50.750751495361	0.0019675483927131
50.850849151611	0.0019683539867401
50.950950622559	0.0019691768102348
51.051052093506	0.0019700166303664
51.151149749756	0.0019708727486432
51.251251220703	0.0019717453978956
51.351352691650	0.0019726341124624
51.451450347900	0.0019735384266824
51.551551818848	0.0019744583405554
51.651653289795	0.0019753933884203
51.751750946045	0.0019763433374465
51.851852416992	0.0019773081876338
51.951950073242	0.0019782872404903
52.052051544189	0.0019792807288468
52.152153015137	0.0019802879542112
52.252250671387	0.0019813086837530
52.352352142334	0.0019823431503028
52.452453613281	0.0019833906553686
52.552551269531	0.0019844511989504
52.652652740479	0.0019855243153870
52.752754211426	0.0019866100046784
52.852851867676	0.0019877080339938
52.952953338623	0.0019888179376721
53.053054809570	0.0019899397157133
53.153152465820	0.0019910733681172
53.253253936768	0.0019922179635614
53.353351593018	0.0019933739677072
53.453453063965	0.0019945409148932
53.553554534912	0.0019957185722888
53.653652191162	0.0019969069398940
53.753753662109	0.0019981055520475
53.853855133057	0.0019993141759187
53.953952789307	0.0020005330443382
54.054054260254	0.0020017614588141
54.154155731201	0.0020029994193465
54.254253387451	0.0020042471587658
54.354354858398	0.0020055037457496
54.454456329346	0.0020067694131285
54.554553985596	0.0020080441609025
54.654655456543	0.0020093275234103
54.754753112793	0.0020106192678213
54.854854583740	0.0020119196269661
54.954956054688	0.0020132279023528
55.055053710938	0.0020145443268120
55.155155181885	0.0020158686675131
55.255256652832	0.0020172006916255
55.355354309082	0.0020185401663184
55.455455780029	0.0020198868587613
55.555557250977	0.0020212410017848
55.655654907227	0.0020226021297276
55.755756378174	0.0020239702425897
55.855854034424	0.0020253453403711
55.955955505371	0.0020267269574106
56.056056976318	0.0020281150937080
56.156154632568	0.0020295095164329
56.256256103516	0.0020309102255851
56.356357574463	0.0020323169883341
56.456455230713	0.0020337298046798
56.556556701660	0.0020351484417915
56.656658172607	0.0020365728996694
56.756755828857	0.0020380024798214
56.856857299805	0.0020394381135702
56.956958770752	0.0020408786367625
57.057056427002	0.0020423247478902
57.157157897949	0.0020437759812921
57.257255554199	0.0020452316384763
57.357357025146	0.0020466926507652
57.457458496094	0.0020481585524976
57.557556152344	0.0020496288780123
57.657657623291	0.0020511036273092
57.757759094238	0.0020525828003883
57.857856750488	0.0020540663972497
57.957958221436	0.0020555544178933
58.058059692383	0.0020570463966578
58.158157348633	0.0020585423335433
58.258258819580	0.0020600422285497
58.358356475830	0.0020615460816771
58.458457946777	0.0020630536600947
58.558559417725	0.0020645647309721
58.658657073975	0.0020660795271397
58.758758544922	0.0020675975829363
58.858860015869	0.0020691191311926
58.958957672119	0.0020706439390779
59.059059143066	0.0020721720065922
59.159160614014	0.0020737033337355
59.259258270264	0.0020752372220159
59.359359741211	0.0020767743699253
59.459461212158	0.0020783143118024
59.559558868408	0.0020798570476472
59.659660339355	0.0020814025774598
59.759757995605	0.0020829504355788
59.859859466553	0.0020845013204962
59.959960937500	0.0020860545337200
60.060058593750	0.0020876098424196
60.160160064697	0.0020891679450870
60.260261535645	0.0020907283760607
60.360359191895	0.0020922906696796
60.460460662842	0.0020938552916050
60.560562133789	0.0020954217761755
60.660659790039	0.0020969903562218
60.760761260986	0.0020985610317439
60.860862731934	0.0021001335699111
60.960960388184	0.0021017077378929
61.061061859131	0.0021032837685198
61.161159515381	0.0021048614289612
61.261260986328	0.0021064409520477
61.361362457275	0.0021080221049488
61.461460113525	0.0021096044220030
61.561561584473	0.0021111883688718
61.661663055420	0.0021127739455551
61.761760711670	0.0021143606863916
61.861862182617	0.0021159485913813
61.961963653564	0.0021175381261855
62.062061309814	0.0021191285923123
62.162162780762	0.0021207204554230
62.262260437012	0.0021223134826869
62.362361907959	0.0021239074412733
62.462463378906	0.0021255023311824
62.562561035156	0.0021270983852446
62.662662506104	0.0021286951377988
62.762763977051	0.0021302930545062
62.862861633301	0.0021318916697055
62.962963104248	0.0021334912162274
63.063064575195	0.0021350914612412
63.163162231445	0.0021366924047470
63.263263702393	0.0021382942795753
63.363365173340	0.0021398966200650
63.463462829590	0.0021414994262159
63.563564300537	0.0021431029308587
63.663661956787	0.0021447069011629
63.763763427734	0.0021463115699589
63.863864898682	0.0021479164715856
63.963962554932	0.0021495218388736
64.064064025879	0.0021511276718229
64.164161682129	0.0021527337376028
64.264266967773	0.0021543405018747
64.364364624023	0.0021559474989772
64.464462280273	0.0021575542632490
64.564567565918	0.0021591619588435
64.664665222168	0.0021607694216073
64.764762878418	0.0021623771172017
64.864868164062	0.0021639850456268
64.964965820312	0.0021655929740518
65.065063476562	0.0021672011353076
65.165168762207	0.0021688092965633
65.265266418457	0.0021704176906496
65.365364074707	0.0021720256190747
65.465461730957	0.0021736340131611
65.565567016602	0.0021752424072474
65.665664672852	0.0021768503356725
65.765762329102	0.0021784584969282
65.865867614746	0.0021800664253533
65.965965270996	0.0021816743537784
66.066062927246	0.0021832820493728
66.166168212891	0.0021848897449672
66.266265869141	0.0021864969749004
66.366363525391	0.0021881042048335
66.466468811035	0.0021897114347667
66.566566467285	0.0021913177333772
66.666664123535	0.0021929242648184
66.766769409180	0.0021945305634290
66.866867065430	0.0021961361635476
66.966964721680	0.0021977417636663
67.067070007324	0.0021993468981236
67.167167663574	0.0022009517997503
67.267265319824	0.0022025560028851
67.367370605469	0.0022041602060199
67.467468261719	0.0022057639434934
67.567565917969	0.0022073669824749
67.667671203613	0.0022089697886258
67.767768859863	0.0022105721291155
67.867866516113	0.0022121740039438
67.967964172363	0.0022137751802802
68.068069458008	0.0022153761237860
68.168167114258	0.0022169768344611
68.268264770508	0.0022185766138136
68.368370056152	0.0022201756946743
68.468467712402	0.0022217745427042
68.568565368652	0.0022233726922423
68.668670654297	0.0022249703761190
68.768768310547	0.0022265673615038
68.868865966797	0.0022281638812274
68.968971252441	0.0022297599352896
69.069068908691	0.0022313550580293
69.169166564941	0.0022329497151077
69.269271850586	0.0022345436736941
69.369369506836	0.0022361369337887
69.469467163086	0.0022377297282219
69.569572448730	0.0022393218241632
69.669670104980	0.0022409129887819
69.769767761230	0.0022425036877394
69.869873046875	0.0022440936882049
69.969970703125	0.0022456829901785
70.070068359375	0.0022472713608295
70.170173645020	0.0022488594986498
70.270271301270	0.0022504464723170
70.370368957520	0.0022520327474922
70.470474243164	0.0022536183241755
70.570571899414	0.0022552032023668
70.670669555664	0.0022567873820662
70.770767211914	0.0022583706304431
70.870872497559	0.0022599534131587
70.970970153809	0.0022615352645516
71.071067810059	0.0022631161846220
71.171173095703	0.0022646966390312
71.271270751953	0.0022662759292871
71.371368408203	0.0022678547538817
71.471473693848	0.0022694326471537
71.571571350098	0.0022710098419338
71.671669006348	0.0022725858725607
71.771774291992	0.0022741614375263
71.871871948242	0.0022757360711694
71.971969604492	0.0022773097734898
72.072074890137	0.0022788827773184
72.172172546387	0.0022804548498243
72.272270202637	0.0022820262238383
72.372375488281	0.0022835966665298
72.472473144531	0.0022851661778986
72.572570800781	0.0022867347579449
72.672676086426	0.0022883028723300
72.772773742676	0.0022898698225617
72.872871398926	0.0022914358414710
72.972976684570	0.0022930013947189
73.073074340820	0.0022945657838136
73.173171997070	0.0022961292415857
73.273269653320	0.0022976917680353
73.373374938965	0.0022992535959929
73.473472595215	0.0023008144926280
73.573570251465	0.0023023746907711
73.673675537109	0.0023039337247610
73.773773193359	0.0023054920602590
73.873870849609	0.0023070492316037
73.973976135254	0.0023086059372872
74.074073791504	0.0023101614788175
74.174171447754	0.0023117160890251
74.274276733398	0.0023132700007409
74.374374389648	0.0023148227483034
74.474472045898	0.0023163747973740
74.574577331543	0.0023179259151220
74.674674987793	0.0023194761015475
74.774772644043	0.0023210253566504
74.874877929688	0.0023225736804307
74.974975585938	0.0023241210728884
75.075073242188	0.0023256675340235
75.175178527832	0.0023272132966667
75.275276184082	0.0023287581279874
75.375373840332	0.0023303015623242
75.475479125977	0.0023318447638303
75.575576782227	0.0023333868011832
75.675674438477	0.0023349276743829
75.775772094727	0.0023364678490907
75.875877380371	0.0023380070924759
75.975975036621	0.0023395451717079
76.076072692871	0.0023410825524479
76.176177978516	0.0023426192346960
76.276275634766	0.0023441547527909
76.376373291016	0.0023456891067326
76.476478576660	0.0023472227621824
76.576576232910	0.0023487554863095
76.676673889160	0.0023502875119448
76.776779174805	0.0023518183734268
76.876876831055	0.0023533483035862
76.976974487305	0.0023548773024231
77.077079772949	0.0023564056027681
77.177177429199	0.0023579329717904
77.277275085449	0.0023594591766596
77.377380371094	0.0023609844502062
77.477478027344	0.0023625090252608
77.577575683594	0.0023640324361622
77.677680969238	0.0023655551485717
77.777778625488	0.0023670769296587
77.877876281738	0.0023685977794230
77.977981567383	0.0023701176978648
78.078079223633	0.0023716364521533
78.178176879883	0.0023731542751193
78.278274536133	0.0023746713995934
78.378379821777	0.0023761878255755
78.478477478027	0.0023777028545737
78.578575134277	0.0023792174179107
78.678680419922	0.0023807308170944
78.778778076172	0.0023822432849556
78.878875732422	0.0023837548214942
78.978981018066	0.0023852654267102
79.079078674316	0.0023867751006037
79.179176330566	0.0023882840760052
79.279281616211	0.0023897918872535
79.379379272461	0.0023912990000099
79.479476928711	0.0023928049486130
79.579582214355	0.0023943101987243
79.679679870605	0.0023958145175129
79.779777526855	0.0023973176721483
79.879882812500	0.0023988203611225
79.979980468750	0.0024003216531128
80.080078125000	0.0024018222466111
80.180183410645	0.0024033221416175
80.280281066895	0.0024048208724707
80.380378723145	0.0024063186720014
80.480484008789	0.0024078160058707
80.580581665039	0.0024093119427562
80.680679321289	0.0024108071811497
80.780776977539	0.0024123012553900
80.880882263184	0.0024137948639691
80.980979919434	0.0024152873083949
81.081077575684	0.0024167788214982
81.181182861328	0.0024182696361095
81.281280517578	0.0024197592865676
81.381378173828	0.0024212482385337
81.481483459473	0.0024227362591773
81.581581115723	0.0024242235813290
81.681678771973	0.0024257095064968
81.781784057617	0.0024271949660033
81.881881713867	0.0024286792613566
81.981979370117	0.0024301628582180
82.082084655762	0.0024316455237567
82.182182312012	0.0024331272579730
82.282279968262	0.0024346080608666
82.382385253906	0.0024360881652683
82.482482910156	0.0024375673383474
82.582580566406	0.0024390453472733
82.682685852051	0.0024405231233686
82.782783508301	0.0024419992696494
82.882881164551	0.0024434749502689
82.982986450195	0.0024449496995658
83.083084106445	0.0024464235175401
83.183181762695	0.0024478964041919
83.283287048340	0.0024493685923517
83.383384704590	0.0024508398491889
83.483482360840	0.0024523101747036
83.583580017090	0.0024537795688957
83.683685302734	0.0024552480317652
83.783782958984	0.0024567157961428
83.883880615234	0.0024581826291978
83.983985900879	0.0024596487637609
84.084083557129	0.0024611139670014
84.184181213379	0.0024625782389194
84.284286499023	0.0024640415795147
84.384384155273	0.0024655042216182
84.484481811523	0.0024669656995684
84.584587097168	0.0024684267118573
84.684684753418	0.0024698865599930
84.784782409668	0.0024713459424675
84.884887695312	0.0024728041607887
84.984985351562	0.0024742614477873
85.085083007812	0.0024757180362940
85.185188293457	0.0024771739263088
85.285285949707	0.0024786286521703
85.385383605957	0.0024800824467093
85.485488891602	0.0024815360084176
85.585586547852	0.0024829881731421
85.685684204102	0.0024844396393746
85.785789489746	0.0024858904071152
85.885887145996	0.0024873402435333
85.985984802246	0.0024887889157981
86.086082458496	0.0024902371224016
86.186187744141	0.0024916843976825
86.286285400391	0.0024931309744716
86.386383056641	0.0024945763871074
86.486488342285	0.0024960213340819
86.586585998535	0.0024974651169032
86.686683654785	0.0024989082012326
86.786788940430	0.0025003508199006
86.886886596680	0.0025017920415848
86.986984252930	0.0025032325647771
87.087089538574	0.0025046726223081
87.187187194824	0.0025061117485166
87.287284851074	0.0025075497105718
87.387390136719	0.0025089869741350
87.487487792969	0.0025104237720370
87.587585449219	0.0025118594057858
87.687690734863	0.0025132943410426
87.787788391113	0.0025147285778075
87.887886047363	0.0025161618832499
87.987991333008	0.0025175947230309
88.088088989258	0.0025190263986588
88.188186645508	0.0025204573757946
88.288291931152	0.0025218881200999
88.388389587402	0.0025233177002519
88.488487243652	0.0025247468147427
88.588584899902	0.0025261752307415
88.688690185547	0.0025276034139097
88.788787841797	0.0025290308985859
88.888885498047	0.0025304581504315
88.988990783691	0.0025318854022771
89.089088439941	0.0025333126541227
89.189186096191	0.0025347403716296
89.289291381836	0.0025361687876284
89.389389038086	0.0025375979021192
89.489486694336	0.0025390284135938
89.589591979980	0.0025404617190361
89.689689636230	0.0025418975856155
89.789787292480	0.0025433381088078
89.889892578125	0.0025447835214436
89.989990234375	0.0025462363846600
90.090087890625	0.0025476978626102
90.190193176270	0.0025491712149233
90.290290832520	0.0025506590027362
90.390388488770	0.0025521654170007
90.490493774414	0.0025536951143295
90.590591430664	0.0025552539154887
90.690689086914	0.0025568492710590
90.790794372559	0.0025584895629436
90.890892028809	0.0025601857341826
90.990989685059	0.0025619501248002
91.091087341309	0.0025637988001108
91.191192626953	0.0025657510850579
91.291290283203	0.0025678290985525
91.391387939453	0.0025700600817800
91.491493225098	0.0025724773295224
91.591590881348	0.0025751192588359
91.691688537598	0.0025780322030187
91.791793823242	0.0025812708772719
91.891891479492	0.0025849000085145
91.991989135742	0.0025889957323670
92.092094421387	0.0025936481542885
92.192192077637	0.0025989608839154
92.292289733887	0.0026050563901663
92.392395019531	0.0026120773982257
92.492492675781	0.0026201871223748
92.592590332031	0.0026295757852495
92.692695617676	0.0026404627133161
92.792793273926	0.0026530970353633
92.892890930176	0.0026677655987442
92.992996215820	0.0026847966946661
93.093093872070	0.0027045574970543
93.193191528320	0.0027274682652205
93.293296813965	0.0027540032751858
93.393394470215	0.0027846887242049
93.493492126465	0.0028201187960804
93.593589782715	0.0028609547298402
93.693695068359	0.0029079334344715
93.793792724609	0.0029618586413562
93.893890380859	0.0030236262828112
93.993995666504	0.0030942214652896
94.094093322754	0.0031747026368976
94.194190979004	0.0032662369776517
94.294296264648	0.0033700910862535
94.394393920898	0.0034876037389040
94.494491577148	0.0036202352494001
94.594596862793	0.0037695467472076
94.694694519043	0.0039371605962515
94.794792175293	0.0041248211637139
94.894897460938	0.0043343664146960
94.994995117188	0.0045676622539759
95.095092773438	0.0048266900703311
95.195198059082	0.0051134955137968
95.295295715332	0.0054300995543599
95.395393371582	0.0057786153629422
95.495498657227	0.0061611700803041
95.595596313477	0.0065797897987068
95.695693969727	0.0070365471765399
95.795799255371	0.0075334636494517
95.895896911621	0.0080723520368338
95.995994567871	0.0086550116539001
96.096099853516	0.0092831049114466
96.196197509766	0.0099579561501741
96.296295166016	0.010680810548365
96.396392822266	0.011452607810497
96.496498107910	0.012274059467018
96.596595764160	0.013145359233022
96.696693420410	0.014066521078348
96.796798706055	0.015037185512483
96.896896362305	0.016056338325143
96.996994018555	0.017122739925981
97.097099304199	0.018234685063362
97.197196960449	0.019389722496271
97.297294616699	0.020585142076015
97.397399902344	0.021817736327648
97.497497558594	0.023083487525582
97.597595214844	0.024378145113587
97.697700500488	0.025696966797113
97.797798156738	0.027034418657422
97.897895812988	0.028384804725647
97.998001098633	0.029742011800408
98.098098754883	0.031099220737815
98.198196411133	0.032449588179588
98.298301696777	0.033785983920097
98.398399353027	0.035100735723972
98.498497009277	0.036386333405972
98.598602294922	0.037635162472725
98.698699951172	0.038839310407639
98.798797607422	0.039991218596697
98.898895263672	0.041083380579948
98.999000549316	0.042108584195375
99.099098205566	0.043059699237347
99.199195861816	0.043930213898420
99.299301147461	0.044714048504829
99.399398803711	0.045405492186546
99.499496459961	0.045999608933926
99.599601745605	0.046492099761963
99.699699401855	0.046879258006811
99.799797058105	0.047158267349005
99.899902343750	0.047327056527138
100.00000000000	0.047384347766638
#
#"Secondary Electron Energy @ Incident Angle 0° / eV"	"True [Real]"
#------------------------------------------------------------------
0.0000000000000	0.0000000000000
0.10010010004044	0.011950962245464
0.20020020008087	0.029763309285045
0.30030030012131	0.049550533294678
0.40040040016174	0.069633483886719
0.50050050020218	0.089102149009705
0.60060060024261	0.10743405669928
0.70070070028305	0.12433461844921
0.80080080032349	0.13965336978436
0.90090090036392	0.15333428978920
1.0010010004044	0.16538411378860
1.1011011600494	0.17585106194019
1.2012012004852	0.18481023609638
1.3013013601303	0.19235333800316
1.4014014005661	0.19858135282993
1.5015015602112	0.20359939336777
1.6016016006470	0.20751295983791
1.7017017602921	0.21042546629906
1.8018018007278	0.21243639290333
1.9019019603729	0.21364019811153
2.0020020008087	0.21412558853626
2.1021020412445	0.21397508680820
2.2022023200989	0.21326497197151
2.3023023605347	0.21206523478031
2.4024024009705	0.21043977141380
2.5025024414062	0.20844662189484
2.6026027202606	0.20613826811314
2.7027027606964	0.20356196165085
2.8028028011322	0.20076011121273
2.9029028415680	0.19777058064938
3.0030031204224	0.19462707638741
3.1031031608582	0.19135956466198
3.2032032012939	0.18799446523190
3.3033032417297	0.18455512821674
3.4034035205841	0.18106199800968
3.5035035610199	0.17753301560879
3.6036036014557	0.17398375272751
3.7037036418915	0.17042775452137
3.8038039207458	0.16687671840191
3.9039039611816	0.16334071755409
4.0040040016174	0.15982834994793
4.1041040420532	0.15634690225124
4.2042040824890	0.15290258824825
4.3043041229248	0.14950054883957
4.4044046401978	0.14614506065845
4.5045046806335	0.14283967018127
4.6046047210693	0.13958722352982
4.7047047615051	0.13638997077942
4.8048048019409	0.13324964046478
4.9049048423767	0.13016755878925
5.0050048828125	0.12714464962482
5.1051049232483	0.12418150156736
5.2052054405212	0.12127843499184
5.3053054809570	0.11843555420637
5.4054055213928	0.11565272510052
5.5055055618286	0.11292966455221
5.6056056022644	0.11026593297720
5.7057056427002	0.10766098648310
5.8058056831360	0.10511416941881
5.9059057235718	0.10262475907803
6.0060062408447	0.10019195079803
6.1061062812805	0.097814910113811
6.2062063217163	0.095492750406265
6.3063063621521	0.093224555253983
6.4064064025879	0.091009385883808
6.5065064430237	0.088846281170845
6.6066064834595	0.086734272539616
6.7067065238953	0.084672398865223
6.8068070411682	0.082659676671028
6.9069070816040	0.080695152282715
7.0070071220398	0.078777857124805
7.1071071624756	0.076906822621822
7.2072072029114	0.075081110000610
7.3073072433472	0.073299765586853
7.4074072837830	0.071561872959137
7.5075073242188	0.069866515696049
7.6076078414917	0.068212777376175
7.7077078819275	0.066599778831005
7.8078079223633	0.065026640892029
7.9079079627991	0.063492491841316
8.0080080032349	0.061996482312679
8.1081085205078	0.060537774115801
8.2082080841064	0.059115555137396
8.3083086013794	0.057728990912437
8.4084081649780	0.056377310305834
8.5085086822510	0.055059704929590
8.6086082458496	0.053775422275066
8.7087087631226	0.052523683756590
8.8088092803955	0.051303751766682
8.9089088439941	0.050114907324314
9.0090093612671	0.048956405371428
9.1091089248657	0.047827556729317
9.2092094421387	0.046727649867535
9.3093090057373	0.045656010508537
9.4094095230103	0.044611953198910
9.5095090866089	0.043594837188721
9.6096096038818	0.042603988200426
9.7097101211548	0.041638776659966
9.8098096847534	0.040698591619730
9.9099102020264	0.039782796055079
10.010009765625	0.038890801370144
10.110110282898	0.038022000342607
10.210209846497	0.037175823003054
10.310310363770	0.036351688206196
10.410410881042	0.035549040883780
10.510510444641	0.034767340868711
10.610610961914	0.034006036818027
10.710710525513	0.033264607191086
10.810811042786	0.032542530447245
10.910910606384	0.031839307397604
11.011011123657	0.031154431402683
11.111110687256	0.030487429350615
11.211211204529	0.029837813228369
11.311311721802	0.029205124825239
11.411411285400	0.028588915243745
11.511511802673	0.027988726273179
11.611611366272	0.027404136955738
11.711711883545	0.026834707707167
11.811811447144	0.026280038058758
11.911911964417	0.025739708915353
12.012012481689	0.025213330984116
12.112112045288	0.024700522422791
12.212212562561	0.024200893938541
12.312312126160	0.023714087903500
12.412412643433	0.023239737376571
12.512512207031	0.022777499631047
12.612612724304	0.022327026352286
12.712712287903	0.021887989714742
12.812812805176	0.021460060030222
12.912913322449	0.021042924374342
13.013012886047	0.020636280998588
13.113113403320	0.020239818841219
13.213212966919	0.019853256642818
13.313313484192	0.019476303830743
13.413413047791	0.019108690321445
13.513513565063	0.018750140443444
13.613614082336	0.018400397151709
13.713713645935	0.018059210851789
13.813814163208	0.017726326361299
13.913913726807	0.017401510849595
14.014014244080	0.017084525898099
14.114113807678	0.016775149852037
14.214214324951	0.016473157331347
14.314313888550	0.016178341582417
14.414414405823	0.015890488401055
14.514514923096	0.015609399415553
14.614614486694	0.015334882773459
14.714715003967	0.015066742897034
14.814814567566	0.014804801903665
14.914915084839	0.014548875391483
15.015014648438	0.014298794791102
15.115115165710	0.014054387807846
15.215215682983	0.013815495185554
15.315315246582	0.013581959530711
15.415415763855	0.013353625312448
15.515515327454	0.013130346313119
15.615615844727	0.012911975383759
15.715715408325	0.012698378413916
15.815815925598	0.012489413842559
15.915915489197	0.012284956872463
16.016016006470	0.012084877118468
16.116115570068	0.011889053508639
16.216217041016	0.011697363108397
16.316316604614	0.011509696952999
16.416416168213	0.011325940489769
16.516515731812	0.011145984753966
16.616617202759	0.010969722643495
16.716716766357	0.010797058232129
16.816816329956	0.010627890937030
16.916917800903	0.010462122038007
17.017017364502	0.010299665853381
17.117116928101	0.010140430182219
17.217216491699	0.0099843274801970
17.317317962646	0.0098312729969621
17.417417526245	0.0096811894327402
17.517517089844	0.0095339976251125
17.617618560791	0.0093896174803376
17.717718124390	0.0092479819431901
17.817817687988	0.0091090155765414
17.917917251587	0.0089726513251662
18.018018722534	0.0088388184085488
18.118118286133	0.0087074572220445
18.218217849731	0.0085785035043955
18.318317413330	0.0084518957883120
18.418418884277	0.0083275735378265
18.518518447876	0.0082054845988750
18.618618011475	0.0080855712294579
18.718719482422	0.0079677775502205
18.818819046021	0.0078520569950342
18.918918609619	0.0077383564785123
19.019018173218	0.0076266280375421
19.119119644165	0.0075168218463659
19.219219207764	0.0074088973924518
19.319318771362	0.0073028076440096
19.419420242310	0.0071985083632171
19.519519805908	0.0070959613658488
19.619619369507	0.0069951252080500
19.719718933105	0.0068959598429501
19.819820404053	0.0067984266206622
19.919919967651	0.0067024920135736
20.020019531250	0.0066081183031201
20.120121002197	0.0065152696333826
20.220220565796	0.0064239162020385
20.320320129395	0.0063340235501528
20.420419692993	0.0062455595470965
20.520521163940	0.0061584925279021
20.620620727539	0.0060727959498763
20.720720291138	0.0059884395450354
20.820821762085	0.0059053930453956
20.920921325684	0.0058236331678927
21.021020889282	0.0057431315071881
21.121120452881	0.0056638619862497
21.221221923828	0.0055857989937067
21.321321487427	0.0055089206434786
21.421421051025	0.0054332017898560
21.521520614624	0.0053586200810969
21.621622085571	0.0052851517684758
21.721721649170	0.0052127772942185
21.821821212769	0.0051414747722447
21.921922683716	0.0050712223164737
22.022022247314	0.0050020022317767
22.122121810913	0.0049337944947183
22.222221374512	0.0048665795475245
22.322322845459	0.0048003373667598
22.422422409058	0.0047350535169244
22.522521972656	0.0046707089059055
22.622623443604	0.0046072853729129
22.722723007202	0.0045447684824467
22.822822570801	0.0044831405393779
22.922922134399	0.0044223866425455
23.023023605347	0.0043624900281429
23.123123168945	0.0043034376576543
23.223222732544	0.0042452141642570
23.323324203491	0.0041878037154675
23.423423767090	0.0041311951354146
23.523523330688	0.0040753735229373
23.623622894287	0.0040203258395195
23.723724365234	0.0039660376496613
23.823823928833	0.0039124987088144
23.923923492432	0.0038596959784627
24.024024963379	0.0038076157215983
24.124124526978	0.0037562486249954
24.224224090576	0.0037055818829685
24.324323654175	0.0036556045524776
24.424425125122	0.0036063042934984
24.524524688721	0.0035576727241278
24.624624252319	0.0035096979700029
24.724723815918	0.0034623700194061
24.824825286865	0.0034156779292971
24.924924850464	0.0033696133177727
25.025024414062	0.0033241659402847
25.125125885010	0.0032793255522847
25.225225448608	0.0032350842375308
25.325325012207	0.0031914324499667
25.425424575806	0.0031483613420278
25.525526046753	0.0031058611348271
25.625625610352	0.0030639250762761
25.725725173950	0.0030225440859795
25.825826644897	0.0029817093163729
25.925926208496	0.0029414140153676
26.026025772095	0.0029016495682299
26.126125335693	0.0028624085243791
26.226226806641	0.0028236825019121
26.326326370239	0.0027854654472321
26.426425933838	0.0027477494440973
26.526527404785	0.0027105265762657
26.626626968384	0.0026737912558019
26.726726531982	0.0026375360321254
26.826826095581	0.0026017541531473
26.926927566528	0.0025664381682873
27.027027130127	0.0025315829552710
27.127126693726	0.0024971815291792
27.227228164673	0.0024632271379232
27.327327728271	0.0024297144263983
27.427427291870	0.0023966371081769
27.527526855469	0.0023639891296625
27.627628326416	0.0023317639715970
27.727727890015	0.0022999572101980
27.827827453613	0.0022685623262078
27.927927017212	0.0022375739645213
28.028028488159	0.0022069863043725
28.128128051758	0.0021767946891487
28.228227615356	0.0021469932980835
28.328329086304	0.0021175767760724
28.428428649902	0.0020885406993330
28.528528213501	0.0020598799455911
28.628627777100	0.0020315889269114
28.728729248047	0.0020036627538502
28.828828811646	0.0019760977011174
28.928928375244	0.0019488881807774
29.029029846191	0.0019220291869715
29.129129409790	0.0018955173436552
29.229228973389	0.0018693474121392
29.329328536987	0.0018435149686411
29.429430007935	0.0018180153565481
29.529529571533	0.0017928450834006
29.629629135132	0.0017679996090010
29.729730606079	0.0017434740439057
29.829830169678	0.0017192653613165
29.929929733276	0.0016953690210357
30.030029296875	0.0016717810649425
30.130130767822	0.0016484971856698
30.230230331421	0.0016255142400041
30.330329895020	0.0016028281534091
30.430431365967	0.0015804345021024
30.530530929565	0.0015583307249472
30.630630493164	0.0015365125145763
30.730730056763	0.0015149762621149
30.830831527710	0.0014937182422727
30.930931091309	0.0014727355446666
31.031030654907	0.0014520244440064
31.131130218506	0.0014315815642476
31.231231689453	0.0014114030636847
31.331331253052	0.0013914863811806
31.431430816650	0.0013718279078603
31.531532287598	0.0013524241512641
31.631631851196	0.0013332725502551
31.731731414795	0.0013143697287887
31.831830978394	0.0012957124272361
31.931932449341	0.0012772975023836
32.032032012939	0.0012591223930940
32.132133483887	0.0012411836069077
32.232231140137	0.0012234790483490
32.332332611084	0.0012060047592968
32.432434082031	0.0011887584114447
32.532531738281	0.0011717377929017
32.632633209229	0.0011549388291314
32.732730865479	0.0011383601231501
32.832832336426	0.0011219978332520
32.932933807373	0.0011058497475460
33.033031463623	0.0010899138869718
33.133132934570	0.0010741864098236
33.233234405518	0.0010586654534563
33.333332061768	0.0010433489223942
33.433433532715	0.0010282332077622
33.533535003662	0.0010133165633306
33.633632659912	0.00099859689362347
33.733734130859	0.00098407082259655
33.833835601807	0.00096973642939702
33.933933258057	0.00095559196779504
34.034034729004	0.00094163406174630
34.134132385254	0.00092786143068224
34.234233856201	0.00091427075676620
34.334335327148	0.00090086041018367
34.434432983398	0.00088762864470482
34.534534454346	0.00087457220070064
34.634635925293	0.00086168956477195
34.734733581543	0.00084897899068892
34.834835052490	0.00083643745165318
34.934936523438	0.00082406337605789
35.035034179688	0.00081185513408855
35.135135650635	0.00079980981536210
35.235237121582	0.00078792590647936
35.335334777832	0.00077620177762583
35.435436248779	0.00076463469304144
35.535533905029	0.00075322354678065
35.635635375977	0.00074196554487571
35.735736846924	0.00073085934855044
35.835834503174	0.00071990338619798
35.935935974121	0.00070909503847361
36.036037445068	0.00069843296660110
36.136135101318	0.00068791565718129
36.236236572266	0.00067754060728475
36.336338043213	0.00066730647813529
36.436435699463	0.00065721187274903
36.536537170410	0.00064725440461189
36.636634826660	0.00063743302598596
36.736736297607	0.00062774540856481
36.836837768555	0.00061819021357223
36.936935424805	0.00060876616043970
37.037036895752	0.00059947097906843
37.137138366699	0.00059030338888988
37.237236022949	0.00058126222575083
37.337337493896	0.00057234516134486
37.437438964844	0.00056355103151873
37.537536621094	0.00055487861391157
37.637638092041	0.00054632581304759
37.737739562988	0.00053789146477357
37.837837219238	0.00052957434672862
37.937938690186	0.00052137242164463
38.038036346436	0.00051328487461433
38.138137817383	0.00050530966836959
38.238239288330	0.00049744569696486
38.338336944580	0.00048969191266224
38.438438415527	0.00048204627819359
38.538539886475	0.00047450780402869
38.638637542725	0.00046707541332580
38.738739013672	0.00045974724343978
38.838840484619	0.00045252221752889
38.938938140869	0.00044539931695908
39.039039611816	0.00043837676639669
39.139137268066	0.00043145380914211
39.239238739014	0.00042462864075787
39.339340209961	0.00041790032992139
39.439437866211	0.00041126791620627
39.539539337158	0.00040472965338267
39.639640808105	0.00039828461012803
39.739738464355	0.00039193185511976
39.839839935303	0.00038566972943954
39.939941406250	0.00037949733086862
40.040039062500	0.00037341375718825
40.140140533447	0.00036741740768775
40.240242004395	0.00036150738014840
40.340339660645	0.00035568285966292
40.440441131592	0.00034994224552065
40.540538787842	0.00034428492654115
40.640640258789	0.00033870938932523
40.740741729736	0.00033321484806947
40.840839385986	0.00032780042965896
40.940940856934	0.00032246467890218
41.041042327881	0.00031720680999570
41.141139984131	0.00031202603713609
41.241241455078	0.00030692093423568
41.341342926025	0.00030189071549103
41.441440582275	0.00029693462420255
41.541542053223	0.00029205132159404
41.641643524170	0.00028724005096592
41.741741180420	0.00028250002651475
41.841842651367	0.00027782999677584
41.941940307617	0.00027322935056873
42.042041778564	0.00026869689463638
42.142143249512	0.00026423187227920
42.242240905762	0.00025983355590142
42.342342376709	0.00025550078134984
42.442443847656	0.00025123282102868
42.542541503906	0.00024702894734219
42.642642974854	0.00024288806889672
42.742744445801	0.00023880945809651
42.842842102051	0.00023479246010538
42.942943572998	0.00023083593987394
43.043041229248	0.00022693941718899
43.143142700195	0.00022310177155305
43.243244171143	0.00021932237723377
43.343341827393	0.00021560059394687
43.443443298340	0.00021193537395447
43.543544769287	0.00020832609152421
43.643642425537	0.00020477213547565
43.743743896484	0.00020127248717472
43.843845367432	0.00019782654999290
43.943943023682	0.00019443374185357
44.044044494629	0.00019109304412268
44.144145965576	0.00018780393293127
44.244243621826	0.00018456578254700
44.344345092773	0.00018137767619919
44.444442749023	0.00017823919188231
44.544544219971	0.00017514936916996
44.644645690918	0.00017210769874509
44.744743347168	0.00016911362763494
44.844844818115	0.00016616625362076
44.944946289062	0.00016326506738551
45.045043945312	0.00016040953050833
45.145145416260	0.00015759881353006
45.245246887207	0.00015483236347791
45.345344543457	0.00015210971469060
45.445446014404	0.00014943002315704
45.545543670654	0.00014679291052744
45.645645141602	0.00014419756189454
45.745746612549	0.00014164351159707
45.845844268799	0.00013913027942181
45.945945739746	0.00013665707956534
46.046047210693	0.00013422346091829
46.146144866943	0.00013182895781938
46.246246337891	0.00012947282812092
46.346347808838	0.00012715463526547
46.446445465088	0.00012487389903981
46.546546936035	0.00012262993550394
46.646648406982	0.00012042230082443
46.746746063232	0.00011825055844383
46.846847534180	0.00011611403897405
46.946945190430	0.00011401238589315
47.047046661377	0.00011194495164091
47.147148132324	0.00010991132148774
47.247245788574	0.00010791107342811
47.347347259521	0.00010594358900562
47.447448730469	0.00010400846076664
47.547546386719	0.00010210528853349
47.647647857666	0.00010023346840171
47.747749328613	9.8392614745535e-05
47.847846984863	9.6582341939211e-05
47.947948455811	9.4802075182088e-05
48.048049926758	9.3051428848412e-05
48.148147583008	9.1330046416260e-05
48.248249053955	8.9637353084981e-05
48.348346710205	8.7973065092228e-05
48.448448181152	8.6336629465222e-05
48.548549652100	8.4727696957998e-05
48.648647308350	8.3145925600547e-05
48.748748779297	8.1590784247965e-05
48.848850250244	8.0061945482157e-05
48.948947906494	7.8559060057160e-05
49.049049377441	7.7081625931896e-05
49.149150848389	7.5629330240190e-05
49.249248504639	7.4201845563948e-05
49.349349975586	7.2798677138053e-05
49.449447631836	7.1419577579945e-05
49.549549102783	7.0064073952381e-05
49.649650573730	6.8731860665139e-05
49.749748229980	6.7422632128000e-05
49.849849700928	6.6135937231593e-05
49.949951171875	6.4871484937612e-05
50.050048828125	6.3628976931795e-05
50.150150299072	6.2407983932644e-05
50.250251770020	6.1208229453769e-05
50.350349426270	6.0029422456864e-05
50.450450897217	5.8871151850326e-05
50.550552368164	5.7733148423722e-05
50.650650024414	5.6615135690663e-05
50.750751495361	5.5516720749438e-05
50.850849151611	5.4437678045360e-05
50.950950622559	5.3377625590656e-05
51.051052093506	5.2336308726808e-05
51.151149749756	5.1313472795300e-05
51.251251220703	5.0308743084315e-05
51.351352691650	4.9321879487252e-05
51.451450347900	4.8352634621551e-05
51.551551818848	4.7400659241248e-05
51.651653289795	4.6465709601762e-05
51.751750946045	4.5547552872449e-05
51.851852416992	4.4645854359260e-05
51.951950073242	4.3760417611338e-05
52.052051544189	4.2890915210592e-05
52.152153015137	4.2037125240313e-05
52.252250671387	4.1198825783795e-05
52.352352142334	4.0375707612839e-05
52.452453613281	3.9567552448716e-05
52.552551269531	3.8774149288656e-05
52.652652740479	3.7995199818397e-05
52.752754211426	3.7230500311125e-05
52.852851867676	3.6479843402049e-05
52.952953338623	3.5742945328820e-05
53.053054809570	3.5019609640585e-05
53.153152465820	3.4309639886487e-05
53.253253936768	3.3612759580137e-05
53.353351593018	3.2928812288446e-05
53.453453063965	3.2257528800983e-05
53.553554534912	3.1598723580828e-05
53.653652191162	3.0952218367020e-05
53.753753662109	3.0317754863063e-05
53.853855133057	2.9695160264964e-05
53.953952789307	2.9084256311762e-05
54.054054260254	2.8484804715845e-05
54.154155731201	2.7896634492208e-05
54.254253387451	2.7319578293827e-05
54.354354858398	2.6753403290058e-05
54.454456329346	2.6197947590845e-05
54.554553985596	2.5653052944108e-05
54.654655456543	2.5118495614151e-05
54.754753112793	2.4594142814749e-05
54.854854583740	2.4079779905151e-05
54.954956054688	2.3575254090247e-05
55.055053710938	2.3080418031896e-05
55.155155181885	2.2595066184294e-05
55.255256652832	2.2119056666270e-05
55.355354309082	2.1652242139680e-05
55.455455780029	2.1194431610638e-05
55.555557250977	2.0745483197970e-05
55.655654907227	2.0305264115450e-05
55.755756378174	1.9873585188179e-05
55.855854034424	1.9450331819826e-05
55.955955505371	1.9035322111449e-05
56.056056976318	1.8628432371770e-05
56.156154632568	1.8229531633551e-05
56.256256103516	1.7838448911789e-05
56.356357574463	1.7455064153182e-05
56.456455230713	1.7079251847463e-05
56.556556701660	1.6710850104573e-05
56.656658172607	1.6349742509192e-05
56.756755828857	1.5995812645997e-05
56.856857299805	1.5648905900889e-05
56.956958770752	1.5308907677536e-05
57.057056427002	1.4975707927078e-05
57.157157897949	1.4649159311375e-05
57.257255554199	1.4329167242977e-05
57.357357025146	1.4015588021721e-05
57.457458496094	1.3708317965211e-05
57.557556152344	1.3407255210041e-05
57.657657623291	1.3112261513015e-05
57.757759094238	1.2823240467696e-05
57.857856750488	1.2540092029667e-05
57.957958221436	1.2262687050679e-05
58.058059692383	1.1990931852779e-05
58.158157348633	1.1724731848517e-05
58.258258819580	1.1463964256109e-05
58.358356475830	1.1208549040020e-05
58.458457946777	1.0958367965941e-05
58.558559417725	1.0713332812884e-05
58.658657073975	1.0473357178853e-05
58.758758544922	1.0238328286505e-05
58.858860015869	1.0008162462327e-05
58.958957672119	9.7827787612914e-06
59.059059143066	9.5620680440334e-06
59.159160614014	9.3459530035034e-06
59.259258270264	9.1343536041677e-06
59.359359741211	8.9271688921144e-06
59.459461212158	8.7243233792833e-06
59.559558868408	8.5257415776141e-06
59.659660339355	8.3313270806684e-06
59.759757995605	8.1410162238171e-06
59.859859466553	7.9547153291060e-06
59.959960937500	7.7723552749376e-06
60.060058593750	7.5938664849673e-06
60.160160064697	7.4191611929564e-06
60.260261535645	7.2481734605390e-06
60.360359191895	7.0808368946018e-06
60.460460662842	6.9170687311271e-06
60.560562133789	6.7568057602330e-06
60.660659790039	6.5999856815324e-06
60.760761260986	6.4465293689864e-06
60.860862731934	6.2963767959445e-06
60.960960388184	6.1494688452512e-06
61.061061859131	6.0057309383410e-06
61.161159515381	5.8651112340158e-06
61.261260986328	5.7275374274468e-06
61.361362457275	5.5929549489520e-06
61.461460113525	5.4613092288491e-06
61.561561584473	5.3325316002883e-06
61.661663055420	5.2065706768190e-06
61.761760711670	5.0833741624956e-06
61.861862182617	4.9628774831945e-06
61.961963653564	4.8450319809490e-06
62.062061309814	4.7297880882979e-06
62.162162780762	4.6170844143489e-06
62.262260437012	4.5068786675984e-06
62.362361907959	4.3991117308906e-06
62.462463378906	4.2937385842379e-06
62.562561035156	4.1907137529051e-06
62.662662506104	4.0899826672103e-06
62.762763977051	3.9915016714076e-06
62.862861633301	3.8952284739935e-06
62.962963104248	3.8011110063962e-06
63.063064575195	3.7091078866069e-06
63.163162231445	3.6191793242324e-06
63.263263702393	3.5312755244377e-06
63.363365173340	3.4453582884453e-06
63.463462829590	3.3613894174778e-06
63.563564300537	3.2793220725580e-06
63.663661956787	3.1991228297557e-06
63.763763427734	3.1207468964567e-06
63.863864898682	3.0441585749941e-06
63.963962554932	2.9693239866901e-06
64.064064025879	2.8961999305466e-06
64.164161682129	2.8247563932382e-06
64.264266967773	2.7549494916457e-06
64.364364624023	2.6867555789067e-06
64.464462280273	2.6201348646282e-06
64.564567565918	2.5550493774062e-06
64.664665222168	2.4914759251260e-06
64.764762878418	2.4293774458783e-06
64.864868164062	2.3687177872489e-06
64.964965820312	2.3094753487385e-06
65.065063476562	2.2516151148011e-06
65.165168762207	2.1951032067591e-06
65.265266418457	2.1399187062343e-06
65.365364074707	2.0860290987912e-06
65.465461730957	2.0334061900940e-06
65.565567016602	1.9820186025754e-06
65.665664672852	1.9318470094731e-06
65.765762329102	1.8828612837751e-06
65.865867614746	1.8350319805904e-06
65.965965270996	1.7883407963382e-06
66.066062927246	1.7427593093089e-06
66.166168212891	1.6982596662274e-06
66.266265869141	1.6548248140680e-06
66.366363525391	1.6124279227370e-06
66.466468811035	1.5710428442617e-06
66.566566467285	1.5306534351112e-06
66.666664123535	1.4912344568074e-06
66.766769409180	1.4527613529935e-06
66.866867065430	1.4152188896333e-06
66.966964721680	1.3785834198643e-06
67.067070007324	1.3428317515718e-06
67.167167663574	1.3079496739010e-06
67.267265319824	1.2739147905449e-06
67.367370605469	1.2407055010044e-06
67.467468261719	1.2083082765457e-06
67.567565917969	1.1767020851039e-06
67.667671203613	1.1458668041087e-06
67.767768859863	1.1157894732605e-06
67.867866516113	1.0864506521102e-06
67.967964172363	1.0578332876321e-06
68.068069458008	1.0299189625584e-06
68.168167114258	1.0026956260845e-06
68.268264770508	9.7614542937663e-07
68.368370056152	9.5025092150536e-07
68.468467712402	9.2500090431713e-07
68.568565368652	9.0037855215996e-07
68.668670654297	8.7636749412923e-07
68.768768310547	8.5295715734901e-07
68.868865966797	8.3013185303571e-07
68.968971252441	8.0787623346623e-07
69.069068908691	7.8618040788569e-07
69.169166564941	7.6502959700520e-07
69.269271850586	7.4440947628318e-07
69.369369506836	7.2431078024238e-07
69.469467163086	7.0471958224516e-07
69.569572448730	6.8562258093152e-07
69.669670104980	6.6701102241495e-07
69.769767761230	6.4887188955254e-07
69.869873046875	6.3119273363554e-07
69.969970703125	6.1396525552482e-07
70.070068359375	5.9717746125898e-07
70.170173645020	5.8081758425033e-07
70.270271301270	5.6487783695047e-07
70.370368957520	5.4934707804932e-07
70.470474243164	5.3421427992362e-07
70.570571899414	5.1947216661574e-07
70.670669555664	5.0511022209321e-07
70.770767211914	4.9111929456558e-07
70.870872497559	4.7748937959113e-07
70.970970153809	4.6421379806816e-07
71.071067810059	4.5128300030228e-07
71.171173095703	4.3868763555110e-07
71.271270751953	4.2642142261684e-07
71.371368408203	4.1447540866102e-07
71.471473693848	4.0284092506226e-07
71.571571350098	3.9151208852672e-07
71.671669006348	3.8048051465012e-07
71.771774291992	3.6973816008867e-07
71.871871948242	3.5927951103076e-07
71.971969604492	3.4909675150629e-07
72.072074890137	3.3918232134056e-07
72.172172546387	3.2953113304757e-07
72.272270202637	3.2013588224800e-07
72.372375488281	3.1098952035791e-07
72.472473144531	3.0208730095183e-07
72.572570800781	2.9342240281949e-07
72.672676086426	2.8498831738943e-07
72.772773742676	2.7678049718816e-07
72.872871398926	2.6879268943958e-07
72.972976684570	2.6101878347617e-07
73.073074340820	2.5345457288495e-07
73.173171997070	2.4609420279376e-07
73.273269653320	2.3893255729490e-07
73.373374938965	2.3196405152248e-07
73.473472595215	2.2518489117829e-07
73.573570251465	2.1858974719180e-07
73.673675537109	2.1217346102276e-07
73.773773193359	2.0593245153577e-07
73.873870849609	1.9986177335340e-07
73.973976135254	1.9395666583932e-07
74.074073791504	1.8821376102096e-07
74.174171447754	1.8262846879225e-07
74.274276733398	1.7719634115565e-07
74.374374389648	1.7191426593399e-07
74.474472045898	1.6677797987086e-07
74.574577331543	1.6178336181838e-07
74.674674987793	1.5692748434049e-07
74.774772644043	1.5220638260871e-07
74.874877929688	1.4761624811399e-07
74.974975585938	1.4315436658308e-07
75.075073242188	1.3881705740459e-07
75.175178527832	1.3460075365401e-07
75.275276184082	1.3050295422090e-07
75.375373840332	1.2652023428927e-07
75.475479125977	1.2264929694084e-07
75.575576782227	1.1888779738456e-07
75.675674438477	1.1523257370527e-07
75.775772094727	1.1168082636459e-07
75.875877380371	1.0822957818846e-07
75.975975036621	1.0487669754866e-07
76.076072692871	1.0161932806341e-07
76.176177978516	9.8454698616024e-08
76.276275634766	9.5380833897707e-08
76.376373291016	9.2395076478624e-08
76.476478576660	8.9494875510354e-08
76.576576232910	8.6678376476357e-08
76.676673889160	8.3943142215048e-08
76.776779174805	8.1286792408264e-08
76.876876831055	7.8707607542583e-08
76.976974487305	7.6203335197533e-08
77.077079772949	7.3771765585207e-08
77.177177429199	7.1411307089875e-08
77.277275085449	6.9119870715895e-08
77.377380371094	6.6895417205615e-08
77.477478027344	6.4736468630144e-08
77.577575683594	6.2641085207815e-08
77.677680969238	6.0607384000377e-08
77.777778625488	5.8633997213065e-08
77.877876281738	5.6719127172755e-08
77.977981567383	5.4861036602460e-08
78.078079223633	5.3058450077970e-08
78.178176879883	5.1309708481995e-08
78.278274536133	4.9613337438359e-08
78.378379821777	4.7967766647616e-08
78.478477478027	4.6371848583249e-08
78.578575134277	4.4824087552797e-08
78.678680419922	4.3323041154508e-08
78.778778076172	4.1867636468851e-08
78.878875732422	4.0456495042918e-08
78.978981018066	3.9088284609079e-08
79.079078674316	3.7762013960219e-08
79.179176330566	3.6476411224839e-08
79.279281616211	3.5230240058581e-08
79.379379272461	3.4022583861315e-08
79.479476928711	3.2852270237527e-08
79.579582214355	3.1718158766125e-08
79.679679870605	3.0619400348542e-08
79.779777526855	2.9554911407104e-08
79.879882812500	2.8523643891276e-08
79.979980468750	2.7524807322266e-08
80.080078125000	2.6557403387528e-08
80.180183410645	2.5620465748943e-08
80.280281066895	2.4713264323850e-08
80.380378723145	2.3834875406692e-08
80.480484008789	2.2984409042692e-08
80.580581665039	2.2161191992609e-08
80.680679321289	2.1364371605159e-08
80.780776977539	2.0593187599616e-08
80.880882263184	1.9846838839044e-08
80.980979919434	1.9124716033048e-08
81.081077575684	1.8426060677257e-08
81.181182861328	1.7750133807226e-08
81.281280517578	1.7096374094194e-08
81.381378173828	1.6464078100853e-08
81.481483459473	1.5852572587960e-08
81.581581115723	1.5261333530248e-08
81.681678771973	1.4689715222005e-08
81.781784057617	1.4137096826516e-08
81.881881713867	1.3602995174722e-08
81.981979370117	1.3086816963437e-08
82.082084655762	1.2587989317581e-08
82.182182312012	1.2106066371587e-08
82.282279968262	1.1640502783905e-08
82.382385253906	1.1190771864733e-08
82.482482910156	1.0756461499284e-08
82.582580566406	1.0337070754929e-08
82.682685852051	9.9321155744292e-09
82.782783508301	9.5412158174213e-09
82.882881164551	9.1639105193053e-09
82.982986450195	8.7997547026930e-09
83.083084106445	8.4483984252870e-09
83.183181762695	8.1094171378027e-09
83.283287048340	7.7824040545238e-09
83.383384704590	7.4670349903272e-09
83.483482360840	7.1629222553327e-09
83.583580017090	6.8697119104399e-09
83.683685302734	6.5870406906754e-09
83.783782958984	6.3146172735173e-09
83.883880615234	6.0520970457389e-09
83.983985900879	5.7991451640760e-09
84.084083557129	5.5554938427349e-09
84.184181213379	5.3208268901983e-09
84.284286499023	5.0948374408222e-09
84.384384155273	4.8772794691843e-09
84.484481811523	4.6678629850305e-09
84.584587097168	4.4663068798911e-09
84.684684753418	4.2723846682691e-09
84.784782409668	4.0858307848168e-09
84.884887695312	3.9063881018819e-09
84.984985351562	3.7338487857141e-09
85.085083007812	3.5679694754265e-09
85.185188293457	3.4085152478269e-09
85.285285949707	3.2552947004660e-09
85.385383605957	3.1080855666943e-09
85.485488891602	2.9666735734679e-09
85.585586547852	2.8308824173706e-09
85.685684204102	2.7005093716781e-09
85.785789489746	2.5753588150934e-09
85.885887145996	2.4552690991442e-09
85.985984802246	2.3400550386299e-09
86.086082458496	2.2295463253386e-09
86.186187744141	2.1235704306122e-09
86.286285400391	2.0219832475021e-09
86.386383056641	1.9246209070900e-09
86.486488342285	1.8313263128178e-09
86.586585998535	1.7419674591679e-09
86.686683654785	1.6563954652327e-09
86.786788940430	1.5744672232643e-09
86.886886596680	1.4960619409976e-09
86.986984252930	1.4210445042906e-09
87.087089538574	1.3492845729601e-09
87.187187194824	1.2806720128822e-09
87.287284851074	1.2150841444125e-09
87.387390136719	1.1524027287990e-09
87.487487792969	1.0925271798357e-09
87.587585449219	1.0353462531754e-09
87.687690734863	9.8075281229626e-10
87.787788391113	9.2865531930997e-10
87.887886047363	8.7895302147700e-10
87.987991333008	8.3154888530501e-10
88.088088989258	7.8635981060060e-10
88.188186645508	7.4329453703115e-10
88.288291931152	7.0226557902231e-10
88.388389587402	6.6319733038611e-10
88.488487243652	6.2600757910758e-10
88.588584899902	5.9061988633147e-10
88.688690185547	5.5695797973598e-10
88.788787841797	5.2495563451771e-10
88.888885498047	4.9454135231386e-10
88.988990783691	4.6564638256363e-10
89.089088439941	4.3821099526831e-10
89.189186096191	4.1217085300360e-10
89.289291381836	3.8746431063608e-10
89.389389038086	3.6403743908231e-10
89.489486694336	3.4183261776732e-10
89.589591979980	3.2079461309564e-10
89.689689636230	3.0087485280994e-10
89.789787292480	2.8202182256187e-10
89.889892578125	2.6418614518242e-10
89.989990234375	2.4732427217344e-10
90.090087890625	2.3139021254615e-10
90.190193176270	2.1633995983539e-10
90.290290832520	2.0213451745743e-10
90.390388488770	1.8873298757160e-10
90.490493774414	1.7609624869408e-10
90.590591430664	1.6418946757746e-10
90.690689086914	1.5297639543999e-10
90.790794372559	1.4242233781214e-10
90.890892028809	1.3249633334933e-10
90.990989685059	1.2316631048392e-10
91.091087341309	1.1440224462200e-10
91.191192626953	1.0617477036456e-10
91.291290283203	9.8457547670350e-11
91.391387939453	9.1223473219770e-11
91.491493225098	8.4446720449716e-11
91.591590881348	7.8104044065608e-11
91.691688537598	7.2171692233614e-11
91.791793823242	6.6627030281818e-11
91.891891479492	6.1449643984357e-11
91.991989135742	5.6618782579010e-11
92.092094421387	5.2114704912620e-11
92.192192077637	4.7919557211173e-11
92.292289733887	4.4015298350519e-11
92.392395019531	4.0384782323821e-11
92.492492675781	3.7012472947628e-11
92.592590332031	3.3882761180104e-11
92.692695617676	3.0980829013316e-11
92.792793273926	2.8293227136156e-11
92.892890930176	2.5806516645854e-11
92.992996215820	2.3507968141545e-11
93.093093872070	2.1386000609303e-11
93.193191528320	1.9429111097757e-11
93.293296813965	1.7626428094886e-11
93.393394470215	1.5968044594916e-11
93.493492126465	1.4444175022721e-11
93.593589782715	1.3045693865454e-11
93.693695068359	1.1763878066118e-11
93.793792724609	1.0590768713403e-11
93.893890380859	9.5185664905628e-12
93.993995666504	8.5399378541018e-12
94.094093322754	7.6481902408498e-12
94.194190979004	6.8368010905373e-12
94.294296264648	6.0996585386774e-12
94.394393920898	5.4311798114437e-12
94.494491577148	4.8259612452084e-12
94.594596862793	4.2789513252095e-12
94.694694519043	3.7855400238096e-12
94.794792175293	3.3412914362402e-12
94.894897460938	2.9420741017028e-12
94.994995117188	2.5841197671267e-12
95.095092773438	2.2638277970971e-12
95.195198059082	1.9778562468376e-12
95.295295715332	1.7231616524296e-12
95.395393371582	1.4968563498072e-12
95.495498657227	1.2962715753226e-12
95.595596313477	1.1189821855564e-12
95.695693969727	9.6270398337178e-13
95.795799255371	8.2533638126950e-13
95.895896911621	7.0497611654591e-13
95.995994567871	5.9984477237748e-13
96.096099853516	5.0831599129539e-13
96.196197509766	4.2892200750357e-13
96.296295166016	3.6030320437266e-13
96.396392822266	3.0122838902066e-13
96.496498107910	2.5057590009002e-13
96.596595764160	2.0734047887893e-13
96.696693420410	1.7060297944314e-13
96.796798706055	1.3953711775448e-13
96.896896362305	1.1340758112330e-13
96.996994018555	9.1549530001171e-14
97.097099304199	7.3371118750921e-14
97.197196960449	5.8350344684082e-14
97.297294616699	4.6021366784717e-14
97.397399902344	3.5974356631628e-14
97.497497558594	2.7851991681949e-14
97.597595214844	2.1340271739935e-14
97.697700500488	1.6167014626448e-14
97.797798156738	1.2098402825628e-14
97.897895812988	8.9328187791063e-15
97.998001098633	6.4987611849538e-15
98.098098754883	4.6517626447855e-15
98.198196411133	3.2702034151775e-15
98.298301696777	2.2531703201345e-15
98.398399353027	1.5178936293915e-15
98.498497009277	9.9687561672243e-16
98.598602294922	6.3599257086352e-16
98.698699951172	3.9249942411790e-16
98.798797607422	2.3306333889851e-16
98.898895263672	1.3226299033879e-16
98.999000549316	7.1114159864172e-17
99.099098205566	3.5819858669082e-17
99.199195861816	1.6642789552144e-17
99.299301147461	6.9798211462551e-18
99.399398803711	2.5602708204103e-18
99.499496459961	7.8200233394085e-19
99.599601745605	1.8316691988644e-19
99.699699401855	2.8206571313548e-20
99.799797058105	2.0201434808132e-21
99.899902343750	2.2294771126138e-23
100.00000000000	5.8768524472637e-28
