#
#"Incident Energy @ Incident Angle 0° / eV"	"Elastic [Real]"
#-----------------------------------------------------------
0.0000000000000	0.49599999189377
1.0000000000000	0.48824268579483
2.0000000000000	0.48061177134514
3.0000000000000	0.47310522198677
4.0000000000000	0.46572101116180
5.0000000000000	0.45845714211464
6.0000000000000	0.45131164789200
7.0000000000000	0.44428262114525
8.0000000000000	0.43736812472343
9.0000000000000	0.43056631088257
10.000000000000	0.42387536168098
11.000000000000	0.41729345917702
12.000000000000	0.41081878542900
13.000000000000	0.40444967150688
14.000000000000	0.39818432927132
15.000000000000	0.39202108979225
16.000000000000	0.38595831394196
17.000000000000	0.37999430298805
18.000000000000	0.37412753701210
19.000000000000	0.36835634708405
20.000000000000	0.36267921328545
21.000000000000	0.35709461569786
22.000000000000	0.35160100460052
23.000000000000	0.34619694948196
24.000000000000	0.34088096022606
25.000000000000	0.33565157651901
26.000000000000	0.33050742745399
27.000000000000	0.32544714212418
28.000000000000	0.32046929001808
29.000000000000	0.31557255983353
30.000000000000	0.31075567007065
31.000000000000	0.30601724982262
32.000000000000	0.30135604739189
33.000000000000	0.29677081108093
34.000000000000	0.29226031899452
35.000000000000	0.28782331943512
36.000000000000	0.28345862030983
37.000000000000	0.27916505932808
38.000000000000	0.27494147419930
39.000000000000	0.27078673243523
40.000000000000	0.26669967174530
41.000000000000	0.26267924904823
42.000000000000	0.25872433185577
43.000000000000	0.25483384728432
44.000000000000	0.25100678205490
45.000000000000	0.24724209308624
46.000000000000	0.24353875219822
47.000000000000	0.23989576101303
48.000000000000	0.23631215095520
49.000000000000	0.23278692364693
50.000000000000	0.22931915521622
51.000000000000	0.22590790688992
52.000000000000	0.22255225479603
53.000000000000	0.21925127506256
54.000000000000	0.21600410342216
55.000000000000	0.21280984580517
56.000000000000	0.20966763794422
57.000000000000	0.20657664537430
58.000000000000	0.20353601872921
59.000000000000	0.20054495334625
60.000000000000	0.19760262966156
61.000000000000	0.19470825791359
62.000000000000	0.19186106324196
63.000000000000	0.18906025588512
64.000000000000	0.18630509078503
65.000000000000	0.18359483778477
66.000000000000	0.18092875182629
67.000000000000	0.17830611765385
68.000000000000	0.17572622001171
69.000000000000	0.17318835854530
70.000000000000	0.17069186270237
71.000000000000	0.16823604702950
72.000000000000	0.16582027077675
73.000000000000	0.16344384849072
74.000000000000	0.16110615432262
75.000000000000	0.15880656242371
76.000000000000	0.15654444694519
77.000000000000	0.15431919693947
78.000000000000	0.15213021636009
79.000000000000	0.14997689425945
80.000000000000	0.14785867929459
81.000000000000	0.14577497541904
82.000000000000	0.14372523128986
83.000000000000	0.14170889556408
84.000000000000	0.13972541689873
85.000000000000	0.13777427375317
86.000000000000	0.13585491478443
87.000000000000	0.13396683335304
88.000000000000	0.13210953772068
89.000000000000	0.13028249144554
90.000000000000	0.12848523259163
91.000000000000	0.12671725451946
92.000000000000	0.12497809529305
93.000000000000	0.12326727807522
94.000000000000	0.12158434092999
95.000000000000	0.11992883682251
96.000000000000	0.11830030381680
97.000000000000	0.11669831722975
98.000000000000	0.11512243002653
99.000000000000	0.11357223242521
100.00000000000	0.11204729229212
101.00000000000	0.11054720729589
102.00000000000	0.10907156765461
103.00000000000	0.10761997848749
104.00000000000	0.10619204491377
105.00000000000	0.10478737950325
106.00000000000	0.10340560972691
107.00000000000	0.10204635560513
108.00000000000	0.10070925951004
109.00000000000	0.099393948912621
110.00000000000	0.098100073635578
111.00000000000	0.096827283501625
112.00000000000	0.095575235784054
113.00000000000	0.094343595206738
114.00000000000	0.093132026493549
115.00000000000	0.091940201818943
116.00000000000	0.090767793357372
117.00000000000	0.089614503085613
118.00000000000	0.088480003178120
119.00000000000	0.087363988161087
120.00000000000	0.086266167461872
121.00000000000	0.085186235606670
122.00000000000	0.084123902022839
123.00000000000	0.083078876137733
124.00000000000	0.082050889730453
125.00000000000	0.081039652228355
126.00000000000	0.080044895410538
127.00000000000	0.079066351056099
128.00000000000	0.078103750944138
129.00000000000	0.077156841754913
130.00000000000	0.076225362718105
131.00000000000	0.075309060513973
132.00000000000	0.074407696723938
133.00000000000	0.073521018028259
134.00000000000	0.072648793458939
135.00000000000	0.071790777146816
136.00000000000	0.070946753025055
137.00000000000	0.070116475224495
138.00000000000	0.069299735128880
139.00000000000	0.068496301770210
140.00000000000	0.067705959081650
141.00000000000	0.066928505897522
142.00000000000	0.066163711249828
143.00000000000	0.065411388874054
144.00000000000	0.064671322703362
145.00000000000	0.063943319022655
146.00000000000	0.063227176666260
147.00000000000	0.062522709369659
148.00000000000	0.061829723417759
149.00000000000	0.061148028820753
150.00000000000	0.060477443039417
151.00000000000	0.059817783534527
152.00000000000	0.059168878942728
153.00000000000	0.058530546724796
154.00000000000	0.057902619242668
155.00000000000	0.057284925132990
156.00000000000	0.056677296757698
157.00000000000	0.056079570204020
158.00000000000	0.055491585284472
159.00000000000	0.054913181811571
160.00000000000	0.054344203323126
161.00000000000	0.053784500807524
162.00000000000	0.053233917802572
163.00000000000	0.052692309021950
164.00000000000	0.052159525454044
165.00000000000	0.051635425537825
166.00000000000	0.051119863986969
167.00000000000	0.050612706691027
168.00000000000	0.050113815814257
169.00000000000	0.049623053520918
170.00000000000	0.049140289425850
171.00000000000	0.048665393143892
172.00000000000	0.048198238015175
173.00000000000	0.047738693654537
174.00000000000	0.047286637127399
175.00000000000	0.046841949224472
176.00000000000	0.046404510736465
177.00000000000	0.045974198728800
178.00000000000	0.045550901442766
179.00000000000	0.045134499669075
180.00000000000	0.044724885374308
181.00000000000	0.044321946799755
182.00000000000	0.043925572186708
183.00000000000	0.043535660952330
184.00000000000	0.043152101337910
185.00000000000	0.042774796485901
186.00000000000	0.042403638362885
187.00000000000	0.042038526386023
188.00000000000	0.041679367423058
189.00000000000	0.041326060891151
190.00000000000	0.040978513658047
191.00000000000	0.040636628866196
192.00000000000	0.040300313383341
193.00000000000	0.039969481527805
194.00000000000	0.039644040167332
195.00000000000	0.039323903620243
196.00000000000	0.039008986204863
197.00000000000	0.038699198514223
198.00000000000	0.038394458591938
199.00000000000	0.038094684481621
200.00000000000	0.037799797952175
201.00000000000	0.037509717047215
202.00000000000	0.037224363535643
203.00000000000	0.036943659186363
204.00000000000	0.036667529493570
205.00000000000	0.036395899951458
206.00000000000	0.036128699779510
207.00000000000	0.035865850746632
208.00000000000	0.035607285797596
209.00000000000	0.035352937877178
210.00000000000	0.035102732479572
211.00000000000	0.034856602549553
212.00000000000	0.034614488482475
213.00000000000	0.034376315772533
214.00000000000	0.034142028540373
215.00000000000	0.033911556005478
216.00000000000	0.033684842288494
217.00000000000	0.033461820334196
218.00000000000	0.033242434263229
219.00000000000	0.033026624470949
220.00000000000	0.032814331352711
221.00000000000	0.032605495303869
222.00000000000	0.032400064170361
223.00000000000	0.032197982072830
224.00000000000	0.031999193131924
225.00000000000	0.031803645193577
226.00000000000	0.031611282378435
227.00000000000	0.031422052532434
228.00000000000	0.031235909089446
229.00000000000	0.031052799895406
230.00000000000	0.030872672796249
231.00000000000	0.030695481225848
232.00000000000	0.030521178618073
233.00000000000	0.030349716544151
234.00000000000	0.030181048437953
235.00000000000	0.030015127733350
236.00000000000	0.029851913452148
237.00000000000	0.029691357165575
238.00000000000	0.029533417895436
239.00000000000	0.029378052800894
240.00000000000	0.029225219041109
241.00000000000	0.029074877500534
242.00000000000	0.028926985338330
243.00000000000	0.028781503438950
244.00000000000	0.028638390824199
245.00000000000	0.028497612103820
246.00000000000	0.028359128162265
247.00000000000	0.028222899883986
248.00000000000	0.028088891878724
249.00000000000	0.027957068756223
250.00000000000	0.027827393263578
251.00000000000	0.027699830010533
252.00000000000	0.027574347332120
253.00000000000	0.027450909838080
254.00000000000	0.027329482138157
255.00000000000	0.027210034430027
256.00000000000	0.027092533186078
257.00000000000	0.026976946741343
258.00000000000	0.026863243430853
259.00000000000	0.026751395314932
260.00000000000	0.026641367003322
261.00000000000	0.026533134281635
262.00000000000	0.026426663622260
263.00000000000	0.026321928948164
264.00000000000	0.026218902319670
265.00000000000	0.026117553934455
266.00000000000	0.026017855852842
267.00000000000	0.025919783860445
268.00000000000	0.025823310017586
269.00000000000	0.025728408247232
270.00000000000	0.025635052472353
271.00000000000	0.025543218478560
272.00000000000	0.025452880188823
273.00000000000	0.025364015251398
274.00000000000	0.025276599451900
275.00000000000	0.025190606713295
276.00000000000	0.025106016546488
277.00000000000	0.025022804737091
278.00000000000	0.024940947070718
279.00000000000	0.024860424920917
280.00000000000	0.024781215935946
281.00000000000	0.024703297764063
282.00000000000	0.024626648053527
283.00000000000	0.024551248177886
284.00000000000	0.024477075785398
285.00000000000	0.024404114112258
286.00000000000	0.024332340806723
287.00000000000	0.024261737242341
288.00000000000	0.024192282930017
289.00000000000	0.024123962968588
290.00000000000	0.024056755006313
291.00000000000	0.023990642279387
292.00000000000	0.023925608024001
293.00000000000	0.023861631751060
294.00000000000	0.023798698559403
295.00000000000	0.023736791685224
296.00000000000	0.023675894364715
297.00000000000	0.023615987971425
298.00000000000	0.023557059466839
299.00000000000	0.023499090224504
300.00000000000	0.023442065343261
301.00000000000	0.023385969921947
302.00000000000	0.023330789059401
303.00000000000	0.023276507854462
304.00000000000	0.023223111405969
305.00000000000	0.023170584812760
306.00000000000	0.023118913173676
307.00000000000	0.023068085312843
308.00000000000	0.023018084466457
309.00000000000	0.022968899458647
310.00000000000	0.022920515388250
311.00000000000	0.022872921079397
312.00000000000	0.022826101630926
313.00000000000	0.022780044004321
314.00000000000	0.022734738886356
315.00000000000	0.022690169513226
316.00000000000	0.022646328434348
317.00000000000	0.022603202611208
318.00000000000	0.022560777142644
319.00000000000	0.022519044578075
320.00000000000	0.022477991878986
321.00000000000	0.022437609732151
322.00000000000	0.022397883236408
323.00000000000	0.022358804941177
324.00000000000	0.022320363670588
325.00000000000	0.022282550111413
326.00000000000	0.022245351225138
327.00000000000	0.022208759561181
328.00000000000	0.022172762081027
329.00000000000	0.022137353196740
330.00000000000	0.022102521732450
331.00000000000	0.022068256512284
332.00000000000	0.022034550085664
333.00000000000	0.022001393139362
334.00000000000	0.021968776360154
335.00000000000	0.021936692297459
336.00000000000	0.021905129775405
337.00000000000	0.021874083206058
338.00000000000	0.021843541413546
339.00000000000	0.021813496947289
340.00000000000	0.021783942356706
341.00000000000	0.021754870191216
342.00000000000	0.021726271137595
343.00000000000	0.021698137745261
344.00000000000	0.021670462563634
345.00000000000	0.021643240004778
346.00000000000	0.021616460755467
347.00000000000	0.021590117365122
348.00000000000	0.021564202383161
349.00000000000	0.021538712084293
350.00000000000	0.021513635292649
351.00000000000	0.021488968282938
352.00000000000	0.021464701741934
353.00000000000	0.021440831944346
354.00000000000	0.021417351439595
355.00000000000	0.021394252777100
356.00000000000	0.021371530368924
357.00000000000	0.021349178627133
358.00000000000	0.021327191963792
359.00000000000	0.021305562928319
360.00000000000	0.021284285932779
361.00000000000	0.021263355389237
362.00000000000	0.021242767572403
363.00000000000	0.021222513169050
364.00000000000	0.021202590316534
365.00000000000	0.021182991564274
366.00000000000	0.021163713186979
367.00000000000	0.021144747734070
368.00000000000	0.021126091480255
369.00000000000	0.021107740700245
370.00000000000	0.021089687943459
371.00000000000	0.021071929484606
372.00000000000	0.021054459735751
373.00000000000	0.021037274971604
374.00000000000	0.021020371466875
375.00000000000	0.021003741770983
376.00000000000	0.020987384021282
377.00000000000	0.020971292629838
378.00000000000	0.020955463871360
379.00000000000	0.020939892157912
380.00000000000	0.020924575626850
381.00000000000	0.020909508690238
382.00000000000	0.020894685760140
383.00000000000	0.020880104973912
384.00000000000	0.020865762606263
385.00000000000	0.020851653069258
386.00000000000	0.020837774500251
387.00000000000	0.020824121311307
388.00000000000	0.020810689777136
389.00000000000	0.020797478035092
390.00000000000	0.020784482359886
391.00000000000	0.020771697163582
392.00000000000	0.020759120583534
393.00000000000	0.020746748894453
394.00000000000	0.020734580233693
395.00000000000	0.020722609013319
396.00000000000	0.020710831508040
397.00000000000	0.020699247717857
398.00000000000	0.020687852054834
399.00000000000	0.020676642656326
400.00000000000	0.020665615797043
401.00000000000	0.020654767751694
402.00000000000	0.020644096657634
403.00000000000	0.020633600652218
404.00000000000	0.020623274147511
405.00000000000	0.020613117143512
406.00000000000	0.020603125914931
407.00000000000	0.020593296736479
408.00000000000	0.020583627745509
409.00000000000	0.020574115216732
410.00000000000	0.020564759150147
411.00000000000	0.020555555820465
412.00000000000	0.020546501502395
413.00000000000	0.020537596195936
414.00000000000	0.020528834313154
415.00000000000	0.020520215854049
416.00000000000	0.020511738955975
417.00000000000	0.020503398030996
418.00000000000	0.020495194941759
419.00000000000	0.020487124100327
420.00000000000	0.020479185506701
421.00000000000	0.020471377298236
422.00000000000	0.020463693886995
423.00000000000	0.020456137135625
424.00000000000	0.020448705181479
425.00000000000	0.020441392436624
426.00000000000	0.020434198901057
427.00000000000	0.020427122712135
428.00000000000	0.020420162007213
429.00000000000	0.020413314923644
430.00000000000	0.020406577736139
431.00000000000	0.020399952307343
432.00000000000	0.020393434911966
433.00000000000	0.020387023687363
434.00000000000	0.020380714908242
435.00000000000	0.020374510437250
436.00000000000	0.020368408411741
437.00000000000	0.020362403243780
438.00000000000	0.020356498658657
439.00000000000	0.020350687205791
440.00000000000	0.020344972610474
441.00000000000	0.020339351147413
442.00000000000	0.020333820953965
443.00000000000	0.020328380167484
444.00000000000	0.020323028787971
445.00000000000	0.020317764952779
446.00000000000	0.020312584936619
447.00000000000	0.020307490602136
448.00000000000	0.020302480086684
449.00000000000	0.020297551527619
450.00000000000	0.020292701199651
451.00000000000	0.020287930965424
452.00000000000	0.020283238962293
453.00000000000	0.020278623327613
454.00000000000	0.020274082198739
455.00000000000	0.020269615575671
456.00000000000	0.020265221595764
457.00000000000	0.020260900259018
458.00000000000	0.020256647840142
459.00000000000	0.020252464339137
460.00000000000	0.020248351618648
461.00000000000	0.020244304090738
462.00000000000	0.020240321755409
463.00000000000	0.020236406475306
464.00000000000	0.020232552662492
465.00000000000	0.020228762179613
466.00000000000	0.020225035026670
467.00000000000	0.020221367478371
468.00000000000	0.020217759534717
469.00000000000	0.020214211195707
470.00000000000	0.020210720598698
471.00000000000	0.020207285881042
472.00000000000	0.020203907042742
473.00000000000	0.020200584083796
474.00000000000	0.020197315141559
475.00000000000	0.020194100216031
476.00000000000	0.020190937444568
477.00000000000	0.020187824964523
478.00000000000	0.020184764638543
479.00000000000	0.020181752741337
480.00000000000	0.020178791135550
481.00000000000	0.020175877958536
482.00000000000	0.020173011347651
483.00000000000	0.020170191302896
484.00000000000	0.020167417824268
485.00000000000	0.020164689049125
486.00000000000	0.020162004977465
487.00000000000	0.020159365609288
488.00000000000	0.020156769081950
489.00000000000	0.020154213532805
490.00000000000	0.020151700824499
491.00000000000	0.020149229094386
492.00000000000	0.020146796479821
493.00000000000	0.020144404843450
494.00000000000	0.020142050459981
495.00000000000	0.020139735192060
496.00000000000	0.020137459039688
497.00000000000	0.020135218277574
498.00000000000	0.020133014768362
499.00000000000	0.020130846649408
500.00000000000	0.020128713920712
501.00000000000	0.020126616582274
502.00000000000	0.020124552771449
503.00000000000	0.020122524350882
504.00000000000	0.020120527595282
505.00000000000	0.020118562504649
506.00000000000	0.020116630941629
507.00000000000	0.020114729180932
508.00000000000	0.020112859085202
509.00000000000	0.020111020654440
510.00000000000	0.020109212026000
511.00000000000	0.020107431337237
512.00000000000	0.020105680450797
513.00000000000	0.020103959366679
514.00000000000	0.020102264359593
515.00000000000	0.020100597292185
516.00000000000	0.020098958164454
517.00000000000	0.020097345113754
518.00000000000	0.020095760002732
519.00000000000	0.020094199106097
520.00000000000	0.020092664286494
521.00000000000	0.020091153681278
522.00000000000	0.020089667290449
523.00000000000	0.020088206976652
524.00000000000	0.020086769014597
525.00000000000	0.020085355266929
526.00000000000	0.020083963871002
527.00000000000	0.020082594826818
528.00000000000	0.020081249997020
529.00000000000	0.020079925656319
530.00000000000	0.020078623667359
531.00000000000	0.020077342167497
532.00000000000	0.020076081156731
533.00000000000	0.020074840635061
534.00000000000	0.020073620602489
535.00000000000	0.020072421059012
536.00000000000	0.020071242004633
537.00000000000	0.020070079714060
538.00000000000	0.020068937912583
539.00000000000	0.020067814737558
540.00000000000	0.020066710188985
541.00000000000	0.020065622404218
542.00000000000	0.020064553245902
543.00000000000	0.020063500851393
544.00000000000	0.020062467083335
545.00000000000	0.020061448216438
546.00000000000	0.020060446113348
547.00000000000	0.020059460774064
548.00000000000	0.020058492198586
549.00000000000	0.020057538524270
550.00000000000	0.020056601613760
551.00000000000	0.020055679604411
552.00000000000	0.020054772496223
553.00000000000	0.020053878426552
554.00000000000	0.020053001120687
555.00000000000	0.020052136853337
556.00000000000	0.020051287487149
557.00000000000	0.020050451159477
558.00000000000	0.020049629732966
559.00000000000	0.020048821344972
560.00000000000	0.020048025995493
561.00000000000	0.020047241821885
562.00000000000	0.020046472549438
563.00000000000	0.020045714452863
564.00000000000	0.020044969394803
565.00000000000	0.020044237375259
566.00000000000	0.020043516531587
567.00000000000	0.020042806863785
568.00000000000	0.020042110234499
569.00000000000	0.020041422918439
570.00000000000	0.020040748640895
571.00000000000	0.020040083676577
572.00000000000	0.020039431750774
573.00000000000	0.020038789138198
574.00000000000	0.020038155838847
575.00000000000	0.020037533715367
576.00000000000	0.020036922767758
577.00000000000	0.020036321133375
578.00000000000	0.020035728812218
579.00000000000	0.020035147666931
580.00000000000	0.020034573972225
581.00000000000	0.020034011453390
582.00000000000	0.020033456385136
583.00000000000	0.020032910630107
584.00000000000	0.020032374188304
585.00000000000	0.020031847059727
586.00000000000	0.020031327381730
587.00000000000	0.020030817016959
588.00000000000	0.020030315965414
589.00000000000	0.020029820501804
590.00000000000	0.020029336214066
591.00000000000	0.020028857514262
592.00000000000	0.020028386265039
593.00000000000	0.020027924329042
594.00000000000	0.020027469843626
595.00000000000	0.020027020946145
596.00000000000	0.020026581361890
597.00000000000	0.020026147365570
598.00000000000	0.020025722682476
599.00000000000	0.020025303587317
600.00000000000	0.020024890080094
601.00000000000	0.020024484023452
602.00000000000	0.020024085417390
603.00000000000	0.020023692399263
604.00000000000	0.020023306831717
605.00000000000	0.020022926852107
606.00000000000	0.020022554323077
607.00000000000	0.020022185519338
608.00000000000	0.020021824166179
609.00000000000	0.020021468400955
610.00000000000	0.020021118223667
611.00000000000	0.020020775496960
612.00000000000	0.020020436495543
613.00000000000	0.020020103082061
614.00000000000	0.020019775256515
615.00000000000	0.020019453018904
616.00000000000	0.020019136369228
617.00000000000	0.020018823444843
618.00000000000	0.020018517971039
619.00000000000	0.020018216222525
620.00000000000	0.020017918199301
621.00000000000	0.020017627626657
622.00000000000	0.020017338916659
623.00000000000	0.020017057657242
624.00000000000	0.020016778260469
625.00000000000	0.020016506314278
626.00000000000	0.020016236230731
627.00000000000	0.020015971735120
628.00000000000	0.020015710964799
629.00000000000	0.020015455782413
630.00000000000	0.020015204325318
631.00000000000	0.020014956593513
632.00000000000	0.020014712586999
633.00000000000	0.020014472305775
634.00000000000	0.020014237612486
635.00000000000	0.020014004781842
636.00000000000	0.020013775676489
637.00000000000	0.020013552159071
638.00000000000	0.020013330504298
639.00000000000	0.020013114437461
640.00000000000	0.020012900233269
641.00000000000	0.020012689754367
642.00000000000	0.020012483000755
643.00000000000	0.020012279972434
644.00000000000	0.020012078806758
645.00000000000	0.020011883229017
646.00000000000	0.020011689513922
647.00000000000	0.020011497661471
648.00000000000	0.020011311396956
649.00000000000	0.020011126995087
650.00000000000	0.020010946318507
651.00000000000	0.020010767504573
652.00000000000	0.020010592415929
653.00000000000	0.020010419189930
654.00000000000	0.020010249689221
655.00000000000	0.020010082051158
656.00000000000	0.020009918138385
657.00000000000	0.020009756088257
658.00000000000	0.020009597763419
659.00000000000	0.020009441301227
660.00000000000	0.020009286701679
661.00000000000	0.020009135827422
662.00000000000	0.020008986815810
663.00000000000	0.020008839666843
664.00000000000	0.020008696243167
665.00000000000	0.020008554682136
666.00000000000	0.020008414983749
667.00000000000	0.020008277148008
668.00000000000	0.020008143037558
669.00000000000	0.020008010789752
670.00000000000	0.020007880404592
671.00000000000	0.020007751882076
672.00000000000	0.020007625222206
673.00000000000	0.020007500424981
674.00000000000	0.020007379353046
675.00000000000	0.020007258281112
676.00000000000	0.020007140934467
677.00000000000	0.020007023587823
678.00000000000	0.020006909966469
679.00000000000	0.020006796345115
680.00000000000	0.020006686449051
681.00000000000	0.020006576552987
682.00000000000	0.020006470382214
683.00000000000	0.020006364211440
684.00000000000	0.020006259903312
685.00000000000	0.020006159320474
686.00000000000	0.020006058737636
687.00000000000	0.020005960017443
688.00000000000	0.020005863159895
689.00000000000	0.020005766302347
690.00000000000	0.020005673170090
691.00000000000	0.020005580037832
692.00000000000	0.020005488768220
693.00000000000	0.020005399361253
694.00000000000	0.020005311816931
695.00000000000	0.020005226135254
696.00000000000	0.020005140453577
697.00000000000	0.020005056634545
698.00000000000	0.020004974678159
699.00000000000	0.020004892721772
700.00000000000	0.020004812628031
701.00000000000	0.020004734396935
702.00000000000	0.020004658028483
703.00000000000	0.020004581660032
704.00000000000	0.020004507154226
705.00000000000	0.020004434511065
706.00000000000	0.020004361867905
707.00000000000	0.020004291087389
708.00000000000	0.020004220306873
709.00000000000	0.020004151389003
710.00000000000	0.020004084333777
711.00000000000	0.020004017278552
712.00000000000	0.020003952085972
713.00000000000	0.020003886893392
714.00000000000	0.020003823563457
715.00000000000	0.020003762096167
716.00000000000	0.020003700628877
717.00000000000	0.020003641024232
718.00000000000	0.020003581419587
719.00000000000	0.020003521814942
720.00000000000	0.020003465935588
721.00000000000	0.020003408193588
722.00000000000	0.020003352314234
723.00000000000	0.020003298297524
724.00000000000	0.020003244280815
725.00000000000	0.020003192126751
726.00000000000	0.020003139972687
727.00000000000	0.020003087818623
728.00000000000	0.020003037527204
729.00000000000	0.020002989098430
730.00000000000	0.020002940669656
731.00000000000	0.020002892240882
732.00000000000	0.020002845674753
733.00000000000	0.020002799108624
734.00000000000	0.020002752542496
735.00000000000	0.020002707839012
736.00000000000	0.020002663135529
737.00000000000	0.020002620294690
738.00000000000	0.020002577453852
739.00000000000	0.020002536475658
740.00000000000	0.020002495497465
741.00000000000	0.020002454519272
742.00000000000	0.020002413541079
743.00000000000	0.020002374425530
744.00000000000	0.020002335309982
745.00000000000	0.020002298057079
746.00000000000	0.020002260804176
747.00000000000	0.020002223551273
748.00000000000	0.020002188161016
749.00000000000	0.020002150908113
750.00000000000	0.020002117380500
751.00000000000	0.020002081990242
752.00000000000	0.020002048462629
753.00000000000	0.020002014935017
754.00000000000	0.020001981407404
755.00000000000	0.020001949742436
756.00000000000	0.020001918077469
757.00000000000	0.020001886412501
758.00000000000	0.020001856610179
759.00000000000	0.020001824945211
760.00000000000	0.020001795142889
761.00000000000	0.020001767203212
762.00000000000	0.020001737400889
763.00000000000	0.020001709461212
764.00000000000	0.020001681521535
765.00000000000	0.020001653581858
766.00000000000	0.020001627504826
767.00000000000	0.020001601427794
768.00000000000	0.020001575350761
769.00000000000	0.020001549273729
770.00000000000	0.020001523196697
771.00000000000	0.020001498982310
772.00000000000	0.020001474767923
773.00000000000	0.020001450553536
774.00000000000	0.020001426339149
775.00000000000	0.020001403987408
776.00000000000	0.020001381635666
777.00000000000	0.020001357421279
778.00000000000	0.020001336932182
779.00000000000	0.020001314580441
780.00000000000	0.020001292228699
781.00000000000	0.020001271739602
782.00000000000	0.020001251250505
783.00000000000	0.020001230761409
784.00000000000	0.020001210272312
785.00000000000	0.020001191645861
786.00000000000	0.020001171156764
787.00000000000	0.020001152530313
788.00000000000	0.020001133903861
789.00000000000	0.020001115277410
790.00000000000	0.020001096650958
791.00000000000	0.020001079887152
792.00000000000	0.020001061260700
793.00000000000	0.020001044496894
794.00000000000	0.020001027733088
795.00000000000	0.020001010969281
796.00000000000	0.020000994205475
797.00000000000	0.020000977441669
798.00000000000	0.020000962540507
799.00000000000	0.020000945776701
800.00000000000	0.020000930875540
801.00000000000	0.020000915974379
802.00000000000	0.020000901073217
803.00000000000	0.020000886172056
804.00000000000	0.020000871270895
805.00000000000	0.020000858232379
806.00000000000	0.020000843331218
807.00000000000	0.020000830292702
808.00000000000	0.020000815391541
809.00000000000	0.020000802353024
810.00000000000	0.020000789314508
811.00000000000	0.020000776275992
812.00000000000	0.020000765100121
813.00000000000	0.020000752061605
814.00000000000	0.020000739023089
815.00000000000	0.020000727847219
816.00000000000	0.020000714808702
817.00000000000	0.020000703632832
818.00000000000	0.020000692456961
819.00000000000	0.020000681281090
820.00000000000	0.020000670105219
821.00000000000	0.020000658929348
822.00000000000	0.020000647753477
823.00000000000	0.020000638440251
824.00000000000	0.020000627264380
825.00000000000	0.020000617951155
826.00000000000	0.020000606775284
827.00000000000	0.020000597462058
828.00000000000	0.020000588148832
829.00000000000	0.020000578835607
830.00000000000	0.020000567659736
831.00000000000	0.020000558346510
832.00000000000	0.020000550895929
833.00000000000	0.020000541582704
834.00000000000	0.020000532269478
835.00000000000	0.020000522956252
836.00000000000	0.020000515505672
837.00000000000	0.020000506192446
838.00000000000	0.020000498741865
839.00000000000	0.020000491291285
840.00000000000	0.020000481978059
841.00000000000	0.020000474527478
842.00000000000	0.020000467076898
843.00000000000	0.020000459626317
844.00000000000	0.020000452175736
845.00000000000	0.020000444725156
846.00000000000	0.020000437274575
847.00000000000	0.020000429823995
848.00000000000	0.020000422373414
849.00000000000	0.020000416785479
850.00000000000	0.020000409334898
851.00000000000	0.020000401884317
852.00000000000	0.020000396296382
853.00000000000	0.020000388845801
854.00000000000	0.020000383257866
855.00000000000	0.020000377669930
856.00000000000	0.020000370219350
857.00000000000	0.020000364631414
858.00000000000	0.020000359043479
859.00000000000	0.020000353455544
860.00000000000	0.020000347867608
861.00000000000	0.020000342279673
862.00000000000	0.020000336691737
863.00000000000	0.020000331103802
864.00000000000	0.020000325515866
865.00000000000	0.020000319927931
866.00000000000	0.020000314339995
867.00000000000	0.020000308752060
868.00000000000	0.020000305026770
869.00000000000	0.020000299438834
870.00000000000	0.020000293850899
871.00000000000	0.020000290125608
872.00000000000	0.020000284537673
873.00000000000	0.020000280812383
874.00000000000	0.020000275224447
875.00000000000	0.020000271499157
876.00000000000	0.020000267773867
877.00000000000	0.020000262185931
878.00000000000	0.020000258460641
879.00000000000	0.020000254735351
880.00000000000	0.020000249147415
881.00000000000	0.020000245422125
882.00000000000	0.020000241696835
883.00000000000	0.020000237971544
884.00000000000	0.020000234246254
885.00000000000	0.020000230520964
886.00000000000	0.020000226795673
887.00000000000	0.020000223070383
888.00000000000	0.020000219345093
889.00000000000	0.020000215619802
890.00000000000	0.020000211894512
891.00000000000	0.020000208169222
892.00000000000	0.020000204443932
893.00000000000	0.020000202581286
894.00000000000	0.020000198855996
895.00000000000	0.020000195130706
896.00000000000	0.020000191405416
897.00000000000	0.020000189542770
898.00000000000	0.020000185817480
899.00000000000	0.020000182092190
900.00000000000	0.020000180229545
901.00000000000	0.020000176504254
902.00000000000	0.020000174641609
903.00000000000	0.020000170916319
904.00000000000	0.020000169053674
905.00000000000	0.020000165328383
906.00000000000	0.020000163465738
907.00000000000	0.020000159740448
908.00000000000	0.020000157877803
909.00000000000	0.020000156015158
910.00000000000	0.020000152289867
911.00000000000	0.020000150427222
912.00000000000	0.020000148564577
913.00000000000	0.020000144839287
914.00000000000	0.020000142976642
915.00000000000	0.020000141113997
916.00000000000	0.020000139251351
917.00000000000	0.020000135526061
918.00000000000	0.020000133663416
919.00000000000	0.020000131800771
920.00000000000	0.020000129938126
921.00000000000	0.020000128075480
922.00000000000	0.020000126212835
923.00000000000	0.020000122487545
924.00000000000	0.020000120624900
925.00000000000	0.020000118762255
926.00000000000	0.020000116899610
927.00000000000	0.020000115036964
928.00000000000	0.020000113174319
929.00000000000	0.020000111311674
930.00000000000	0.020000109449029
931.00000000000	0.020000107586384
932.00000000000	0.020000105723739
933.00000000000	0.020000103861094
934.00000000000	0.020000103861094
935.00000000000	0.020000101998448
936.00000000000	0.020000100135803
937.00000000000	0.020000098273158
938.00000000000	0.020000096410513
939.00000000000	0.020000094547868
940.00000000000	0.020000092685223
941.00000000000	0.020000092685223
942.00000000000	0.020000090822577
943.00000000000	0.020000088959932
944.00000000000	0.020000087097287
945.00000000000	0.020000085234642
946.00000000000	0.020000085234642
947.00000000000	0.020000083371997
948.00000000000	0.020000081509352
949.00000000000	0.020000079646707
950.00000000000	0.020000079646707
951.00000000000	0.020000077784061
952.00000000000	0.020000075921416
953.00000000000	0.020000075921416
954.00000000000	0.020000074058771
955.00000000000	0.020000072196126
956.00000000000	0.020000072196126
957.00000000000	0.020000070333481
958.00000000000	0.020000068470836
959.00000000000	0.020000068470836
960.00000000000	0.020000066608191
961.00000000000	0.020000066608191
962.00000000000	0.020000064745545
963.00000000000	0.020000064745545
964.00000000000	0.020000062882900
965.00000000000	0.020000061020255
966.00000000000	0.020000061020255
967.00000000000	0.020000059157610
968.00000000000	0.020000059157610
969.00000000000	0.020000057294965
970.00000000000	0.020000057294965
971.00000000000	0.020000055432320
972.00000000000	0.020000055432320
973.00000000000	0.020000053569674
974.00000000000	0.020000053569674
975.00000000000	0.020000051707029
976.00000000000	0.020000051707029
977.00000000000	0.020000051707029
978.00000000000	0.020000049844384
979.00000000000	0.020000049844384
980.00000000000	0.020000047981739
981.00000000000	0.020000047981739
982.00000000000	0.020000046119094
983.00000000000	0.020000046119094
984.00000000000	0.020000046119094
985.00000000000	0.020000044256449
986.00000000000	0.020000044256449
987.00000000000	0.020000042393804
988.00000000000	0.020000042393804
989.00000000000	0.020000042393804
990.00000000000	0.020000040531158
991.00000000000	0.020000040531158
992.00000000000	0.020000040531158
993.00000000000	0.020000038668513
994.00000000000	0.020000038668513
995.00000000000	0.020000038668513
996.00000000000	0.020000036805868
997.00000000000	0.020000036805868
998.00000000000	0.020000036805868
999.00000000000	0.020000034943223
1000.0000000000	0.020000034943223
#
#"Incident Energy @ Incident Angle 0° / eV"	"Rediff [Real]"
#----------------------------------------------------------
0.0000000000000	0.0000000000000
1.0000000000000	0.15038502216339
2.0000000000000	0.15529477596283
3.0000000000000	0.15808844566345
4.0000000000000	0.16003119945526
5.0000000000000	0.16151401400566
6.0000000000000	0.16270919144154
7.0000000000000	0.16370776295662
8.0000000000000	0.16456370055676
9.0000000000000	0.16531151533127
10.000000000000	0.16597466170788
11.000000000000	0.16656973958015
12.000000000000	0.16710895299911
13.000000000000	0.16760152578354
14.000000000000	0.16805459558964
15.000000000000	0.16847378015518
16.000000000000	0.16886360943317
17.000000000000	0.16922774910927
18.000000000000	0.16956923902035
19.000000000000	0.16989061236382
20.000000000000	0.17019401490688
21.000000000000	0.17048126459122
22.000000000000	0.17075389623642
23.000000000000	0.17101328074932
24.000000000000	0.17126058042049
25.000000000000	0.17149682343006
26.000000000000	0.17172290384769
27.000000000000	0.17193961143494
28.000000000000	0.17214767634869
29.000000000000	0.17234769463539
30.000000000000	0.17254027724266
31.000000000000	0.17272590100765
32.000000000000	0.17290502786636
33.000000000000	0.17307807505131
34.000000000000	0.17324542999268
35.000000000000	0.17340743541718
36.000000000000	0.17356440424919
37.000000000000	0.17371661961079
38.000000000000	0.17386433482170
39.000000000000	0.17400781810284
40.000000000000	0.17414727807045
41.000000000000	0.17428292334080
42.000000000000	0.17441494762897
43.000000000000	0.17454352974892
44.000000000000	0.17466883361340
45.000000000000	0.17479100823402
46.000000000000	0.17491020262241
47.000000000000	0.17502656579018
48.000000000000	0.17514018714428
49.000000000000	0.17525121569633
50.000000000000	0.17535974085331
51.000000000000	0.17546588182449
52.000000000000	0.17556972801685
53.000000000000	0.17567136883736
54.000000000000	0.17577089369297
55.000000000000	0.17586839199066
56.000000000000	0.17596392333508
57.000000000000	0.17605756223202
58.000000000000	0.17614939808846
59.000000000000	0.17623947560787
60.000000000000	0.17632786929607
61.000000000000	0.17641462385654
62.000000000000	0.17649979889393
63.000000000000	0.17658345401287
64.000000000000	0.17666563391685
65.000000000000	0.17674639821053
66.000000000000	0.17682577669621
67.000000000000	0.17690381407738
68.000000000000	0.17698056995869
69.000000000000	0.17705605924129
70.000000000000	0.17713034152985
71.000000000000	0.17720343172550
72.000000000000	0.17727538943291
73.000000000000	0.17734622955322
74.000000000000	0.17741598188877
75.000000000000	0.17748469114304
76.000000000000	0.17755237221718
77.000000000000	0.17761906981468
78.000000000000	0.17768478393555
79.000000000000	0.17774957418442
80.000000000000	0.17781344056129
81.000000000000	0.17787642776966
82.000000000000	0.17793853580952
83.000000000000	0.17799979448318
84.000000000000	0.17806023359299
85.000000000000	0.17811986804008
86.000000000000	0.17817871272564
87.000000000000	0.17823679745197
88.000000000000	0.17829413712025
89.000000000000	0.17835073173046
90.000000000000	0.17840662598610
91.000000000000	0.17846181988716
92.000000000000	0.17851634323597
93.000000000000	0.17857019603252
94.000000000000	0.17862339317799
95.000000000000	0.17867596447468
96.000000000000	0.17872790992260
97.000000000000	0.17877925932407
98.000000000000	0.17882999777794
99.000000000000	0.17888016998768
100.00000000000	0.17892976105213
101.00000000000	0.17897880077362
102.00000000000	0.17902728915215
103.00000000000	0.17907524108887
104.00000000000	0.17912268638611
105.00000000000	0.17916959524155
106.00000000000	0.17921601235867
107.00000000000	0.17926193773746
108.00000000000	0.17930738627911
109.00000000000	0.17935235798359
110.00000000000	0.17939685285091
111.00000000000	0.17944090068340
112.00000000000	0.17948450148106
113.00000000000	0.17952767014503
114.00000000000	0.17957039177418
115.00000000000	0.17961271107197
116.00000000000	0.17965459823608
117.00000000000	0.17969608306885
118.00000000000	0.17973716557026
119.00000000000	0.17977786064148
120.00000000000	0.17981816828251
121.00000000000	0.17985810339451
122.00000000000	0.17989765107632
123.00000000000	0.17993684113026
124.00000000000	0.17997567355633
125.00000000000	0.18001414835453
126.00000000000	0.18005226552486
127.00000000000	0.18009005486965
128.00000000000	0.18012750148773
129.00000000000	0.18016462028027
130.00000000000	0.18020141124725
131.00000000000	0.18023788928986
132.00000000000	0.18027403950691
133.00000000000	0.18030989170074
134.00000000000	0.18034543097019
135.00000000000	0.18038067221642
136.00000000000	0.18041561543941
137.00000000000	0.18045027554035
138.00000000000	0.18048463761806
139.00000000000	0.18051871657372
140.00000000000	0.18055252730846
141.00000000000	0.18058605492115
142.00000000000	0.18061932921410
143.00000000000	0.18065232038498
144.00000000000	0.18068505823612
145.00000000000	0.18071754276752
146.00000000000	0.18074975907803
147.00000000000	0.18078173696995
148.00000000000	0.18081346154213
149.00000000000	0.18084494769573
150.00000000000	0.18087618052959
151.00000000000	0.18090718984604
152.00000000000	0.18093796074390
153.00000000000	0.18096850812435
154.00000000000	0.18099883198738
155.00000000000	0.18102891743183
156.00000000000	0.18105879426003
157.00000000000	0.18108844757080
158.00000000000	0.18111789226532
159.00000000000	0.18114711344242
160.00000000000	0.18117612600327
161.00000000000	0.18120494484901
162.00000000000	0.18123355507851
163.00000000000	0.18126195669174
164.00000000000	0.18129016458988
165.00000000000	0.18131817877293
166.00000000000	0.18134599924088
167.00000000000	0.18137362599373
168.00000000000	0.18140107393265
169.00000000000	0.18142832815647
170.00000000000	0.18145540356636
171.00000000000	0.18148228526115
172.00000000000	0.18150900304317
173.00000000000	0.18153552711010
174.00000000000	0.18156188726425
175.00000000000	0.18158806860447
176.00000000000	0.18161408603191
177.00000000000	0.18163993954659
178.00000000000	0.18166561424732
179.00000000000	0.18169112503529
180.00000000000	0.18171648681164
181.00000000000	0.18174166977406
182.00000000000	0.18176670372486
183.00000000000	0.18179158866405
184.00000000000	0.18181630969048
185.00000000000	0.18184086680412
186.00000000000	0.18186528980732
187.00000000000	0.18188954889774
188.00000000000	0.18191367387772
189.00000000000	0.18193764984608
190.00000000000	0.18196147680283
191.00000000000	0.18198515474796
192.00000000000	0.18200869858265
193.00000000000	0.18203209340572
194.00000000000	0.18205535411835
195.00000000000	0.18207848072052
196.00000000000	0.18210147321224
197.00000000000	0.18212433159351
198.00000000000	0.18214705586433
199.00000000000	0.18216964602470
200.00000000000	0.18219210207462
201.00000000000	0.18221443891525
202.00000000000	0.18223664164543
203.00000000000	0.18225872516632
204.00000000000	0.18228067457676
205.00000000000	0.18230251967907
206.00000000000	0.18232421576977
207.00000000000	0.18234580755234
208.00000000000	0.18236728012562
209.00000000000	0.18238863348961
210.00000000000	0.18240986764431
211.00000000000	0.18243098258972
212.00000000000	0.18245199322701
213.00000000000	0.18247288465500
214.00000000000	0.18249365687370
215.00000000000	0.18251432478428
216.00000000000	0.18253488838673
217.00000000000	0.18255533277988
218.00000000000	0.18257567286491
219.00000000000	0.18259590864182
220.00000000000	0.18261604011059
221.00000000000	0.18263605237007
222.00000000000	0.18265597522259
223.00000000000	0.18267579376698
224.00000000000	0.18269550800323
225.00000000000	0.18271511793137
226.00000000000	0.18273462355137
227.00000000000	0.18275403976440
228.00000000000	0.18277335166931
229.00000000000	0.18279257416725
230.00000000000	0.18281169235706
231.00000000000	0.18283072113991
232.00000000000	0.18284966051579
233.00000000000	0.18286849558353
234.00000000000	0.18288724124432
235.00000000000	0.18290588259697
236.00000000000	0.18292444944382
237.00000000000	0.18294292688370
238.00000000000	0.18296130001545
239.00000000000	0.18297959864140
240.00000000000	0.18299779295921
241.00000000000	0.18301591277122
242.00000000000	0.18303394317627
243.00000000000	0.18305189907551
244.00000000000	0.18306975066662
245.00000000000	0.18308752775192
246.00000000000	0.18310523033142
247.00000000000	0.18312282860279
248.00000000000	0.18314036726952
249.00000000000	0.18315780162811
250.00000000000	0.18317517638206
251.00000000000	0.18319246172905
252.00000000000	0.18320967257023
253.00000000000	0.18322679400444
254.00000000000	0.18324384093285
255.00000000000	0.18326081335545
256.00000000000	0.18327771127224
257.00000000000	0.18329453468323
258.00000000000	0.18331128358841
259.00000000000	0.18332795798779
260.00000000000	0.18334454298019
261.00000000000	0.18336106836796
262.00000000000	0.18337751924992
263.00000000000	0.18339389562607
264.00000000000	0.18341019749641
265.00000000000	0.18342643976212
266.00000000000	0.18344260752201
267.00000000000	0.18345870077610
268.00000000000	0.18347471952438
269.00000000000	0.18349067866802
270.00000000000	0.18350656330585
271.00000000000	0.18352238833904
272.00000000000	0.18353813886642
273.00000000000	0.18355381488800
274.00000000000	0.18356943130493
275.00000000000	0.18358498811722
276.00000000000	0.18360048532486
277.00000000000	0.18361590802670
278.00000000000	0.18363125622272
279.00000000000	0.18364655971527
280.00000000000	0.18366178870201
281.00000000000	0.18367695808411
282.00000000000	0.18369206786156
283.00000000000	0.18370710313320
284.00000000000	0.18372209370136
285.00000000000	0.18373700976372
286.00000000000	0.18375188112259
287.00000000000	0.18376667797565
288.00000000000	0.18378141522408
289.00000000000	0.18379610776901
290.00000000000	0.18381072580814
291.00000000000	0.18382529914379
292.00000000000	0.18383981287479
293.00000000000	0.18385425209999
294.00000000000	0.18386864662170
295.00000000000	0.18388299643993
296.00000000000	0.18389727175236
297.00000000000	0.18391150236130
298.00000000000	0.18392567336559
299.00000000000	0.18393978476524
300.00000000000	0.18395383656025
301.00000000000	0.18396784365177
302.00000000000	0.18398180603981
303.00000000000	0.18399570882320
304.00000000000	0.18400955200195
305.00000000000	0.18402333557606
306.00000000000	0.18403708934784
307.00000000000	0.18405076861382
308.00000000000	0.18406441807747
309.00000000000	0.18407799303532
310.00000000000	0.18409153819084
311.00000000000	0.18410502374172
312.00000000000	0.18411844968796
313.00000000000	0.18413184583187
314.00000000000	0.18414518237114
315.00000000000	0.18415845930576
316.00000000000	0.18417170643806
317.00000000000	0.18418489396572
318.00000000000	0.18419803678989
319.00000000000	0.18421112000942
320.00000000000	0.18422417342663
321.00000000000	0.18423716723919
322.00000000000	0.18425011634827
323.00000000000	0.18426302075386
324.00000000000	0.18427588045597
325.00000000000	0.18428869545460
326.00000000000	0.18430146574974
327.00000000000	0.18431419134140
328.00000000000	0.18432685732841
329.00000000000	0.18433949351311
330.00000000000	0.18435208499432
331.00000000000	0.18436463177204
332.00000000000	0.18437711894512
333.00000000000	0.18438957631588
334.00000000000	0.18440198898315
335.00000000000	0.18441435694695
336.00000000000	0.18442669510841
337.00000000000	0.18443897366524
338.00000000000	0.18445120751858
339.00000000000	0.18446341156960
340.00000000000	0.18447557091713
341.00000000000	0.18448768556118
342.00000000000	0.18449975550175
343.00000000000	0.18451179563999
344.00000000000	0.18452379107475
345.00000000000	0.18453574180603
346.00000000000	0.18454766273499
347.00000000000	0.18455952405930
348.00000000000	0.18457135558128
349.00000000000	0.18458315730095
350.00000000000	0.18459491431713
351.00000000000	0.18460662662983
352.00000000000	0.18461830914021
353.00000000000	0.18462994694710
354.00000000000	0.18464154005051
355.00000000000	0.18465310335159
356.00000000000	0.18466462194920
357.00000000000	0.18467611074448
358.00000000000	0.18468756973743
359.00000000000	0.18469896912575
360.00000000000	0.18471035361290
361.00000000000	0.18472169339657
362.00000000000	0.18473298847675
363.00000000000	0.18474425375462
364.00000000000	0.18475548923016
365.00000000000	0.18476668000221
366.00000000000	0.18477784097195
367.00000000000	0.18478895723820
368.00000000000	0.18480004370213
369.00000000000	0.18481110036373
370.00000000000	0.18482211232185
371.00000000000	0.18483309447765
372.00000000000	0.18484404683113
373.00000000000	0.18485496938229
374.00000000000	0.18486584722996
375.00000000000	0.18487669527531
376.00000000000	0.18488749861717
377.00000000000	0.18489828705788
378.00000000000	0.18490903079510
379.00000000000	0.18491974473000
380.00000000000	0.18493042886257
381.00000000000	0.18494106829166
382.00000000000	0.18495169281960
383.00000000000	0.18496227264404
384.00000000000	0.18497282266617
385.00000000000	0.18498334288597
386.00000000000	0.18499383330345
387.00000000000	0.18500427901745
388.00000000000	0.18501470983028
389.00000000000	0.18502509593964
390.00000000000	0.18503545224667
391.00000000000	0.18504579365253
392.00000000000	0.18505609035492
393.00000000000	0.18506635725498
394.00000000000	0.18507659435272
395.00000000000	0.18508680164814
396.00000000000	0.18509697914124
397.00000000000	0.18510712683201
398.00000000000	0.18511725962162
399.00000000000	0.18512734770775
400.00000000000	0.18513740599155
401.00000000000	0.18514743447304
402.00000000000	0.18515743315220
403.00000000000	0.18516740202904
404.00000000000	0.18517735600471
405.00000000000	0.18518726527691
406.00000000000	0.18519714474678
407.00000000000	0.18520700931549
408.00000000000	0.18521684408188
409.00000000000	0.18522663414478
410.00000000000	0.18523640930653
411.00000000000	0.18524615466595
412.00000000000	0.18525587022305
413.00000000000	0.18526557087898
414.00000000000	0.18527522683144
415.00000000000	0.18528486788273
416.00000000000	0.18529447913170
417.00000000000	0.18530406057835
418.00000000000	0.18531361222267
419.00000000000	0.18532314896584
420.00000000000	0.18533264100552
421.00000000000	0.18534211814404
422.00000000000	0.18535156548023
423.00000000000	0.18536099791527
424.00000000000	0.18537038564682
425.00000000000	0.18537975847721
426.00000000000	0.18538911640644
427.00000000000	0.18539842963219
428.00000000000	0.18540772795677
429.00000000000	0.18541699647903
430.00000000000	0.18542623519897
431.00000000000	0.18543545901775
432.00000000000	0.18544465303421
433.00000000000	0.18545381724834
434.00000000000	0.18546296656132
435.00000000000	0.18547208607197
436.00000000000	0.18548119068146
437.00000000000	0.18549025058746
438.00000000000	0.18549929559231
439.00000000000	0.18550832569599
440.00000000000	0.18551732599735
441.00000000000	0.18552629649639
442.00000000000	0.18553525209427
443.00000000000	0.18554417788982
444.00000000000	0.18555308878422
445.00000000000	0.18556196987629
446.00000000000	0.18557082116604
447.00000000000	0.18557965755463
448.00000000000	0.18558846414089
449.00000000000	0.18559725582600
450.00000000000	0.18560601770878
451.00000000000	0.18561476469040
452.00000000000	0.18562348186970
453.00000000000	0.18563218414783
454.00000000000	0.18564085662365
455.00000000000	0.18564951419830
456.00000000000	0.18565814197063
457.00000000000	0.18566673994064
458.00000000000	0.18567533791065
459.00000000000	0.18568389117718
460.00000000000	0.18569244444370
461.00000000000	0.18570096790791
462.00000000000	0.18570946156979
463.00000000000	0.18571794033051
464.00000000000	0.18572638928890
465.00000000000	0.18573482334614
466.00000000000	0.18574324250221
467.00000000000	0.18575163185596
468.00000000000	0.18576000630856
469.00000000000	0.18576836585999
470.00000000000	0.18577669560909
471.00000000000	0.18578499555588
472.00000000000	0.18579328060150
473.00000000000	0.18580155074596
474.00000000000	0.18580980598927
475.00000000000	0.18581803143024
476.00000000000	0.18582624197006
477.00000000000	0.18583442270756
478.00000000000	0.18584258854389
479.00000000000	0.18585073947906
480.00000000000	0.18585886061192
481.00000000000	0.18586696684361
482.00000000000	0.18587505817413
483.00000000000	0.18588311970234
484.00000000000	0.18589118123055
485.00000000000	0.18589919805527
486.00000000000	0.18590721487999
487.00000000000	0.18591520190239
488.00000000000	0.18592317402363
489.00000000000	0.18593113124371
490.00000000000	0.18593905866146
491.00000000000	0.18594697117805
492.00000000000	0.18595486879349
493.00000000000	0.18596273660660
494.00000000000	0.18597060441971
495.00000000000	0.18597844243050
496.00000000000	0.18598626554012
497.00000000000	0.18599405884743
498.00000000000	0.18600185215473
499.00000000000	0.18600961565971
500.00000000000	0.18601736426353
501.00000000000	0.18602508306503
502.00000000000	0.18603280186653
503.00000000000	0.18604049086571
504.00000000000	0.18604816496372
505.00000000000	0.18605582416058
506.00000000000	0.18606345355511
507.00000000000	0.18607108294964
508.00000000000	0.18607868254185
509.00000000000	0.18608626723289
510.00000000000	0.18609383702278
511.00000000000	0.18610139191151
512.00000000000	0.18610893189907
513.00000000000	0.18611644208431
514.00000000000	0.18612393736839
515.00000000000	0.18613141775131
516.00000000000	0.18613888323307
517.00000000000	0.18614633381367
518.00000000000	0.18615376949310
519.00000000000	0.18616119027138
520.00000000000	0.18616858124733
521.00000000000	0.18617597222328
522.00000000000	0.18618333339691
523.00000000000	0.18619067966938
524.00000000000	0.18619801104069
525.00000000000	0.18620532751083
526.00000000000	0.18621262907982
527.00000000000	0.18621990084648
528.00000000000	0.18622717261314
529.00000000000	0.18623442947865
530.00000000000	0.18624165654182
531.00000000000	0.18624888360500
532.00000000000	0.18625608086586
533.00000000000	0.18626326322556
534.00000000000	0.18627043068409
535.00000000000	0.18627759814262
536.00000000000	0.18628473579884
537.00000000000	0.18629185855389
538.00000000000	0.18629896640778
539.00000000000	0.18630605936050
540.00000000000	0.18631313741207
541.00000000000	0.18632020056248
542.00000000000	0.18632723391056
543.00000000000	0.18633426725864
544.00000000000	0.18634128570557
545.00000000000	0.18634828925133
546.00000000000	0.18635527789593
547.00000000000	0.18636225163937
548.00000000000	0.18636919558048
549.00000000000	0.18637613952160
550.00000000000	0.18638306856155
551.00000000000	0.18638998270035
552.00000000000	0.18639688193798
553.00000000000	0.18640375137329
554.00000000000	0.18641062080860
555.00000000000	0.18641747534275
556.00000000000	0.18642431497574
557.00000000000	0.18643113970757
558.00000000000	0.18643794953823
559.00000000000	0.18644474446774
560.00000000000	0.18645152449608
561.00000000000	0.18645828962326
562.00000000000	0.18646503984928
563.00000000000	0.18647177517414
564.00000000000	0.18647851049900
565.00000000000	0.18648521602154
566.00000000000	0.18649190664291
567.00000000000	0.18649859726429
568.00000000000	0.18650525808334
569.00000000000	0.18651191890240
570.00000000000	0.18651854991913
571.00000000000	0.18652518093586
572.00000000000	0.18653179705143
573.00000000000	0.18653839826584
574.00000000000	0.18654498457909
575.00000000000	0.18655155599117
576.00000000000	0.18655811250210
577.00000000000	0.18656466901302
578.00000000000	0.18657119572163
579.00000000000	0.18657770752907
580.00000000000	0.18658421933651
581.00000000000	0.18659071624279
582.00000000000	0.18659719824791
583.00000000000	0.18660366535187
584.00000000000	0.18661011755466
585.00000000000	0.18661655485630
586.00000000000	0.18662297725677
587.00000000000	0.18662939965725
588.00000000000	0.18663580715656
589.00000000000	0.18664218485355
590.00000000000	0.18664856255054
591.00000000000	0.18665492534637
592.00000000000	0.18666127324104
593.00000000000	0.18666762113571
594.00000000000	0.18667393922806
595.00000000000	0.18668025732040
596.00000000000	0.18668656051159
597.00000000000	0.18669284880161
598.00000000000	0.18669912219048
599.00000000000	0.18670538067818
600.00000000000	0.18671163916588
601.00000000000	0.18671788275242
602.00000000000	0.18672411143780
603.00000000000	0.18673032522202
604.00000000000	0.18673652410507
605.00000000000	0.18674270808697
606.00000000000	0.18674889206886
607.00000000000	0.18675506114960
608.00000000000	0.18676121532917
609.00000000000	0.18676735460758
610.00000000000	0.18677347898483
611.00000000000	0.18677960336208
612.00000000000	0.18678571283817
613.00000000000	0.18679180741310
614.00000000000	0.18679788708687
615.00000000000	0.18680396676064
616.00000000000	0.18681001663208
617.00000000000	0.18681606650352
618.00000000000	0.18682211637497
619.00000000000	0.18682813644409
620.00000000000	0.18683415651321
621.00000000000	0.18684014678001
622.00000000000	0.18684613704681
623.00000000000	0.18685212731361
624.00000000000	0.18685808777809
625.00000000000	0.18686404824257
626.00000000000	0.18686999380589
627.00000000000	0.18687592446804
628.00000000000	0.18688185513020
629.00000000000	0.18688777089119
630.00000000000	0.18689367175102
631.00000000000	0.18689955770969
632.00000000000	0.18690544366837
633.00000000000	0.18691131472588
634.00000000000	0.18691717088223
635.00000000000	0.18692301213741
636.00000000000	0.18692885339260
637.00000000000	0.18693467974663
638.00000000000	0.18694049119949
639.00000000000	0.18694628775120
640.00000000000	0.18695208430290
641.00000000000	0.18695786595345
642.00000000000	0.18696364760399
643.00000000000	0.18696939945221
644.00000000000	0.18697515130043
645.00000000000	0.18698088824749
646.00000000000	0.18698662519455
647.00000000000	0.18699234724045
648.00000000000	0.18699805438519
649.00000000000	0.18700374662876
650.00000000000	0.18700943887234
651.00000000000	0.18701511621475
652.00000000000	0.18702077865601
653.00000000000	0.18702644109726
654.00000000000	0.18703208863735
655.00000000000	0.18703772127628
656.00000000000	0.18704335391521
657.00000000000	0.18704897165298
658.00000000000	0.18705457448959
659.00000000000	0.18706016242504
660.00000000000	0.18706575036049
661.00000000000	0.18707132339478
662.00000000000	0.18707689642906
663.00000000000	0.18708245456219
664.00000000000	0.18708799779415
665.00000000000	0.18709354102612
666.00000000000	0.18709906935692
667.00000000000	0.18710458278656
668.00000000000	0.18711008131504
669.00000000000	0.18711557984352
670.00000000000	0.18712107837200
671.00000000000	0.18712654709816
672.00000000000	0.18713201582432
673.00000000000	0.18713748455048
674.00000000000	0.18714292347431
675.00000000000	0.18714836239815
676.00000000000	0.18715380132198
677.00000000000	0.18715922534466
678.00000000000	0.18716463446617
679.00000000000	0.18717002868652
680.00000000000	0.18717542290688
681.00000000000	0.18718080222607
682.00000000000	0.18718618154526
683.00000000000	0.18719154596329
684.00000000000	0.18719689548016
685.00000000000	0.18720224499702
686.00000000000	0.18720757961273
687.00000000000	0.18721291422844
688.00000000000	0.18721823394299
689.00000000000	0.18722353875637
690.00000000000	0.18722884356976
691.00000000000	0.18723413348198
692.00000000000	0.18723940849304
693.00000000000	0.18724468350410
694.00000000000	0.18724995851517
695.00000000000	0.18725520372391
696.00000000000	0.18726044893265
697.00000000000	0.18726569414139
698.00000000000	0.18727092444897
699.00000000000	0.18727613985538
700.00000000000	0.18728135526180
701.00000000000	0.18728655576706
702.00000000000	0.18729174137115
703.00000000000	0.18729692697525
704.00000000000	0.18730209767818
705.00000000000	0.18730726838112
706.00000000000	0.18731242418289
707.00000000000	0.18731757998466
708.00000000000	0.18732272088528
709.00000000000	0.18732784688473
710.00000000000	0.18733297288418
711.00000000000	0.18733809888363
712.00000000000	0.18734319508076
713.00000000000	0.18734829127789
714.00000000000	0.18735338747501
715.00000000000	0.18735846877098
716.00000000000	0.18736355006695
717.00000000000	0.18736860156059
718.00000000000	0.18737366795540
719.00000000000	0.18737871944904
720.00000000000	0.18738375604153
721.00000000000	0.18738877773285
722.00000000000	0.18739381432533
723.00000000000	0.18739882111549
724.00000000000	0.18740382790565
725.00000000000	0.18740883469582
726.00000000000	0.18741382658482
727.00000000000	0.18741880357265
728.00000000000	0.18742378056049
729.00000000000	0.18742874264717
730.00000000000	0.18743370473385
731.00000000000	0.18743865191936
732.00000000000	0.18744359910488
733.00000000000	0.18744853138924
734.00000000000	0.18745344877243
735.00000000000	0.18745836615562
736.00000000000	0.18746328353882
737.00000000000	0.18746818602085
738.00000000000	0.18747307360172
739.00000000000	0.18747796118259
740.00000000000	0.18748284876347
741.00000000000	0.18748772144318
742.00000000000	0.18749257922173
743.00000000000	0.18749743700027
744.00000000000	0.18750227987766
745.00000000000	0.18750712275505
746.00000000000	0.18751195073128
747.00000000000	0.18751677870750
748.00000000000	0.18752159178257
749.00000000000	0.18752640485764
750.00000000000	0.18753120303154
751.00000000000	0.18753600120544
752.00000000000	0.18754078447819
753.00000000000	0.18754556775093
754.00000000000	0.18755033612251
755.00000000000	0.18755510449409
756.00000000000	0.18755985796452
757.00000000000	0.18756461143494
758.00000000000	0.18756935000420
759.00000000000	0.18757408857346
760.00000000000	0.18757881224155
761.00000000000	0.18758353590965
762.00000000000	0.18758824467659
763.00000000000	0.18759295344353
764.00000000000	0.18759764730930
765.00000000000	0.18760234117508
766.00000000000	0.18760702013969
767.00000000000	0.18761169910431
768.00000000000	0.18761636316776
769.00000000000	0.18762102723122
770.00000000000	0.18762569129467
771.00000000000	0.18763032555580
772.00000000000	0.18763497471809
773.00000000000	0.18763960897923
774.00000000000	0.18764422833920
775.00000000000	0.18764884769917
776.00000000000	0.18765346705914
777.00000000000	0.18765807151794
778.00000000000	0.18766266107559
779.00000000000	0.18766725063324
780.00000000000	0.18767184019089
781.00000000000	0.18767641484737
782.00000000000	0.18768098950386
783.00000000000	0.18768554925919
784.00000000000	0.18769010901451
785.00000000000	0.18769465386868
786.00000000000	0.18769919872284
787.00000000000	0.18770372867584
788.00000000000	0.18770825862885
789.00000000000	0.18771277368069
790.00000000000	0.18771728873253
791.00000000000	0.18772180378437
792.00000000000	0.18772630393505
793.00000000000	0.18773080408573
794.00000000000	0.18773528933525
795.00000000000	0.18773977458477
796.00000000000	0.18774424493313
797.00000000000	0.18774871528149
798.00000000000	0.18775317072868
799.00000000000	0.18775762617588
800.00000000000	0.18776208162308
801.00000000000	0.18776652216911
802.00000000000	0.18777094781399
803.00000000000	0.18777537345886
804.00000000000	0.18777979910374
805.00000000000	0.18778420984745
806.00000000000	0.18778862059116
807.00000000000	0.18779303133488
808.00000000000	0.18779742717743
809.00000000000	0.18780180811882
810.00000000000	0.18780618906021
811.00000000000	0.18781057000160
812.00000000000	0.18781493604183
813.00000000000	0.18781930208206
814.00000000000	0.18782366812229
815.00000000000	0.18782801926136
816.00000000000	0.18783235549927
817.00000000000	0.18783669173717
818.00000000000	0.18784102797508
819.00000000000	0.18784534931183
820.00000000000	0.18784967064857
821.00000000000	0.18785399198532
822.00000000000	0.18785829842091
823.00000000000	0.18786258995533
824.00000000000	0.18786689639091
825.00000000000	0.18787117302418
826.00000000000	0.18787546455860
827.00000000000	0.18787974119186
828.00000000000	0.18788400292397
829.00000000000	0.18788826465607
830.00000000000	0.18789252638817
831.00000000000	0.18789677321911
832.00000000000	0.18790102005005
833.00000000000	0.18790526688099
834.00000000000	0.18790949881077
835.00000000000	0.18791373074055
836.00000000000	0.18791794776917
837.00000000000	0.18792216479778
838.00000000000	0.18792636692524
839.00000000000	0.18793056905270
840.00000000000	0.18793477118015
841.00000000000	0.18793895840645
842.00000000000	0.18794314563274
843.00000000000	0.18794733285904
844.00000000000	0.18795150518417
845.00000000000	0.18795567750931
846.00000000000	0.18795983493328
847.00000000000	0.18796399235725
848.00000000000	0.18796813488007
849.00000000000	0.18797227740288
850.00000000000	0.18797641992569
851.00000000000	0.18798056244850
852.00000000000	0.18798469007015
853.00000000000	0.18798880279064
854.00000000000	0.18799291551113
855.00000000000	0.18799702823162
856.00000000000	0.18800114095211
857.00000000000	0.18800523877144
858.00000000000	0.18800932168961
859.00000000000	0.18801341950893
860.00000000000	0.18801750242710
861.00000000000	0.18802157044411
862.00000000000	0.18802563846111
863.00000000000	0.18802970647812
864.00000000000	0.18803377449512
865.00000000000	0.18803782761097
866.00000000000	0.18804186582565
867.00000000000	0.18804591894150
868.00000000000	0.18804994225502
869.00000000000	0.18805398046970
870.00000000000	0.18805800378323
871.00000000000	0.18806202709675
872.00000000000	0.18806603550911
873.00000000000	0.18807004392147
874.00000000000	0.18807405233383
875.00000000000	0.18807806074619
876.00000000000	0.18808203935623
877.00000000000	0.18808603286743
878.00000000000	0.18809001147747
879.00000000000	0.18809399008751
880.00000000000	0.18809796869755
881.00000000000	0.18810193240643
882.00000000000	0.18810589611530
883.00000000000	0.18810984492302
884.00000000000	0.18811379373074
885.00000000000	0.18811774253845
886.00000000000	0.18812167644501
887.00000000000	0.18812561035156
888.00000000000	0.18812954425812
889.00000000000	0.18813346326351
890.00000000000	0.18813738226891
891.00000000000	0.18814130127430
892.00000000000	0.18814520537853
893.00000000000	0.18814910948277
894.00000000000	0.18815301358700
895.00000000000	0.18815690279007
896.00000000000	0.18816079199314
897.00000000000	0.18816466629505
898.00000000000	0.18816855549812
899.00000000000	0.18817241489887
900.00000000000	0.18817628920078
901.00000000000	0.18818014860153
902.00000000000	0.18818400800228
903.00000000000	0.18818785250187
904.00000000000	0.18819169700146
905.00000000000	0.18819554150105
906.00000000000	0.18819938600063
907.00000000000	0.18820321559906
908.00000000000	0.18820704519749
909.00000000000	0.18821085989475
910.00000000000	0.18821467459202
911.00000000000	0.18821848928928
912.00000000000	0.18822228908539
913.00000000000	0.18822608888149
914.00000000000	0.18822988867760
915.00000000000	0.18823368847370
916.00000000000	0.18823747336864
917.00000000000	0.18824124336243
918.00000000000	0.18824502825737
919.00000000000	0.18824879825115
920.00000000000	0.18825256824493
921.00000000000	0.18825632333755
922.00000000000	0.18826007843018
923.00000000000	0.18826383352280
924.00000000000	0.18826758861542
925.00000000000	0.18827132880688
926.00000000000	0.18827506899834
927.00000000000	0.18827879428864
928.00000000000	0.18828251957893
929.00000000000	0.18828624486923
930.00000000000	0.18828997015953
931.00000000000	0.18829368054867
932.00000000000	0.18829739093781
933.00000000000	0.18830110132694
934.00000000000	0.18830479681492
935.00000000000	0.18830849230289
936.00000000000	0.18831217288971
937.00000000000	0.18831586837769
938.00000000000	0.18831954896450
939.00000000000	0.18832321465015
940.00000000000	0.18832689523697
941.00000000000	0.18833056092262
942.00000000000	0.18833422660828
943.00000000000	0.18833787739277
944.00000000000	0.18834152817726
945.00000000000	0.18834517896175
946.00000000000	0.18834882974625
947.00000000000	0.18835246562958
948.00000000000	0.18835610151291
949.00000000000	0.18835972249508
950.00000000000	0.18836335837841
951.00000000000	0.18836697936058
952.00000000000	0.18837058544159
953.00000000000	0.18837420642376
954.00000000000	0.18837781250477
955.00000000000	0.18838141858578
956.00000000000	0.18838500976562
957.00000000000	0.18838860094547
958.00000000000	0.18839219212532
959.00000000000	0.18839578330517
960.00000000000	0.18839935958385
961.00000000000	0.18840293586254
962.00000000000	0.18840651214123
963.00000000000	0.18841007351875
964.00000000000	0.18841363489628
965.00000000000	0.18841719627380
966.00000000000	0.18842074275017
967.00000000000	0.18842430412769
968.00000000000	0.18842785060406
969.00000000000	0.18843138217926
970.00000000000	0.18843492865562
971.00000000000	0.18843846023083
972.00000000000	0.18844197690487
973.00000000000	0.18844550848007
974.00000000000	0.18844902515411
975.00000000000	0.18845254182816
976.00000000000	0.18845604360104
977.00000000000	0.18845956027508
978.00000000000	0.18846306204796
979.00000000000	0.18846654891968
980.00000000000	0.18847005069256
981.00000000000	0.18847353756428
982.00000000000	0.18847702443600
983.00000000000	0.18848051130772
984.00000000000	0.18848398327827
985.00000000000	0.18848745524883
986.00000000000	0.18849092721939
987.00000000000	0.18849438428879
988.00000000000	0.18849784135818
989.00000000000	0.18850129842758
990.00000000000	0.18850475549698
991.00000000000	0.18850819766521
992.00000000000	0.18851163983345
993.00000000000	0.18851508200169
994.00000000000	0.18851850926876
995.00000000000	0.18852195143700
996.00000000000	0.18852537870407
997.00000000000	0.18852879106998
998.00000000000	0.18853221833706
999.00000000000	0.18853563070297
1000.0000000000	0.18853904306889
#
#"Incident Energy @ Incident Angle 0° / eV"	"Total [Real]"
#---------------------------------------------------------
0.0000000000000	0.49599999189377
1.0000000000000	0.65804046392441
2.0000000000000	0.67470830678940
3.0000000000000	0.68934917449951
4.0000000000000	0.70321774482727
5.0000000000000	0.71669566631317
6.0000000000000	0.72994685173035
7.0000000000000	0.74305486679077
8.0000000000000	0.75606644153595
9.0000000000000	0.76900953054428
10.000000000000	0.78190129995346
11.000000000000	0.79475247859955
12.000000000000	0.80756950378418
13.000000000000	0.82035648822784
14.000000000000	0.83311545848846
15.000000000000	0.84584701061249
16.000000000000	0.85855108499527
17.000000000000	0.87122696638107
18.000000000000	0.88387346267700
19.000000000000	0.89648902416229
20.000000000000	0.90907180309296
21.000000000000	0.92162001132965
22.000000000000	0.93413162231445
23.000000000000	0.94660449028015
24.000000000000	0.95903646945953
25.000000000000	0.97142553329468
26.000000000000	0.98376953601837
27.000000000000	0.99606633186340
28.000000000000	1.0083138942719
29.000000000000	1.0205100774765
30.000000000000	1.0326532125473
31.000000000000	1.0447411537170
32.000000000000	1.0567719936371
33.000000000000	1.0687440633774
34.000000000000	1.0806555747986
35.000000000000	1.0925049781799
36.000000000000	1.1042903661728
37.000000000000	1.1160104274750
38.000000000000	1.1276636123657
39.000000000000	1.1392483711243
40.000000000000	1.1507635116577
41.000000000000	1.1622078418732
42.000000000000	1.1735796928406
43.000000000000	1.1848783493042
44.000000000000	1.1961026191711
45.000000000000	1.2072510719299
46.000000000000	1.2183231115341
47.000000000000	1.2293176651001
48.000000000000	1.2402338981628
49.000000000000	1.2510707378387
50.000000000000	1.2618277072906
51.000000000000	1.2725040912628
52.000000000000	1.2830988168716
53.000000000000	1.2936116456985
54.000000000000	1.3040418624878
55.000000000000	1.3143889904022
56.000000000000	1.3246523141861
57.000000000000	1.3348317146301
58.000000000000	1.3449263572693
59.000000000000	1.3549363613129
60.000000000000	1.3648612499237
61.000000000000	1.3747005462646
62.000000000000	1.3844540119171
63.000000000000	1.3941216468811
64.000000000000	1.4037030935287
65.000000000000	1.4131984710693
66.000000000000	1.4226071834564
67.000000000000	1.4319295883179
68.000000000000	1.4411655664444
69.000000000000	1.4503148794174
70.000000000000	1.4593777656555
71.000000000000	1.4683542251587
72.000000000000	1.4772440195084
73.000000000000	1.4860477447510
74.000000000000	1.4947650432587
75.000000000000	1.5033962726593
76.000000000000	1.5119416713715
77.000000000000	1.5204012393951
78.000000000000	1.5287753343582
79.000000000000	1.5370640754700
80.000000000000	1.5452677011490
81.000000000000	1.5533865690231
82.000000000000	1.5614206790924
83.000000000000	1.5693707466125
84.000000000000	1.5772367715836
85.000000000000	1.5850191116333
86.000000000000	1.5927183628082
87.000000000000	1.6003345251083
88.000000000000	1.6078681945801
89.000000000000	1.6153196096420
90.000000000000	1.6226892471313
91.000000000000	1.6299774646759
92.000000000000	1.6371849775314
93.000000000000	1.6443116664886
94.000000000000	1.6513583660126
95.000000000000	1.6583254337311
96.000000000000	1.6652133464813
97.000000000000	1.6720225811005
98.000000000000	1.6787533760071
99.000000000000	1.6854064464569
100.00000000000	1.6919822692871
101.00000000000	1.6984813213348
102.00000000000	1.7049040794373
103.00000000000	1.7112510204315
104.00000000000	1.7175226211548
105.00000000000	1.7237195968628
106.00000000000	1.7298421859741
107.00000000000	1.7358912229538
108.00000000000	1.7418670654297
109.00000000000	1.7477700710297
110.00000000000	1.7536011934280
111.00000000000	1.7593605518341
112.00000000000	1.7650490999222
113.00000000000	1.7706670761108
114.00000000000	1.7762151956558
115.00000000000	1.7816938161850
116.00000000000	1.7871036529541
117.00000000000	1.7924451828003
118.00000000000	1.7977190017700
119.00000000000	1.8029255867004
120.00000000000	1.8080656528473
121.00000000000	1.8131396770477
122.00000000000	1.8181480169296
123.00000000000	1.8230916261673
124.00000000000	1.8279707431793
125.00000000000	1.8327860832214
126.00000000000	1.8375380039215
127.00000000000	1.8422274589539
128.00000000000	1.8468544483185
129.00000000000	1.8514199256897
130.00000000000	1.8559243679047
131.00000000000	1.8603682518005
132.00000000000	1.8647521734238
133.00000000000	1.8690767288208
134.00000000000	1.8733422756195
135.00000000000	1.8775496482849
136.00000000000	1.8816990852356
137.00000000000	1.8857914209366
138.00000000000	1.8898268938065
139.00000000000	1.8938062191010
140.00000000000	1.8977299928665
141.00000000000	1.9015985727310
142.00000000000	1.9054125547409
143.00000000000	1.9091725349426
144.00000000000	1.9128789901733
145.00000000000	1.9165322780609
146.00000000000	1.9201331138611
147.00000000000	1.9236820936203
148.00000000000	1.9271793365479
149.00000000000	1.9306257963181
150.00000000000	1.9340218305588
151.00000000000	1.9373679161072
152.00000000000	1.9406642913818
153.00000000000	1.9439120292664
154.00000000000	1.9471111297607
155.00000000000	1.9502620697021
156.00000000000	1.9533658027649
157.00000000000	1.9564223289490
158.00000000000	1.9594323635101
159.00000000000	1.9623963832855
160.00000000000	1.9653148651123
161.00000000000	1.9681880474091
162.00000000000	1.9710167646408
163.00000000000	1.9738012552261
164.00000000000	1.9765418767929
165.00000000000	1.9792394638062
166.00000000000	1.9818938970566
167.00000000000	1.9845061302185
168.00000000000	1.9870765209198
169.00000000000	1.9896051883698
170.00000000000	1.9920930862427
171.00000000000	1.9945402145386
172.00000000000	1.9969470500946
173.00000000000	1.9993143081665
174.00000000000	2.0016419887543
175.00000000000	2.0039308071136
176.00000000000	2.0061812400818
177.00000000000	2.0083935260773
178.00000000000	2.0105681419373
179.00000000000	2.0127055644989
180.00000000000	2.0148057937622
181.00000000000	2.0168697834015
182.00000000000	2.0188975334167
183.00000000000	2.0208897590637
184.00000000000	2.0228466987610
185.00000000000	2.0247685909271
186.00000000000	2.0266559123993
187.00000000000	2.0285091400146
188.00000000000	2.0303285121918
189.00000000000	2.0321145057678
190.00000000000	2.0338673591614
191.00000000000	2.0355873107910
192.00000000000	2.0372753143311
193.00000000000	2.0389311313629
194.00000000000	2.0405554771423
195.00000000000	2.0421483516693
196.00000000000	2.0437102317810
197.00000000000	2.0452415943146
198.00000000000	2.0467426776886
199.00000000000	2.0482139587402
200.00000000000	2.0496554374695
201.00000000000	2.0510678291321
202.00000000000	2.0524513721466
203.00000000000	2.0538060665131
204.00000000000	2.0551326274872
205.00000000000	2.0564310550690
206.00000000000	2.0577018260956
207.00000000000	2.0589454174042
208.00000000000	2.0601618289948
209.00000000000	2.0613515377045
210.00000000000	2.0625147819519
211.00000000000	2.0636518001556
212.00000000000	2.0647630691528
213.00000000000	2.0658488273621
214.00000000000	2.0669090747833
215.00000000000	2.0679445266724
216.00000000000	2.0689551830292
217.00000000000	2.0699415206909
218.00000000000	2.0709037780762
219.00000000000	2.0718419551849
220.00000000000	2.0727565288544
221.00000000000	2.0736479759216
222.00000000000	2.0745160579681
223.00000000000	2.0753614902496
224.00000000000	2.0761845111847
225.00000000000	2.0769848823547
226.00000000000	2.0777635574341
227.00000000000	2.0785202980042
228.00000000000	2.0792555809021
229.00000000000	2.0799694061279
230.00000000000	2.0806624889374
231.00000000000	2.0813345909119
232.00000000000	2.0819859504700
233.00000000000	2.0826172828674
234.00000000000	2.0832283496857
235.00000000000	2.0838196277618
236.00000000000	2.0843911170959
237.00000000000	2.0849432945251
238.00000000000	2.0854763984680
239.00000000000	2.0859904289246
240.00000000000	2.0864856243134
241.00000000000	2.0869624614716
242.00000000000	2.0874209403992
243.00000000000	2.0878612995148
244.00000000000	2.0882837772369
245.00000000000	2.0886886119843
246.00000000000	2.0890760421753
247.00000000000	2.0894460678101
248.00000000000	2.0897989273071
249.00000000000	2.0901350975037
250.00000000000	2.0904545783997
251.00000000000	2.0907573699951
252.00000000000	2.0910441875458
253.00000000000	2.0913145542145
254.00000000000	2.0915694236755
255.00000000000	2.0918083190918
256.00000000000	2.0920314788818
257.00000000000	2.0922396183014
258.00000000000	2.0924324989319
259.00000000000	2.0926103591919
260.00000000000	2.0927731990814
261.00000000000	2.0929217338562
262.00000000000	2.0930557250977
263.00000000000	2.0931751728058
264.00000000000	2.0932805538177
265.00000000000	2.0933721065521
266.00000000000	2.0934498310089
267.00000000000	2.0935137271881
268.00000000000	2.0935642719269
269.00000000000	2.0936014652252
270.00000000000	2.0936255455017
271.00000000000	2.0936367511749
272.00000000000	2.0936348438263
273.00000000000	2.0936203002930
274.00000000000	2.0935933589935
275.00000000000	2.0935537815094
276.00000000000	2.0935022830963
277.00000000000	2.0934383869171
278.00000000000	2.0933628082275
279.00000000000	2.0932750701904
280.00000000000	2.0931758880615
281.00000000000	2.0930652618408
282.00000000000	2.0929429531097
283.00000000000	2.0928094387054
284.00000000000	2.0926649570465
285.00000000000	2.0925095081329
286.00000000000	2.0923428535461
287.00000000000	2.0921659469604
288.00000000000	2.0919780731201
289.00000000000	2.0917799472809
290.00000000000	2.0915713310242
291.00000000000	2.0913527011871
292.00000000000	2.0911238193512
293.00000000000	2.0908851623535
294.00000000000	2.0906362533569
295.00000000000	2.0903778076172
296.00000000000	2.0901098251343
297.00000000000	2.0898325443268
298.00000000000	2.0895457267761
299.00000000000	2.0892493724823
300.00000000000	2.0889441967010
301.00000000000	2.0886297225952
302.00000000000	2.0883066654205
303.00000000000	2.0879745483398
304.00000000000	2.0876338481903
305.00000000000	2.0872843265533
306.00000000000	2.0869264602661
307.00000000000	2.0865602493286
308.00000000000	2.0861856937408
309.00000000000	2.0858030319214
310.00000000000	2.0854120254517
311.00000000000	2.0850133895874
312.00000000000	2.0846066474915
313.00000000000	2.0841920375824
314.00000000000	2.0837700366974
315.00000000000	2.0833401679993
316.00000000000	2.0829031467438
317.00000000000	2.0824584960938
318.00000000000	2.0820064544678
319.00000000000	2.0815472602844
320.00000000000	2.0810809135437
321.00000000000	2.0806076526642
322.00000000000	2.0801272392273
323.00000000000	2.0796401500702
324.00000000000	2.0791463851929
325.00000000000	2.0786457061768
326.00000000000	2.0781385898590
327.00000000000	2.0776247978210
328.00000000000	2.0771045684814
329.00000000000	2.0765781402588
330.00000000000	2.0760452747345
331.00000000000	2.0755064487457
332.00000000000	2.0749611854553
333.00000000000	2.0744102001190
334.00000000000	2.0738530158997
335.00000000000	2.0732901096344
336.00000000000	2.0727214813232
337.00000000000	2.0721468925476
338.00000000000	2.0715668201447
339.00000000000	2.0709810256958
340.00000000000	2.0703899860382
341.00000000000	2.0697932243347
342.00000000000	2.0691912174225
343.00000000000	2.0685839653015
344.00000000000	2.0679712295532
345.00000000000	2.0673537254333
346.00000000000	2.0667309761047
347.00000000000	2.0661032199860
348.00000000000	2.0654704570770
349.00000000000	2.0648326873779
350.00000000000	2.0641903877258
351.00000000000	2.0635430812836
352.00000000000	2.0628912448883
353.00000000000	2.0622346401215
354.00000000000	2.0615735054016
355.00000000000	2.0609080791473
356.00000000000	2.0602378845215
357.00000000000	2.0595636367798
358.00000000000	2.0588848590851
359.00000000000	2.0582017898560
360.00000000000	2.0575146675110
361.00000000000	2.0568230152130
362.00000000000	2.0561275482178
363.00000000000	2.0554282665253
364.00000000000	2.0547246932983
365.00000000000	2.0540173053741
366.00000000000	2.0533061027527
367.00000000000	2.0525908470154
368.00000000000	2.0518720149994
369.00000000000	2.0511493682861
370.00000000000	2.0504231452942
371.00000000000	2.0496933460236
372.00000000000	2.0489599704742
373.00000000000	2.0482230186462
374.00000000000	2.0474827289581
375.00000000000	2.0467391014099
376.00000000000	2.0459918975830
377.00000000000	2.0452415943146
378.00000000000	2.0444877147675
379.00000000000	2.0437307357788
380.00000000000	2.0429706573486
381.00000000000	2.0422074794769
382.00000000000	2.0414414405823
383.00000000000	2.0406720638275
384.00000000000	2.0398998260498
385.00000000000	2.0391247272491
386.00000000000	2.0383465290070
387.00000000000	2.0375654697418
388.00000000000	2.0367817878723
389.00000000000	2.0359952449799
390.00000000000	2.0352058410645
391.00000000000	2.0344140529633
392.00000000000	2.0336194038391
393.00000000000	2.0328221321106
394.00000000000	2.0320224761963
395.00000000000	2.0312201976776
396.00000000000	2.0304152965546
397.00000000000	2.0296082496643
398.00000000000	2.0287985801697
399.00000000000	2.0279865264893
400.00000000000	2.0271720886230
401.00000000000	2.0263555049896
402.00000000000	2.0255367755890
403.00000000000	2.0247154235840
404.00000000000	2.0238921642303
405.00000000000	2.0230667591095
406.00000000000	2.0222392082214
407.00000000000	2.0214097499847
408.00000000000	2.0205779075623
409.00000000000	2.0197441577911
410.00000000000	2.0189087390900
411.00000000000	2.0180709362030
412.00000000000	2.0172314643860
413.00000000000	2.0163900852203
414.00000000000	2.0155467987061
415.00000000000	2.0147018432617
416.00000000000	2.0138547420502
417.00000000000	2.0130062103271
418.00000000000	2.0121560096741
419.00000000000	2.0113039016724
420.00000000000	2.0104501247406
421.00000000000	2.0095949172974
422.00000000000	2.0087378025055
423.00000000000	2.0078794956207
424.00000000000	2.0070192813873
425.00000000000	2.0061578750610
426.00000000000	2.0052947998047
427.00000000000	2.0044302940369
428.00000000000	2.0035643577576
429.00000000000	2.0026969909668
430.00000000000	2.0018281936646
431.00000000000	2.0009579658508
432.00000000000	2.0000867843628
433.00000000000	1.9992139339447
434.00000000000	1.9983400106430
435.00000000000	1.9974646568298
436.00000000000	1.9965883493423
437.00000000000	1.9957104921341
438.00000000000	1.9948318004608
439.00000000000	1.9939517974854
440.00000000000	1.9930706024170
441.00000000000	1.9921883344650
442.00000000000	1.9913051128387
443.00000000000	1.9904206991196
444.00000000000	1.9895353317261
445.00000000000	1.9886488914490
446.00000000000	1.9877614974976
447.00000000000	1.9868732690811
448.00000000000	1.9859838485718
449.00000000000	1.9850937128067
450.00000000000	1.9842026233673
451.00000000000	1.9833105802536
452.00000000000	1.9824177026749
453.00000000000	1.9815239906311
454.00000000000	1.9806295633316
455.00000000000	1.9797341823578
456.00000000000	1.9788380861282
457.00000000000	1.9779412746429
458.00000000000	1.9770437479019
459.00000000000	1.9761453866959
460.00000000000	1.9752465486526
461.00000000000	1.9743467569351
462.00000000000	1.9734464883804
463.00000000000	1.9725455045700
464.00000000000	1.9716439247131
465.00000000000	1.9707417488098
466.00000000000	1.9698389768600
467.00000000000	1.9689356088638
468.00000000000	1.9680317640305
469.00000000000	1.9671273231506
470.00000000000	1.9662224054337
471.00000000000	1.9653170108795
472.00000000000	1.9644110202789
473.00000000000	1.9635045528412
474.00000000000	1.9625977277756
475.00000000000	1.9616905450821
476.00000000000	1.9607827663422
477.00000000000	1.9598747491837
478.00000000000	1.9589662551880
479.00000000000	1.9580574035645
480.00000000000	1.9571481943130
481.00000000000	1.9562387466431
482.00000000000	1.9553289413452
483.00000000000	1.9544186592102
484.00000000000	1.9535082578659
485.00000000000	1.9525974988937
486.00000000000	1.9516865015030
487.00000000000	1.9507752656937
488.00000000000	1.9498637914658
489.00000000000	1.9489519596100
490.00000000000	1.9480401277542
491.00000000000	1.9471279382706
492.00000000000	1.9462156295776
493.00000000000	1.9453032016754
494.00000000000	1.9443905353546
495.00000000000	1.9434778690338
496.00000000000	1.9425648450851
497.00000000000	1.9416519403458
498.00000000000	1.9407387971878
499.00000000000	1.9398255348206
500.00000000000	1.9389122724533
501.00000000000	1.9379988908768
502.00000000000	1.9370853900909
503.00000000000	1.9361720085144
504.00000000000	1.9352585077286
505.00000000000	1.9343450069427
506.00000000000	1.9334315061569
507.00000000000	1.9325178861618
508.00000000000	1.9316043853760
509.00000000000	1.9306908845901
510.00000000000	1.9297773838043
511.00000000000	1.9288640022278
512.00000000000	1.9279506206512
513.00000000000	1.9270373582840
514.00000000000	1.9261242151260
515.00000000000	1.9252111911774
516.00000000000	1.9242980480194
517.00000000000	1.9233851432800
518.00000000000	1.9224722385406
519.00000000000	1.9215596914291
520.00000000000	1.9206471443176
521.00000000000	1.9197347164154
522.00000000000	1.9188225269318
523.00000000000	1.9179104566574
524.00000000000	1.9169985055923
525.00000000000	1.9160869121552
526.00000000000	1.9151753187180
527.00000000000	1.9142640829086
528.00000000000	1.9133529663086
529.00000000000	1.9124420881271
530.00000000000	1.9115314483643
531.00000000000	1.9106210470200
532.00000000000	1.9097108840942
533.00000000000	1.9088008403778
534.00000000000	1.9078912734985
535.00000000000	1.9069818258286
536.00000000000	1.9060727357864
537.00000000000	1.9051638841629
538.00000000000	1.9042553901672
539.00000000000	1.9033472537994
540.00000000000	1.9024393558502
541.00000000000	1.9015316963196
542.00000000000	1.9006243944168
543.00000000000	1.8997174501419
544.00000000000	1.8988108634949
545.00000000000	1.8979046344757
546.00000000000	1.8969987630844
547.00000000000	1.8960932493210
548.00000000000	1.8951879739761
549.00000000000	1.8942831754684
550.00000000000	1.8933787345886
551.00000000000	1.8924747705460
552.00000000000	1.8915711641312
553.00000000000	1.8906677961349
554.00000000000	1.8897650241852
555.00000000000	1.8888626098633
556.00000000000	1.8879606723785
557.00000000000	1.8870590925217
558.00000000000	1.8861578702927
559.00000000000	1.8852572441101
560.00000000000	1.8843569755554
561.00000000000	1.8834571838379
562.00000000000	1.8825577497482
563.00000000000	1.8816589117050
564.00000000000	1.8807604312897
565.00000000000	1.8798625469208
566.00000000000	1.8789651393890
567.00000000000	1.8780680894852
568.00000000000	1.8771716356277
569.00000000000	1.8762755393982
570.00000000000	1.8753800392151
571.00000000000	1.8744850158691
572.00000000000	1.8735905885696
573.00000000000	1.8726966381073
574.00000000000	1.8718031644821
575.00000000000	1.8709102869034
576.00000000000	1.8700178861618
577.00000000000	1.8691260814667
578.00000000000	1.8682346343994
579.00000000000	1.8673439025879
580.00000000000	1.8664536476135
581.00000000000	1.8655639886856
582.00000000000	1.8646748065948
583.00000000000	1.8637863397598
584.00000000000	1.8628983497620
585.00000000000	1.8620109558105
586.00000000000	1.8611241579056
587.00000000000	1.8602378368378
588.00000000000	1.8593522310257
589.00000000000	1.8584671020508
590.00000000000	1.8575826883316
591.00000000000	1.8566987514496
592.00000000000	1.8558154106140
593.00000000000	1.8549327850342
594.00000000000	1.8540506362915
595.00000000000	1.8531692028046
596.00000000000	1.8522882461548
597.00000000000	1.8514081239700
598.00000000000	1.8505285978317
599.00000000000	1.8496495485306
600.00000000000	1.8487712144852
601.00000000000	1.8478934764862
602.00000000000	1.8470164537430
603.00000000000	1.8461399078369
604.00000000000	1.8452640771866
605.00000000000	1.8443889617920
606.00000000000	1.8435145616531
607.00000000000	1.8426406383514
608.00000000000	1.8417674303055
609.00000000000	1.8408949375153
610.00000000000	1.8400230407715
611.00000000000	1.8391518592834
612.00000000000	1.8382813930511
613.00000000000	1.8374115228653
614.00000000000	1.8365422487259
615.00000000000	1.8356738090515
616.00000000000	1.8348059654236
617.00000000000	1.8339388370514
618.00000000000	1.8330724239349
619.00000000000	1.8322066068649
620.00000000000	1.8313415050507
621.00000000000	1.8304771184921
622.00000000000	1.8296134471893
623.00000000000	1.8287503719330
624.00000000000	1.8278881311417
625.00000000000	1.8270266056061
626.00000000000	1.8261656761169
627.00000000000	1.8253055810928
628.00000000000	1.8244462013245
629.00000000000	1.8235872983932
630.00000000000	1.8227293491364
631.00000000000	1.8218719959259
632.00000000000	1.8210154771805
633.00000000000	1.8201595544815
634.00000000000	1.8193044662476
635.00000000000	1.8184499740601
636.00000000000	1.8175963163376
637.00000000000	1.8167433738708
638.00000000000	1.8158910274506
639.00000000000	1.8150396347046
640.00000000000	1.8141888380051
641.00000000000	1.8133388757706
642.00000000000	1.8124896287918
643.00000000000	1.8116410970688
644.00000000000	1.8107932806015
645.00000000000	1.8099461793900
646.00000000000	1.8091000318527
647.00000000000	1.8082543611526
648.00000000000	1.8074095249176
649.00000000000	1.8065656423569
650.00000000000	1.8057222366333
651.00000000000	1.8048797845840
652.00000000000	1.8040379285812
653.00000000000	1.8031969070435
654.00000000000	1.8023567199707
655.00000000000	1.8015172481537
656.00000000000	1.8006784915924
657.00000000000	1.7998404502869
658.00000000000	1.7990032434464
659.00000000000	1.7981668710709
660.00000000000	1.7973310947418
661.00000000000	1.7964962720871
662.00000000000	1.7956620454788
663.00000000000	1.7948287725449
664.00000000000	1.7939962148666
665.00000000000	1.7931643724442
666.00000000000	1.7923333644867
667.00000000000	1.7915031909943
668.00000000000	1.7906737327576
669.00000000000	1.7898449897766
670.00000000000	1.7890170812607
671.00000000000	1.7881898880005
672.00000000000	1.7873635292053
673.00000000000	1.7865380048752
674.00000000000	1.7857131958008
675.00000000000	1.7848891019821
676.00000000000	1.7840659618378
677.00000000000	1.7832436561584
678.00000000000	1.7824219465256
679.00000000000	1.7816010713577
680.00000000000	1.7807810306549
681.00000000000	1.7799618244171
682.00000000000	1.7791432142258
683.00000000000	1.7783255577087
684.00000000000	1.7775087356567
685.00000000000	1.7766926288605
686.00000000000	1.7758773565292
687.00000000000	1.7750627994537
688.00000000000	1.7742490768433
689.00000000000	1.7734360694885
690.00000000000	1.7726240158081
691.00000000000	1.7718127965927
692.00000000000	1.7710021734238
693.00000000000	1.7701925039291
694.00000000000	1.7693835496902
695.00000000000	1.7685754299164
696.00000000000	1.7677681446075
697.00000000000	1.7669616937637
698.00000000000	1.7661559581757
699.00000000000	1.7653509378433
700.00000000000	1.7645468711853
701.00000000000	1.7637435197830
702.00000000000	1.7629411220551
703.00000000000	1.7621394395828
704.00000000000	1.7613385915756
705.00000000000	1.7605384588242
706.00000000000	1.7597391605377
707.00000000000	1.7589406967163
708.00000000000	1.7581429481506
709.00000000000	1.7573461532593
710.00000000000	1.7565500736237
711.00000000000	1.7557549476624
712.00000000000	1.7549604177475
713.00000000000	1.7541667222977
714.00000000000	1.7533739805222
715.00000000000	1.7525820732117
716.00000000000	1.7517907619476
717.00000000000	1.7510004043579
718.00000000000	1.7502107620239
719.00000000000	1.7494219541550
720.00000000000	1.7486339807510
721.00000000000	1.7478468418121
722.00000000000	1.7470605373383
723.00000000000	1.7462749481201
724.00000000000	1.7454903125763
725.00000000000	1.7447062730789
726.00000000000	1.7439233064651
727.00000000000	1.7431409358978
728.00000000000	1.7423593997955
729.00000000000	1.7415788173676
730.00000000000	1.7407989501953
731.00000000000	1.7400197982788
732.00000000000	1.7392416000366
733.00000000000	1.7384641170502
734.00000000000	1.7376874685287
735.00000000000	1.7369116544724
736.00000000000	1.7361366748810
737.00000000000	1.7353624105453
738.00000000000	1.7345890998840
739.00000000000	1.7338163852692
740.00000000000	1.7330446243286
741.00000000000	1.7322738170624
742.00000000000	1.7315036058426
743.00000000000	1.7307343482971
744.00000000000	1.7299656867981
745.00000000000	1.7291979789734
746.00000000000	1.7284309864044
747.00000000000	1.7276649475098
748.00000000000	1.7268997430801
749.00000000000	1.7261352539062
750.00000000000	1.7253715991974
751.00000000000	1.7246086597443
752.00000000000	1.7238466739655
753.00000000000	1.7230852842331
754.00000000000	1.7223248481750
755.00000000000	1.7215652465820
756.00000000000	1.7208063602448
757.00000000000	1.7200484275818
758.00000000000	1.7192912101746
759.00000000000	1.7185347080231
760.00000000000	1.7177790403366
761.00000000000	1.7170243263245
762.00000000000	1.7162703275681
763.00000000000	1.7155171632767
764.00000000000	1.7147647142410
765.00000000000	1.7140130996704
766.00000000000	1.7132623195648
767.00000000000	1.7125124931335
768.00000000000	1.7117631435394
769.00000000000	1.7110148668289
770.00000000000	1.7102673053741
771.00000000000	1.7095205783844
772.00000000000	1.7087746858597
773.00000000000	1.7080295085907
774.00000000000	1.7072850465775
775.00000000000	1.7065415382385
776.00000000000	1.7057987451553
777.00000000000	1.7050569057465
778.00000000000	1.7043156623840
779.00000000000	1.7035752534866
780.00000000000	1.7028357982635
781.00000000000	1.7020970582962
782.00000000000	1.7013590335846
783.00000000000	1.7006218433380
784.00000000000	1.6998854875565
785.00000000000	1.6991499662399
786.00000000000	1.6984151601791
787.00000000000	1.6976811885834
788.00000000000	1.6969480514526
789.00000000000	1.6962155103683
790.00000000000	1.6954840421677
791.00000000000	1.6947531700134
792.00000000000	1.6940231323242
793.00000000000	1.6932939291000
794.00000000000	1.6925654411316
795.00000000000	1.6918379068375
796.00000000000	1.6911110877991
797.00000000000	1.6903851032257
798.00000000000	1.6896597146988
799.00000000000	1.6889352798462
800.00000000000	1.6882116794586
801.00000000000	1.6874887943268
802.00000000000	1.6867666244507
803.00000000000	1.6860452890396
804.00000000000	1.6853247880936
805.00000000000	1.6846048831940
806.00000000000	1.6838859319687
807.00000000000	1.6831678152084
808.00000000000	1.6824504137039
809.00000000000	1.6817338466644
810.00000000000	1.6810179948807
811.00000000000	1.6803029775620
812.00000000000	1.6795887947083
813.00000000000	1.6788752079010
814.00000000000	1.6781625747681
815.00000000000	1.6774505376816
816.00000000000	1.6767393350601
817.00000000000	1.6760289669037
818.00000000000	1.6753194332123
819.00000000000	1.6746106147766
820.00000000000	1.6739026308060
821.00000000000	1.6731953620911
822.00000000000	1.6724888086319
823.00000000000	1.6717830896378
824.00000000000	1.6710782051086
825.00000000000	1.6703740358353
826.00000000000	1.6696707010269
827.00000000000	1.6689680814743
828.00000000000	1.6682660579681
829.00000000000	1.6675651073456
830.00000000000	1.6668647527695
831.00000000000	1.6661652326584
832.00000000000	1.6654664278030
833.00000000000	1.6647683382034
834.00000000000	1.6640712022781
835.00000000000	1.6633746623993
836.00000000000	1.6626789569855
837.00000000000	1.6619840860367
838.00000000000	1.6612899303436
839.00000000000	1.6605964899063
840.00000000000	1.6599037647247
841.00000000000	1.6592118740082
842.00000000000	1.6585206985474
843.00000000000	1.6578304767609
844.00000000000	1.6571407318115
845.00000000000	1.6564519405365
846.00000000000	1.6557638645172
847.00000000000	1.6550765037537
848.00000000000	1.6543899774551
849.00000000000	1.6537040472031
850.00000000000	1.6530189514160
851.00000000000	1.6523346900940
852.00000000000	1.6516511440277
853.00000000000	1.6509683132172
854.00000000000	1.6502861976624
855.00000000000	1.6496049165726
856.00000000000	1.6489243507385
857.00000000000	1.6482446193695
858.00000000000	1.6475654840469
859.00000000000	1.6468871831894
860.00000000000	1.6462095975876
861.00000000000	1.6455327272415
862.00000000000	1.6448566913605
863.00000000000	1.6441814899445
864.00000000000	1.6435067653656
865.00000000000	1.6428329944611
866.00000000000	1.6421598196030
867.00000000000	1.6414874792099
868.00000000000	1.6408158540726
869.00000000000	1.6401450634003
870.00000000000	1.6394748687744
871.00000000000	1.6388055086136
872.00000000000	1.6381368637085
873.00000000000	1.6374688148499
874.00000000000	1.6368017196655
875.00000000000	1.6361353397369
876.00000000000	1.6354695558548
877.00000000000	1.6348044872284
878.00000000000	1.6341403722763
879.00000000000	1.6334767341614
880.00000000000	1.6328139305115
881.00000000000	1.6321519613266
882.00000000000	1.6314905881882
883.00000000000	1.6308300495148
884.00000000000	1.6301701068878
885.00000000000	1.6295109987259
886.00000000000	1.6288524866104
887.00000000000	1.6281948089600
888.00000000000	1.6275378465652
889.00000000000	1.6268815994263
890.00000000000	1.6262261867523
891.00000000000	1.6255712509155
892.00000000000	1.6249171495438
893.00000000000	1.6242638826370
894.00000000000	1.6236112117767
895.00000000000	1.6229592561722
896.00000000000	1.6223081350327
897.00000000000	1.6216574907303
898.00000000000	1.6210078001022
899.00000000000	1.6203587055206
900.00000000000	1.6197104454041
901.00000000000	1.6190627813339
902.00000000000	1.6184158325195
903.00000000000	1.6177697181702
904.00000000000	1.6171241998672
905.00000000000	1.6164792776108
906.00000000000	1.6158351898193
907.00000000000	1.6151919364929
908.00000000000	1.6145492792130
909.00000000000	1.6139073371887
910.00000000000	1.6132659912109
911.00000000000	1.6126255989075
912.00000000000	1.6119855642319
913.00000000000	1.6113464832306
914.00000000000	1.6107081174850
915.00000000000	1.6100703477859
916.00000000000	1.6094334125519
917.00000000000	1.6087969541550
918.00000000000	1.6081613302231
919.00000000000	1.6075264215469
920.00000000000	1.6068921089172
921.00000000000	1.6062586307526
922.00000000000	1.6056257486343
923.00000000000	1.6049937009811
924.00000000000	1.6043621301651
925.00000000000	1.6037313938141
926.00000000000	1.6031013727188
927.00000000000	1.6024719476700
928.00000000000	1.6018432378769
929.00000000000	1.6012152433395
930.00000000000	1.6005879640579
931.00000000000	1.5999612808228
932.00000000000	1.5993353128433
933.00000000000	1.5987100601196
934.00000000000	1.5980855226517
935.00000000000	1.5974615812302
936.00000000000	1.5968384742737
937.00000000000	1.5962159633636
938.00000000000	1.5955940485001
939.00000000000	1.5949729681015
940.00000000000	1.5943524837494
941.00000000000	1.5937325954437
942.00000000000	1.5931135416031
943.00000000000	1.5924949645996
944.00000000000	1.5918772220612
945.00000000000	1.5912601947784
946.00000000000	1.5906437635422
947.00000000000	1.5900280475616
948.00000000000	1.5894129276276
949.00000000000	1.5887985229492
950.00000000000	1.5881847143173
951.00000000000	1.5875716209412
952.00000000000	1.5869593620300
953.00000000000	1.5863475799561
954.00000000000	1.5857365131378
955.00000000000	1.5851261615753
956.00000000000	1.5845164060593
957.00000000000	1.5839073657990
958.00000000000	1.5832989215851
959.00000000000	1.5826911926270
960.00000000000	1.5820841789246
961.00000000000	1.5814777612686
962.00000000000	1.5808719396591
963.00000000000	1.5802669525146
964.00000000000	1.5796624422073
965.00000000000	1.5790587663651
966.00000000000	1.5784554481506
967.00000000000	1.5778530836105
968.00000000000	1.5772513151169
969.00000000000	1.5766501426697
970.00000000000	1.5760495662689
971.00000000000	1.5754498243332
972.00000000000	1.5748505592346
973.00000000000	1.5742520093918
974.00000000000	1.5736541748047
975.00000000000	1.5730569362640
976.00000000000	1.5724604129791
977.00000000000	1.5718643665314
978.00000000000	1.5712690353394
979.00000000000	1.5706744194031
980.00000000000	1.5700803995132
981.00000000000	1.5694869756699
982.00000000000	1.5688942670822
983.00000000000	1.5683022737503
984.00000000000	1.5677107572556
985.00000000000	1.5671199560165
986.00000000000	1.5665297508240
987.00000000000	1.5659402608871
988.00000000000	1.5653513669968
989.00000000000	1.5647630691528
990.00000000000	1.5641754865646
991.00000000000	1.5635885000229
992.00000000000	1.5630021095276
993.00000000000	1.5624164342880
994.00000000000	1.5618312358856
995.00000000000	1.5612468719482
996.00000000000	1.5606631040573
997.00000000000	1.5600799322128
998.00000000000	1.5594972372055
999.00000000000	1.5589153766632
1000.0000000000	1.5583341121674
#
#"Incident Energy @ Incident Angle 0° / eV"	"True [Real]"
#--------------------------------------------------------
0.0000000000000	0.0000000000000
1.0000000000000	0.019412733614445
2.0000000000000	0.038801703602076
3.0000000000000	0.058155506849289
4.0000000000000	0.077465519309044
5.0000000000000	0.096724480390549
6.0000000000000	0.11592604219913
7.0000000000000	0.13506449759007
8.0000000000000	0.15413463115692
9.0000000000000	0.17313170433044
10.000000000000	0.19205129146576
11.000000000000	0.21088926494122
12.000000000000	0.22964182496071
13.000000000000	0.24830535054207
14.000000000000	0.26687648892403
15.000000000000	0.28535211086273
16.000000000000	0.30372917652130
17.000000000000	0.32200491428375
18.000000000000	0.34017670154572
19.000000000000	0.35824206471443
20.000000000000	0.37619861960411
21.000000000000	0.39404419064522
22.000000000000	0.41177672147751
23.000000000000	0.42939427495003
24.000000000000	0.44689497351646
25.000000000000	0.46427714824677
26.000000000000	0.48153918981552
27.000000000000	0.49867957830429
28.000000000000	0.51569688320160
29.000000000000	0.53258985280991
30.000000000000	0.54935729503632
31.000000000000	0.56599795818329
32.000000000000	0.58251094818115
33.000000000000	0.59889519214630
34.000000000000	0.61514985561371
35.000000000000	0.63127416372299
36.000000000000	0.64726734161377
37.000000000000	0.66312873363495
38.000000000000	0.67885774374008
39.000000000000	0.69445383548737
40.000000000000	0.70991659164429
41.000000000000	0.72524559497833
42.000000000000	0.74044048786163
43.000000000000	0.75550103187561
44.000000000000	0.77042692899704
45.000000000000	0.78521800041199
46.000000000000	0.79987418651581
47.000000000000	0.81439536809921
48.000000000000	0.82878154516220
49.000000000000	0.84303265810013
50.000000000000	0.85714888572693
51.000000000000	0.87113022804260
52.000000000000	0.88497686386108
53.000000000000	0.89868903160095
54.000000000000	0.91226685047150
55.000000000000	0.92571067810059
56.000000000000	0.93902075290680
57.000000000000	0.95219743251801
58.000000000000	0.96524101495743
59.000000000000	0.97815197706223
60.000000000000	0.99093067646027
61.000000000000	1.0035775899887
62.000000000000	1.0160931348801
63.000000000000	1.0284779071808
64.000000000000	1.0407323837280
65.000000000000	1.0528571605682
66.000000000000	1.0648527145386
67.000000000000	1.0767196416855
68.000000000000	1.0884587764740
69.000000000000	1.1000704765320
70.000000000000	1.1115555763245
71.000000000000	1.1229146718979
72.000000000000	1.1341483592987
73.000000000000	1.1452575922012
74.000000000000	1.1562428474426
75.000000000000	1.1671050786972
76.000000000000	1.1778448820114
77.000000000000	1.1884629726410
78.000000000000	1.1989603042603
79.000000000000	1.2093375921249
80.000000000000	1.2195955514908
81.000000000000	1.2297351360321
82.000000000000	1.2397569417953
83.000000000000	1.2496620416641
84.000000000000	1.2594511508942
85.000000000000	1.2691249847412
86.000000000000	1.2786847352982
87.000000000000	1.2881308794022
88.000000000000	1.2974644899368
89.000000000000	1.3066864013672
90.000000000000	1.3157974481583
91.000000000000	1.3247984647751
92.000000000000	1.3336905241013
93.000000000000	1.3424742221832
94.000000000000	1.3511506319046
95.000000000000	1.3597207069397
96.000000000000	1.3681851625443
97.000000000000	1.3765449523926
98.000000000000	1.3848009109497
99.000000000000	1.3929541110992
100.00000000000	1.4010052680969
101.00000000000	1.4089553356171
102.00000000000	1.4168051481247
103.00000000000	1.4245557785034
104.00000000000	1.4322079420090
105.00000000000	1.4397625923157
106.00000000000	1.4472205638885
107.00000000000	1.4545829296112
108.00000000000	1.4618504047394
109.00000000000	1.4690238237381
110.00000000000	1.4761042594910
111.00000000000	1.4830924272537
112.00000000000	1.4899893999100
113.00000000000	1.4967957735062
114.00000000000	1.5035127401352
115.00000000000	1.5101408958435
116.00000000000	1.5166811943054
117.00000000000	1.5231345891953
118.00000000000	1.5295017957687
119.00000000000	1.5357837677002
120.00000000000	1.5419813394547
121.00000000000	1.5480953454971
122.00000000000	1.5541265010834
123.00000000000	1.5600758790970
124.00000000000	1.5659441947937
125.00000000000	1.5717322826385
126.00000000000	1.5774408578873
127.00000000000	1.5830709934235
128.00000000000	1.5886231660843
129.00000000000	1.5940984487534
130.00000000000	1.5994975566864
131.00000000000	1.6048213243484
132.00000000000	1.6100704669952
133.00000000000	1.6152458190918
134.00000000000	1.6203480958939
135.00000000000	1.6253782510757
136.00000000000	1.6303367614746
137.00000000000	1.6352246999741
138.00000000000	1.6400425434113
139.00000000000	1.6447912454605
140.00000000000	1.6494715213776
141.00000000000	1.6540839672089
142.00000000000	1.6586295366287
143.00000000000	1.6631088256836
144.00000000000	1.6675225496292
145.00000000000	1.6718714237213
146.00000000000	1.6761561632156
147.00000000000	1.6803776025772
148.00000000000	1.6845362186432
149.00000000000	1.6886328458786
150.00000000000	1.6926681995392
151.00000000000	1.6966428756714
152.00000000000	1.7005574703217
153.00000000000	1.7044129371643
154.00000000000	1.7082096338272
155.00000000000	1.7119482755661
156.00000000000	1.7156296968460
157.00000000000	1.7192543745041
158.00000000000	1.7228229045868
159.00000000000	1.7263361215591
160.00000000000	1.7297945022583
161.00000000000	1.7331986427307
162.00000000000	1.7365492582321
163.00000000000	1.7398469448090
164.00000000000	1.7430921792984
165.00000000000	1.7462857961655
166.00000000000	1.7494280338287
167.00000000000	1.7525198459625
168.00000000000	1.7555615901947
169.00000000000	1.7585538625717
170.00000000000	1.7614973783493
171.00000000000	1.7643924951553
172.00000000000	1.7672398090363
173.00000000000	1.7700400352478
174.00000000000	1.7727935314178
175.00000000000	1.7755008935928
176.00000000000	1.7781627178192
177.00000000000	1.7807794809341
178.00000000000	1.7833516597748
179.00000000000	1.7858798503876
180.00000000000	1.7883645296097
181.00000000000	1.7908061742783
182.00000000000	1.7932053804398
183.00000000000	1.7955626249313
184.00000000000	1.7978782653809
185.00000000000	1.8001528978348
186.00000000000	1.8023869991302
187.00000000000	1.8045810461044
188.00000000000	1.8067353963852
189.00000000000	1.8088507652283
190.00000000000	1.8109272718430
191.00000000000	1.8129656314850
192.00000000000	1.8149663209915
193.00000000000	1.8169295787811
194.00000000000	1.8188560009003
195.00000000000	1.8207459449768
196.00000000000	1.8225997686386
197.00000000000	1.8244180679321
198.00000000000	1.8262012004852
199.00000000000	1.8279496431351
200.00000000000	1.8296636343002
201.00000000000	1.8313437700272
202.00000000000	1.8329902887344
203.00000000000	1.8346036672592
204.00000000000	1.8361843824387
205.00000000000	1.8377326726913
206.00000000000	1.8392490148544
207.00000000000	1.8407337665558
208.00000000000	1.8421872854233
209.00000000000	1.8436099290848
210.00000000000	1.8450021743774
211.00000000000	1.8463642597198
212.00000000000	1.8476965427399
213.00000000000	1.8489995002747
214.00000000000	1.8502734899521
215.00000000000	1.8515186309814
216.00000000000	1.8527355194092
217.00000000000	1.8539243936539
218.00000000000	1.8550856113434
219.00000000000	1.8562194108963
220.00000000000	1.8573261499405
221.00000000000	1.8584063053131
222.00000000000	1.8594601154327
223.00000000000	1.8604878187180
224.00000000000	1.8614897727966
225.00000000000	1.8624662160873
226.00000000000	1.8634176254272
227.00000000000	1.8643442392349
228.00000000000	1.8652462959290
229.00000000000	1.8661241531372
230.00000000000	1.8669780492783
231.00000000000	1.8678083419800
232.00000000000	1.8686151504517
233.00000000000	1.8693990707397
234.00000000000	1.8701601028442
235.00000000000	1.8708986043930
236.00000000000	1.8716148138046
237.00000000000	1.8723090887070
238.00000000000	1.8729816675186
239.00000000000	1.8736327886581
240.00000000000	1.8742626905441
241.00000000000	1.8748717308044
242.00000000000	1.8754600286484
243.00000000000	1.8760279417038
244.00000000000	1.8765757083893
245.00000000000	1.8771035671234
246.00000000000	1.8776116371155
247.00000000000	1.8781002759933
248.00000000000	1.8785697221756
249.00000000000	1.8790202140808
250.00000000000	1.8794519901276
251.00000000000	1.8798651695251
252.00000000000	1.8802601099014
253.00000000000	1.8806369304657
254.00000000000	1.8809959888458
255.00000000000	1.8813374042511
256.00000000000	1.8816612958908
257.00000000000	1.8819681406021
258.00000000000	1.8822579383850
259.00000000000	1.8825309276581
260.00000000000	1.8827873468399
261.00000000000	1.8830274343491
262.00000000000	1.8832514286041
263.00000000000	1.8834593296051
264.00000000000	1.8836514949799
265.00000000000	1.8838280439377
266.00000000000	1.8839893341064
267.00000000000	1.8841352462769
268.00000000000	1.8842662572861
269.00000000000	1.8843824863434
270.00000000000	1.8844840526581
271.00000000000	1.8845710754395
272.00000000000	1.8846439123154
273.00000000000	1.8847025632858
274.00000000000	1.8847472667694
275.00000000000	1.8847782611847
276.00000000000	1.8847957849503
277.00000000000	1.8847997188568
278.00000000000	1.8847905397415
279.00000000000	1.8847681283951
280.00000000000	1.8847328424454
281.00000000000	1.8846849203110
282.00000000000	1.8846242427826
283.00000000000	1.8845511674881
284.00000000000	1.8844658136368
285.00000000000	1.8843683004379
286.00000000000	1.8842587471008
287.00000000000	1.8841375112534
288.00000000000	1.8840044736862
289.00000000000	1.8838598728180
290.00000000000	1.8837039470673
291.00000000000	1.8835366964340
292.00000000000	1.8833584785461
293.00000000000	1.8831691741943
294.00000000000	1.8829690217972
295.00000000000	1.8827581405640
296.00000000000	1.8825367689133
297.00000000000	1.8823050260544
298.00000000000	1.8820629119873
299.00000000000	1.8818105459213
300.00000000000	1.8815482854843
301.00000000000	1.8812760114670
302.00000000000	1.8809939622879
303.00000000000	1.8807022571564
304.00000000000	1.8804011344910
305.00000000000	1.8800904750824
306.00000000000	1.8797705173492
307.00000000000	1.8794413805008
308.00000000000	1.8791031837463
309.00000000000	1.8787560462952
310.00000000000	1.8784000873566
311.00000000000	1.8780354261398
312.00000000000	1.8776620626450
313.00000000000	1.8772802352905
314.00000000000	1.8768900632858
315.00000000000	1.8764916658401
316.00000000000	1.8760850429535
317.00000000000	1.8756703138351
318.00000000000	1.8752475976944
319.00000000000	1.8748171329498
320.00000000000	1.8743788003922
321.00000000000	1.8739328384399
322.00000000000	1.8734793663025
323.00000000000	1.8730183839798
324.00000000000	1.8725501298904
325.00000000000	1.8720744848251
326.00000000000	1.8715916872025
327.00000000000	1.8711018562317
328.00000000000	1.8706049919128
329.00000000000	1.8701013326645
330.00000000000	1.8695907592773
331.00000000000	1.8690735101700
332.00000000000	1.8685495853424
333.00000000000	1.8680192232132
334.00000000000	1.8674823045731
335.00000000000	1.8669390678406
336.00000000000	1.8663896322250
337.00000000000	1.8658338785172
338.00000000000	1.8652720451355
339.00000000000	1.8647041320801
340.00000000000	1.8641303777695
341.00000000000	1.8635506629944
342.00000000000	1.8629651069641
343.00000000000	1.8623739480972
344.00000000000	1.8617770671844
345.00000000000	1.8611747026443
346.00000000000	1.8605667352676
347.00000000000	1.8599535226822
348.00000000000	1.8593348264694
349.00000000000	1.8587108850479
350.00000000000	1.8580818176270
351.00000000000	1.8574475049973
352.00000000000	1.8568081855774
353.00000000000	1.8561638593674
354.00000000000	1.8555146455765
355.00000000000	1.8548606634140
356.00000000000	1.8542017936707
357.00000000000	1.8535382747650
358.00000000000	1.8528699874878
359.00000000000	1.8521971702576
360.00000000000	1.8515199422836
361.00000000000	1.8508380651474
362.00000000000	1.8501518964767
363.00000000000	1.8494614362717
364.00000000000	1.8487665653229
365.00000000000	1.8480676412582
366.00000000000	1.8473644256592
367.00000000000	1.8466571569443
368.00000000000	1.8459458351135
369.00000000000	1.8452305793762
370.00000000000	1.8445113897324
371.00000000000	1.8437883853912
372.00000000000	1.8430614471436
373.00000000000	1.8423308134079
374.00000000000	1.8415964841843
375.00000000000	1.8408585786819
376.00000000000	1.8401169776917
377.00000000000	1.8393719196320
378.00000000000	1.8386232852936
379.00000000000	1.8378711938858
380.00000000000	1.8371157646179
381.00000000000	1.8363569974899
382.00000000000	1.8355950117111
383.00000000000	1.8348296880722
384.00000000000	1.8340611457825
385.00000000000	1.8332896232605
386.00000000000	1.8325148820877
387.00000000000	1.8317370414734
388.00000000000	1.8309563398361
389.00000000000	1.8301726579666
390.00000000000	1.8293859958649
391.00000000000	1.8285964727402
392.00000000000	1.8278042078018
393.00000000000	1.8270090818405
394.00000000000	1.8262112140656
395.00000000000	1.8254107236862
396.00000000000	1.8246074914932
397.00000000000	1.8238017559052
398.00000000000	1.8229933977127
399.00000000000	1.8221825361252
400.00000000000	1.8213691711426
401.00000000000	1.8205533027649
402.00000000000	1.8197351694107
403.00000000000	1.8189145326614
404.00000000000	1.8180916309357
405.00000000000	1.8172664642334
406.00000000000	1.8164390325546
407.00000000000	1.8156093358994
408.00000000000	1.8147774934769
409.00000000000	1.8139435052872
410.00000000000	1.8131074905396
411.00000000000	1.8122693300247
412.00000000000	1.8114291429520
413.00000000000	1.8105869293213
414.00000000000	1.8097426891327
415.00000000000	1.8088966608047
416.00000000000	1.8080486059189
417.00000000000	1.8071987628937
418.00000000000	1.8063471317291
419.00000000000	1.8054935932159
420.00000000000	1.8046383857727
421.00000000000	1.8037813901901
422.00000000000	1.8029226064682
423.00000000000	1.8020622730255
424.00000000000	1.8012002706528
425.00000000000	1.8003365993500
426.00000000000	1.7994714975357
427.00000000000	1.7986047267914
428.00000000000	1.7977364063263
429.00000000000	1.7968666553497
430.00000000000	1.7959953546524
431.00000000000	1.7951226234436
432.00000000000	1.7942485809326
433.00000000000	1.7933731079102
434.00000000000	1.7924963235855
435.00000000000	1.7916181087494
436.00000000000	1.7907387018204
437.00000000000	1.7898578643799
438.00000000000	1.7889759540558
439.00000000000	1.7880927324295
440.00000000000	1.7872083187103
441.00000000000	1.7863227128983
442.00000000000	1.7854360342026
443.00000000000	1.7845481634140
444.00000000000	1.7836592197418
445.00000000000	1.7827692031860
446.00000000000	1.7818781137466
447.00000000000	1.7809860706329
448.00000000000	1.7800929546356
449.00000000000	1.7791988849640
450.00000000000	1.7783038616180
451.00000000000	1.7774078845978
452.00000000000	1.7765109539032
453.00000000000	1.7756131887436
454.00000000000	1.7747145891190
455.00000000000	1.7738150358200
456.00000000000	1.7729147672653
457.00000000000	1.7720136642456
458.00000000000	1.7711117267609
459.00000000000	1.7702090740204
460.00000000000	1.7693057060242
461.00000000000	1.7684015035629
462.00000000000	1.7674967050552
463.00000000000	1.7665911912918
464.00000000000	1.7656849622726
465.00000000000	1.7647781372070
466.00000000000	1.7638707160950
467.00000000000	1.7629625797272
468.00000000000	1.7620539665222
469.00000000000	1.7611447572708
470.00000000000	1.7602349519730
471.00000000000	1.7593246698380
472.00000000000	1.7584137916565
473.00000000000	1.7575024366379
474.00000000000	1.7565906047821
475.00000000000	1.7556784152985
476.00000000000	1.7547656297684
477.00000000000	1.7538524866104
478.00000000000	1.7529388666153
479.00000000000	1.7520248889923
480.00000000000	1.7511105537415
481.00000000000	1.7501958608627
482.00000000000	1.7492808103561
483.00000000000	1.7483654022217
484.00000000000	1.7474496364594
485.00000000000	1.7465336322784
486.00000000000	1.7456172704697
487.00000000000	1.7447006702423
488.00000000000	1.7437838315964
489.00000000000	1.7428666353226
490.00000000000	1.7419493198395
491.00000000000	1.7410317659378
492.00000000000	1.7401139736176
493.00000000000	1.7391960620880
494.00000000000	1.7382779121399
495.00000000000	1.7373596429825
496.00000000000	1.7364411354065
497.00000000000	1.7355226278305
498.00000000000	1.7346038818359
499.00000000000	1.7336850166321
500.00000000000	1.7327661514282
501.00000000000	1.7318471670151
502.00000000000	1.7309280633926
503.00000000000	1.7300089597702
504.00000000000	1.7290898561478
505.00000000000	1.7281706333160
506.00000000000	1.7272514104843
507.00000000000	1.7263320684433
508.00000000000	1.7254128456116
509.00000000000	1.7244936227798
510.00000000000	1.7235743999481
511.00000000000	1.7226551771164
512.00000000000	1.7217360734940
513.00000000000	1.7208169698715
514.00000000000	1.7198979854584
515.00000000000	1.7189791202545
516.00000000000	1.7180602550507
517.00000000000	1.7171415090561
518.00000000000	1.7162227630615
519.00000000000	1.7153042554855
520.00000000000	1.7143858671188
521.00000000000	1.7134675979614
522.00000000000	1.7125495672226
523.00000000000	1.7116315364838
524.00000000000	1.7107137441635
525.00000000000	1.7097961902618
526.00000000000	1.7088787555695
527.00000000000	1.7079615592957
528.00000000000	1.7070444822311
529.00000000000	1.7061277627945
530.00000000000	1.7052111625671
531.00000000000	1.7042948007584
532.00000000000	1.7033786773682
533.00000000000	1.7024627923965
534.00000000000	1.7015472650528
535.00000000000	1.7006318569183
536.00000000000	1.6997168064117
537.00000000000	1.6988019943237
538.00000000000	1.6978875398636
539.00000000000	1.6969733238220
540.00000000000	1.6960594654083
541.00000000000	1.6951458454132
542.00000000000	1.6942325830460
543.00000000000	1.6933196783066
544.00000000000	1.6924071311951
545.00000000000	1.6914949417114
546.00000000000	1.6905829906464
547.00000000000	1.6896715164185
548.00000000000	1.6887602806091
549.00000000000	1.6878495216370
550.00000000000	1.6869391202927
551.00000000000	1.6860290765762
552.00000000000	1.6851195096970
553.00000000000	1.6842101812363
554.00000000000	1.6833014488220
555.00000000000	1.6823929548264
556.00000000000	1.6814850568771
557.00000000000	1.6805775165558
558.00000000000	1.6796703338623
559.00000000000	1.6787636280060
560.00000000000	1.6778573989868
561.00000000000	1.6769516468048
562.00000000000	1.6760462522507
563.00000000000	1.6751414537430
564.00000000000	1.6742370128632
565.00000000000	1.6733330488205
566.00000000000	1.6724296808243
567.00000000000	1.6715266704559
568.00000000000	1.6706242561340
569.00000000000	1.6697221994400
570.00000000000	1.6688207387924
571.00000000000	1.6679197549820
572.00000000000	1.6670193672180
573.00000000000	1.6661194562912
574.00000000000	1.6652200222015
575.00000000000	1.6643211841583
576.00000000000	1.6634228229523
577.00000000000	1.6625250577927
578.00000000000	1.6616277694702
579.00000000000	1.6607310771942
580.00000000000	1.6598348617554
581.00000000000	1.6589392423630
582.00000000000	1.6580442190170
583.00000000000	1.6571497917175
584.00000000000	1.6562558412552
585.00000000000	1.6553626060486
586.00000000000	1.6544698476791
587.00000000000	1.6535776853561
588.00000000000	1.6526861190796
589.00000000000	1.6517951488495
590.00000000000	1.6509047746658
591.00000000000	1.6500149965286
592.00000000000	1.6491258144379
593.00000000000	1.6482372283936
594.00000000000	1.6473492383957
595.00000000000	1.6464619636536
596.00000000000	1.6455751657486
597.00000000000	1.6446890830994
598.00000000000	1.6438037157059
599.00000000000	1.6429188251495
600.00000000000	1.6420346498489
601.00000000000	1.6411510705948
602.00000000000	1.6402682065964
603.00000000000	1.6393859386444
604.00000000000	1.6385042667389
605.00000000000	1.6376233100891
606.00000000000	1.6367430686951
607.00000000000	1.6358634233475
608.00000000000	1.6349843740463
609.00000000000	1.6341061592102
610.00000000000	1.6332284212112
611.00000000000	1.6323515176773
612.00000000000	1.6314752101898
613.00000000000	1.6305996179581
614.00000000000	1.6297246217728
615.00000000000	1.6288503408432
616.00000000000	1.6279767751694
617.00000000000	1.6271039247513
618.00000000000	1.6262317895889
619.00000000000	1.6253602504730
620.00000000000	1.6244894266129
621.00000000000	1.6236193180084
622.00000000000	1.6227499246597
623.00000000000	1.6218812465668
624.00000000000	1.6210132837296
625.00000000000	1.6201460361481
626.00000000000	1.6192795038223
627.00000000000	1.6184136867523
628.00000000000	1.6175485849380
629.00000000000	1.6166840791702
630.00000000000	1.6158204078674
631.00000000000	1.6149574518204
632.00000000000	1.6140953302383
633.00000000000	1.6132338047028
634.00000000000	1.6123729944229
635.00000000000	1.6115130186081
636.00000000000	1.6106536388397
637.00000000000	1.6097950935364
638.00000000000	1.6089372634888
639.00000000000	1.6080802679062
640.00000000000	1.6072238683701
641.00000000000	1.6063683032990
642.00000000000	1.6055134534836
643.00000000000	1.6046594381332
644.00000000000	1.6038060188293
645.00000000000	1.6029534339905
646.00000000000	1.6021016836166
647.00000000000	1.6012505292892
648.00000000000	1.6004002094269
649.00000000000	1.5995507240295
650.00000000000	1.5987018346786
651.00000000000	1.5978538990021
652.00000000000	1.5970065593719
653.00000000000	1.5961600542068
654.00000000000	1.5953143835068
655.00000000000	1.5944694280624
656.00000000000	1.5936251878738
657.00000000000	1.5927817821503
658.00000000000	1.5919390916824
659.00000000000	1.5910972356796
660.00000000000	1.5902560949326
661.00000000000	1.5894157886505
662.00000000000	1.5885761976242
663.00000000000	1.5877374410629
664.00000000000	1.5868995189667
665.00000000000	1.5860623121262
666.00000000000	1.5852259397507
667.00000000000	1.5843902826309
668.00000000000	1.5835554599762
669.00000000000	1.5827213525772
670.00000000000	1.5818880796432
671.00000000000	1.5810556411743
672.00000000000	1.5802239179611
673.00000000000	1.5793930292130
674.00000000000	1.5785628557205
675.00000000000	1.5777335166931
676.00000000000	1.5769050121307
677.00000000000	1.5760773420334
678.00000000000	1.5752503871918
679.00000000000	1.5744242668152
680.00000000000	1.5735988616943
681.00000000000	1.5727744102478
682.00000000000	1.5719505548477
683.00000000000	1.5711276531219
684.00000000000	1.5703055858612
685.00000000000	1.5694842338562
686.00000000000	1.5686637163162
687.00000000000	1.5678439140320
688.00000000000	1.5670249462128
689.00000000000	1.5662068128586
690.00000000000	1.5653895139694
691.00000000000	1.5645730495453
692.00000000000	1.5637573003769
693.00000000000	1.5629423856735
694.00000000000	1.5621283054352
695.00000000000	1.5613150596619
696.00000000000	1.5605025291443
697.00000000000	1.5596909523010
698.00000000000	1.5588800907135
699.00000000000	1.5580699443817
700.00000000000	1.5572607517242
701.00000000000	1.5564522743225
702.00000000000	1.5556447505951
703.00000000000	1.5548379421234
704.00000000000	1.5540319681168
705.00000000000	1.5532267093658
706.00000000000	1.5524224042892
707.00000000000	1.5516188144684
708.00000000000	1.5508160591125
709.00000000000	1.5500141382217
710.00000000000	1.5492130517960
711.00000000000	1.5484127998352
712.00000000000	1.5476132631302
713.00000000000	1.5468145608902
714.00000000000	1.5460168123245
715.00000000000	1.5452197790146
716.00000000000	1.5444234609604
717.00000000000	1.5436280965805
718.00000000000	1.5428335666656
719.00000000000	1.5420397520065
720.00000000000	1.5412467718124
721.00000000000	1.5404546260834
722.00000000000	1.5396633148193
723.00000000000	1.5388728380203
724.00000000000	1.5380831956863
725.00000000000	1.5372942686081
726.00000000000	1.5365062952042
727.00000000000	1.5357190370560
728.00000000000	1.5349326133728
729.00000000000	1.5341470241547
730.00000000000	1.5333622694016
731.00000000000	1.5325782299042
732.00000000000	1.5317951440811
733.00000000000	1.5310127735138
734.00000000000	1.5302312374115
735.00000000000	1.5294505357742
736.00000000000	1.5286706686020
737.00000000000	1.5278916358948
738.00000000000	1.5271134376526
739.00000000000	1.5263359546661
740.00000000000	1.5255593061447
741.00000000000	1.5247836112976
742.00000000000	1.5240086317062
743.00000000000	1.5232344865799
744.00000000000	1.5224610567093
745.00000000000	1.5216885805130
746.00000000000	1.5209168195724
747.00000000000	1.5201460123062
748.00000000000	1.5193759202957
749.00000000000	1.5186066627502
750.00000000000	1.5178382396698
751.00000000000	1.5170705318451
752.00000000000	1.5163037776947
753.00000000000	1.5155377388000
754.00000000000	1.5147725343704
755.00000000000	1.5140081644058
756.00000000000	1.5132446289062
757.00000000000	1.5124819278717
758.00000000000	1.5117199420929
759.00000000000	1.5109587907791
760.00000000000	1.5101984739304
761.00000000000	1.5094389915466
762.00000000000	1.5086803436279
763.00000000000	1.5079225301743
764.00000000000	1.5071654319763
765.00000000000	1.5064091682434
766.00000000000	1.5056537389755
767.00000000000	1.5048991441727
768.00000000000	1.5041452646255
769.00000000000	1.5033923387527
770.00000000000	1.5026401281357
771.00000000000	1.5018887519836
772.00000000000	1.5011382102966
773.00000000000	1.5003883838654
774.00000000000	1.4996393918991
775.00000000000	1.4988912343979
776.00000000000	1.4981439113617
777.00000000000	1.4973974227905
778.00000000000	1.4966516494751
779.00000000000	1.4959067106247
780.00000000000	1.4951626062393
781.00000000000	1.4944193363190
782.00000000000	1.4936767816544
783.00000000000	1.4929350614548
784.00000000000	1.4921941757202
785.00000000000	1.4914541244507
786.00000000000	1.4907147884369
787.00000000000	1.4899762868881
788.00000000000	1.4892386198044
789.00000000000	1.4885016679764
790.00000000000	1.4877656698227
791.00000000000	1.4870302677155
792.00000000000	1.4862958192825
793.00000000000	1.4855620861053
794.00000000000	1.4848291873932
795.00000000000	1.4840971231461
796.00000000000	1.4833658933640
797.00000000000	1.4826353788376
798.00000000000	1.4819055795670
799.00000000000	1.4811767339706
800.00000000000	1.4804486036301
801.00000000000	1.4797213077545
802.00000000000	1.4789947271347
803.00000000000	1.4782689809799
804.00000000000	1.4775440692902
805.00000000000	1.4768198728561
806.00000000000	1.4760965108871
807.00000000000	1.4753739833832
808.00000000000	1.4746521711349
809.00000000000	1.4739311933517
810.00000000000	1.4732110500336
811.00000000000	1.4724916219711
812.00000000000	1.4717730283737
813.00000000000	1.4710551500320
814.00000000000	1.4703381061554
815.00000000000	1.4696217775345
816.00000000000	1.4689062833786
817.00000000000	1.4681916236877
818.00000000000	1.4674776792526
819.00000000000	1.4667645692825
820.00000000000	1.4660522937775
821.00000000000	1.4653407335281
822.00000000000	1.4646298885345
823.00000000000	1.4639198780060
824.00000000000	1.4632107019424
825.00000000000	1.4625022411346
826.00000000000	1.4617946147919
827.00000000000	1.4610877037048
828.00000000000	1.4603815078735
829.00000000000	1.4596762657166
830.00000000000	1.4589716196060
831.00000000000	1.4582679271698
832.00000000000	1.4575648307800
833.00000000000	1.4568625688553
834.00000000000	1.4561611413956
835.00000000000	1.4554604291916
836.00000000000	1.4547605514526
837.00000000000	1.4540613889694
838.00000000000	1.4533630609512
839.00000000000	1.4526654481888
840.00000000000	1.4519685506821
841.00000000000	1.4512724876404
842.00000000000	1.4505771398544
843.00000000000	1.4498826265335
844.00000000000	1.4491888284683
845.00000000000	1.4484958648682
846.00000000000	1.4478036165237
847.00000000000	1.4471120834351
848.00000000000	1.4464213848114
849.00000000000	1.4457314014435
850.00000000000	1.4450421333313
851.00000000000	1.4443536996841
852.00000000000	1.4436661005020
853.00000000000	1.4429790973663
854.00000000000	1.4422929286957
855.00000000000	1.4416074752808
856.00000000000	1.4409228563309
857.00000000000	1.4402389526367
858.00000000000	1.4395557641983
859.00000000000	1.4388734102249
860.00000000000	1.4381917715073
861.00000000000	1.4375108480453
862.00000000000	1.4368307590485
863.00000000000	1.4361513853073
864.00000000000	1.4354727268219
865.00000000000	1.4347947835922
866.00000000000	1.4341176748276
867.00000000000	1.4334412813187
868.00000000000	1.4327656030655
869.00000000000	1.4320907592773
870.00000000000	1.4314166307449
871.00000000000	1.4307432174683
872.00000000000	1.4300705194473
873.00000000000	1.4293985366821
874.00000000000	1.4287273883820
875.00000000000	1.4280569553375
876.00000000000	1.4273872375488
877.00000000000	1.4267182350159
878.00000000000	1.4260500669479
879.00000000000	1.4253824949265
880.00000000000	1.4247157573700
881.00000000000	1.4240497350693
882.00000000000	1.4233844280243
883.00000000000	1.4227199554443
884.00000000000	1.4220560789108
885.00000000000	1.4213930368423
886.00000000000	1.4207305908203
887.00000000000	1.4200689792633
888.00000000000	1.4194080829620
889.00000000000	1.4187479019165
890.00000000000	1.4180885553360
891.00000000000	1.4174298048019
892.00000000000	1.4167717695236
893.00000000000	1.4161145687103
894.00000000000	1.4154579639435
895.00000000000	1.4148021936417
896.00000000000	1.4141471385956
897.00000000000	1.4134926795959
898.00000000000	1.4128390550613
899.00000000000	1.4121861457825
900.00000000000	1.4115339517593
901.00000000000	1.4108824729919
902.00000000000	1.4102317094803
903.00000000000	1.4095816612244
904.00000000000	1.4089323282242
905.00000000000	1.4082835912704
906.00000000000	1.4076356887817
907.00000000000	1.4069885015488
908.00000000000	1.4063420295715
909.00000000000	1.4056962728500
910.00000000000	1.4050512313843
911.00000000000	1.4044069051743
912.00000000000	1.4037631750107
913.00000000000	1.4031202793121
914.00000000000	1.4024780988693
915.00000000000	1.4018365144730
916.00000000000	1.4011957645416
917.00000000000	1.4005556106567
918.00000000000	1.3999161720276
919.00000000000	1.3992774486542
920.00000000000	1.3986394405365
921.00000000000	1.3980021476746
922.00000000000	1.3973655700684
923.00000000000	1.3967297077179
924.00000000000	1.3960944414139
925.00000000000	1.3954600095749
926.00000000000	1.3948261737823
927.00000000000	1.3941930532455
928.00000000000	1.3935606479645
929.00000000000	1.3929288387299
930.00000000000	1.3922978639603
931.00000000000	1.3916674852371
932.00000000000	1.3910378217697
933.00000000000	1.3904088735580
934.00000000000	1.3897806406021
935.00000000000	1.3891530036926
936.00000000000	1.3885262012482
937.00000000000	1.3878999948502
938.00000000000	1.3872743844986
939.00000000000	1.3866496086121
940.00000000000	1.3860254287720
941.00000000000	1.3854019641876
942.00000000000	1.3847792148590
943.00000000000	1.3841570615768
944.00000000000	1.3835356235504
945.00000000000	1.3829149007797
946.00000000000	1.3822948932648
947.00000000000	1.3816754817963
948.00000000000	1.3810567855835
949.00000000000	1.3804386854172
950.00000000000	1.3798213005066
951.00000000000	1.3792046308517
952.00000000000	1.3785886764526
953.00000000000	1.3779733181000
954.00000000000	1.3773586750031
955.00000000000	1.3767446279526
956.00000000000	1.3761312961578
957.00000000000	1.3755186796188
958.00000000000	1.3749066591263
959.00000000000	1.3742953538895
960.00000000000	1.3736847639084
961.00000000000	1.3730747699738
962.00000000000	1.3724653720856
963.00000000000	1.3718568086624
964.00000000000	1.3712487220764
965.00000000000	1.3706414699554
966.00000000000	1.3700346946716
967.00000000000	1.3694287538528
968.00000000000	1.3688234090805
969.00000000000	1.3682186603546
970.00000000000	1.3676146268845
971.00000000000	1.3670113086700
972.00000000000	1.3664085865021
973.00000000000	1.3658064603806
974.00000000000	1.3652050495148
975.00000000000	1.3646043539047
976.00000000000	1.3640042543411
977.00000000000	1.3634047508240
978.00000000000	1.3628059625626
979.00000000000	1.3622077703476
980.00000000000	1.3616102933884
981.00000000000	1.3610134124756
982.00000000000	1.3604172468185
983.00000000000	1.3598216772079
984.00000000000	1.3592267036438
985.00000000000	1.3586324453354
986.00000000000	1.3580387830734
987.00000000000	1.3574458360672
988.00000000000	1.3568534851074
989.00000000000	1.3562617301941
990.00000000000	1.3556706905365
991.00000000000	1.3550802469254
992.00000000000	1.3544903993607
993.00000000000	1.3539012670517
994.00000000000	1.3533127307892
995.00000000000	1.3527249097824
996.00000000000	1.3521376848221
997.00000000000	1.3515510559082
998.00000000000	1.3509650230408
999.00000000000	1.3503797054291
1000.0000000000	1.3497949838638
