#
#"Incident Energy @ Incident Angle 0° / eV"	"Elastic [Real]"
#-----------------------------------------------------------
0.0000000000000	0.50000000000000
1.0000000000000	0.49249401688576
2.0000000000000	0.48609930276871
3.0000000000000	0.48012086749077
4.0000000000000	0.47442403435707
5.0000000000000	0.46894559264183
6.0000000000000	0.46364840865135
7.0000000000000	0.45850783586502
8.0000000000000	0.45350611209869
9.0000000000000	0.44862991571426
10.000000000000	0.44386866688728
11.000000000000	0.43921387195587
12.000000000000	0.43465843796730
13.000000000000	0.43019637465477
14.000000000000	0.42582249641418
15.000000000000	0.42153230309486
16.000000000000	0.41732189059258
17.000000000000	0.41318768262863
18.000000000000	0.40912649035454
19.000000000000	0.40513548254967
20.000000000000	0.40121203660965
21.000000000000	0.39735376834869
22.000000000000	0.39355844259262
23.000000000000	0.38982406258583
24.000000000000	0.38614869117737
25.000000000000	0.38253057003021
26.000000000000	0.37896808981895
27.000000000000	0.37545964121819
28.000000000000	0.37200379371643
29.000000000000	0.36859914660454
30.000000000000	0.36524441838264
31.000000000000	0.36193835735321
32.000000000000	0.35867980122566
33.000000000000	0.35546758770943
34.000000000000	0.35230070352554
35.000000000000	0.34917807579041
36.000000000000	0.34609878063202
37.000000000000	0.34306183457375
38.000000000000	0.34006634354591
39.000000000000	0.33711147308350
40.000000000000	0.33419635891914
41.000000000000	0.33132025599480
42.000000000000	0.32848232984543
43.000000000000	0.32568186521530
44.000000000000	0.32291814684868
45.000000000000	0.32019045948982
46.000000000000	0.31749817728996
47.000000000000	0.31484058499336
48.000000000000	0.31221711635590
49.000000000000	0.30962711572647
50.000000000000	0.30707001686096
51.000000000000	0.30454522371292
52.000000000000	0.30205219984055
53.000000000000	0.29959037899971
54.000000000000	0.29715922474861
55.000000000000	0.29475826025009
56.000000000000	0.29238697886467
57.000000000000	0.29004484415054
58.000000000000	0.28773143887520
59.000000000000	0.28544628620148
60.000000000000	0.28318890929222
61.000000000000	0.28095889091492
62.000000000000	0.27875581383705
63.000000000000	0.27657920122147
64.000000000000	0.27442869544029
65.000000000000	0.27230390906334
66.000000000000	0.27020439505577
67.000000000000	0.26812979578972
68.000000000000	0.26607975363731
69.000000000000	0.26405388116837
70.000000000000	0.26205185055733
71.000000000000	0.26007327437401
72.000000000000	0.25811782479286
73.000000000000	0.25618514418602
74.000000000000	0.25427496433258
75.000000000000	0.25238689780235
76.000000000000	0.25052064657211
77.000000000000	0.24867591261864
78.000000000000	0.24685239791870
79.000000000000	0.24504978954792
80.000000000000	0.24326780438423
81.000000000000	0.24150614440441
82.000000000000	0.23976454138756
83.000000000000	0.23804271221161
84.000000000000	0.23634038865566
85.000000000000	0.23465730249882
86.000000000000	0.23299320042133
87.000000000000	0.23134781420231
88.000000000000	0.22972090542316
89.000000000000	0.22811222076416
90.000000000000	0.22652150690556
91.000000000000	0.22494855523109
92.000000000000	0.22339309751987
93.000000000000	0.22185492515564
94.000000000000	0.22033379971981
95.000000000000	0.21882951259613
96.000000000000	0.21734184026718
97.000000000000	0.21587055921555
98.000000000000	0.21441546082497
99.000000000000	0.21297633647919
100.00000000000	0.21155297756195
101.00000000000	0.21014520525932
102.00000000000	0.20875279605389
103.00000000000	0.20737557113171
104.00000000000	0.20601333677769
105.00000000000	0.20466589927673
106.00000000000	0.20333306491375
107.00000000000	0.20201466977596
108.00000000000	0.20071052014828
109.00000000000	0.19942043721676
110.00000000000	0.19814425706863
111.00000000000	0.19688181579113
112.00000000000	0.19563291966915
113.00000000000	0.19439740478992
114.00000000000	0.19317513704300
115.00000000000	0.19196592271328
116.00000000000	0.19076961278915
117.00000000000	0.18958605825901
118.00000000000	0.18841511011124
119.00000000000	0.18725658953190
120.00000000000	0.18611036241055
121.00000000000	0.18497627973557
122.00000000000	0.18385420739651
123.00000000000	0.18274398148060
124.00000000000	0.18164548277855
125.00000000000	0.18055854737759
126.00000000000	0.17948305606842
127.00000000000	0.17841887474060
128.00000000000	0.17736585438251
129.00000000000	0.17632387578487
130.00000000000	0.17529278993607
131.00000000000	0.17427250742912
132.00000000000	0.17326286435127
133.00000000000	0.17226375639439
134.00000000000	0.17127504944801
135.00000000000	0.17029663920403
136.00000000000	0.16932837665081
137.00000000000	0.16837018728256
138.00000000000	0.16742190718651
139.00000000000	0.16648346185684
140.00000000000	0.16555471718311
141.00000000000	0.16463556885719
142.00000000000	0.16372589766979
143.00000000000	0.16282559931278
144.00000000000	0.16193456947803
145.00000000000	0.16105271875858
146.00000000000	0.16017991304398
147.00000000000	0.15931606292725
148.00000000000	0.15846106410027
149.00000000000	0.15761482715607
150.00000000000	0.15677723288536
151.00000000000	0.15594820678234
152.00000000000	0.15512764453888
153.00000000000	0.15431544184685
154.00000000000	0.15351150929928
155.00000000000	0.15271575748920
156.00000000000	0.15192809700966
157.00000000000	0.15114843845367
158.00000000000	0.15037669241428
159.00000000000	0.14961275458336
160.00000000000	0.14885655045509
161.00000000000	0.14810800552368
162.00000000000	0.14736701548100
163.00000000000	0.14663350582123
164.00000000000	0.14590740203857
165.00000000000	0.14518861472607
166.00000000000	0.14447705447674
167.00000000000	0.14377266168594
168.00000000000	0.14307533204556
169.00000000000	0.14238500595093
170.00000000000	0.14170160889626
171.00000000000	0.14102506637573
172.00000000000	0.14035528898239
173.00000000000	0.13969221711159
174.00000000000	0.13903576135635
175.00000000000	0.13838587701321
176.00000000000	0.13774245977402
177.00000000000	0.13710546493530
178.00000000000	0.13647481799126
179.00000000000	0.13585044443607
180.00000000000	0.13523226976395
181.00000000000	0.13462024927139
182.00000000000	0.13401429355145
183.00000000000	0.13341435790062
184.00000000000	0.13282036781311
185.00000000000	0.13223224878311
186.00000000000	0.13164995610714
187.00000000000	0.13107341527939
188.00000000000	0.13050258159637
189.00000000000	0.12993738055229
190.00000000000	0.12937775254250
191.00000000000	0.12882363796234
192.00000000000	0.12827497720718
193.00000000000	0.12773171067238
194.00000000000	0.12719379365444
195.00000000000	0.12666116654873
196.00000000000	0.12613376975060
197.00000000000	0.12561152875423
198.00000000000	0.12509442865849
199.00000000000	0.12458238750696
200.00000000000	0.12407535314560
201.00000000000	0.12357328832150
202.00000000000	0.12307612597942
203.00000000000	0.12258382141590
204.00000000000	0.12209632247686
205.00000000000	0.12161357700825
206.00000000000	0.12113553285599
207.00000000000	0.12066215276718
208.00000000000	0.12019337713718
209.00000000000	0.11972916126251
210.00000000000	0.11926946043968
211.00000000000	0.11881422251463
212.00000000000	0.11836340278387
213.00000000000	0.11791695654392
214.00000000000	0.11747483909130
215.00000000000	0.11703699827194
216.00000000000	0.11660340428352
217.00000000000	0.11617400497198
218.00000000000	0.11574875563383
219.00000000000	0.11532761156559
220.00000000000	0.11491053551435
221.00000000000	0.11449749022722
222.00000000000	0.11408842355013
223.00000000000	0.11368329823017
224.00000000000	0.11328207701445
225.00000000000	0.11288471519947
226.00000000000	0.11249117553234
227.00000000000	0.11210142076015
228.00000000000	0.11171540617943
229.00000000000	0.11133310198784
230.00000000000	0.11095446348190
231.00000000000	0.11057946085930
232.00000000000	0.11020804941654
233.00000000000	0.10984019190073
234.00000000000	0.10947585850954
235.00000000000	0.10911501199007
236.00000000000	0.10875761508942
237.00000000000	0.10840363055468
238.00000000000	0.10805302858353
239.00000000000	0.10770576447248
240.00000000000	0.10736182332039
241.00000000000	0.10702116042376
242.00000000000	0.10668373852968
243.00000000000	0.10634952783585
244.00000000000	0.10601849853992
245.00000000000	0.10569062083960
246.00000000000	0.10536585748196
247.00000000000	0.10504418611526
248.00000000000	0.10472556203604
249.00000000000	0.10440996289253
250.00000000000	0.10409735888243
251.00000000000	0.10378771275282
252.00000000000	0.10348100215197
253.00000000000	0.10317719727755
254.00000000000	0.10287626832724
255.00000000000	0.10257818549871
256.00000000000	0.10228291898966
257.00000000000	0.10199044644833
258.00000000000	0.10170073062181
259.00000000000	0.10141375660896
260.00000000000	0.10112947970629
261.00000000000	0.10084789246321
262.00000000000	0.10056895017624
263.00000000000	0.10029264539480
264.00000000000	0.10001893341541
265.00000000000	0.099747799336910
266.00000000000	0.099479213356972
267.00000000000	0.099213153123856
268.00000000000	0.098949596285820
269.00000000000	0.098688513040543
270.00000000000	0.098429873585701
271.00000000000	0.098173663020134
272.00000000000	0.097919858992100
273.00000000000	0.097668431699276
274.00000000000	0.097419358789921
275.00000000000	0.097172617912292
276.00000000000	0.096928186714649
277.00000000000	0.096686035394669
278.00000000000	0.096446156501770
279.00000000000	0.096208512783051
280.00000000000	0.095973096787930
281.00000000000	0.095739871263504
282.00000000000	0.095508821308613
283.00000000000	0.095279932022095
284.00000000000	0.095053166151047
285.00000000000	0.094828523695469
286.00000000000	0.094605967402458
287.00000000000	0.094385482370853
288.00000000000	0.094167053699493
289.00000000000	0.093950651586056
290.00000000000	0.093736261129379
291.00000000000	0.093523867428303
292.00000000000	0.093313440680504
293.00000000000	0.093104973435402
294.00000000000	0.092898435890675
295.00000000000	0.092693813145161
296.00000000000	0.092491090297699
297.00000000000	0.092290244996548
298.00000000000	0.092091262340546
299.00000000000	0.091894119977951
300.00000000000	0.091698803007603
301.00000000000	0.091505289077759
302.00000000000	0.091313563287258
303.00000000000	0.091123618185520
304.00000000000	0.090935416519642
305.00000000000	0.090748958289623
306.00000000000	0.090564221143723
307.00000000000	0.090381190180779
308.00000000000	0.090199843049049
309.00000000000	0.090020172297955
310.00000000000	0.089842155575752
311.00000000000	0.089665777981281
312.00000000000	0.089491024613380
313.00000000000	0.089317873120308
314.00000000000	0.089146323502064
315.00000000000	0.088976345956326
316.00000000000	0.088807933032513
317.00000000000	0.088641062378883
318.00000000000	0.088475726544857
319.00000000000	0.088311910629272
320.00000000000	0.088149599730968
321.00000000000	0.087988771498203
322.00000000000	0.087829425930977
323.00000000000	0.087671533226967
324.00000000000	0.087515093386173
325.00000000000	0.087360084056854
326.00000000000	0.087206490337849
327.00000000000	0.087054304778576
328.00000000000	0.086903505027294
329.00000000000	0.086754091084003
330.00000000000	0.086606040596962
331.00000000000	0.086459346115589
332.00000000000	0.086313985288143
333.00000000000	0.086169950664043
334.00000000000	0.086027234792709
335.00000000000	0.085885822772980
336.00000000000	0.085745699703693
337.00000000000	0.085606850683689
338.00000000000	0.085469260811806
339.00000000000	0.085332930088043
340.00000000000	0.085197843611240
341.00000000000	0.085063986480236
342.00000000000	0.084931343793869
343.00000000000	0.084799908101559
344.00000000000	0.084669664502144
345.00000000000	0.084540605545044
346.00000000000	0.084412723779678
347.00000000000	0.084285996854305
348.00000000000	0.084160424768925
349.00000000000	0.084035992622375
350.00000000000	0.083912685513496
351.00000000000	0.083790495991707
352.00000000000	0.083669416606426
353.00000000000	0.083549432456493
354.00000000000	0.083430536091328
355.00000000000	0.083312712609768
356.00000000000	0.083195962011814
357.00000000000	0.083080261945724
358.00000000000	0.082965612411499
359.00000000000	0.082851998507977
360.00000000000	0.082739412784576
361.00000000000	0.082627840340137
362.00000000000	0.082517273724079
363.00000000000	0.082407712936401
364.00000000000	0.082299135625362
365.00000000000	0.082191541790962
366.00000000000	0.082084909081459
367.00000000000	0.081979244947433
368.00000000000	0.081874534487724
369.00000000000	0.081770762801170
370.00000000000	0.081667929887772
371.00000000000	0.081566020846367
372.00000000000	0.081465028226376
373.00000000000	0.081364944577217
374.00000000000	0.081265762448311
375.00000000000	0.081167474389076
376.00000000000	0.081070065498352
377.00000000000	0.080973535776138
378.00000000000	0.080877870321274
379.00000000000	0.080783061683178
380.00000000000	0.080689109861851
381.00000000000	0.080595992505550
382.00000000000	0.080503717064857
383.00000000000	0.080412268638611
384.00000000000	0.080321639776230
385.00000000000	0.080231823027134
386.00000000000	0.080142803490162
387.00000000000	0.080054588615894
388.00000000000	0.079967163503170
389.00000000000	0.079880520701408
390.00000000000	0.079794652760029
391.00000000000	0.079709552228451
392.00000000000	0.079625211656094
393.00000000000	0.079541623592377
394.00000000000	0.079458788037300
395.00000000000	0.079376690089703
396.00000000000	0.079295322299004
397.00000000000	0.079214677214622
398.00000000000	0.079134762287140
399.00000000000	0.079055555164814
400.00000000000	0.078977055847645
401.00000000000	0.078899249434471
402.00000000000	0.078822143375874
403.00000000000	0.078745722770691
404.00000000000	0.078669980168343
405.00000000000	0.078594915568829
406.00000000000	0.078520521521568
407.00000000000	0.078446783125401
408.00000000000	0.078373707830906
409.00000000000	0.078301280736923
410.00000000000	0.078229494392872
411.00000000000	0.078158348798752
412.00000000000	0.078087829053402
413.00000000000	0.078017942607403
414.00000000000	0.077948674559593
415.00000000000	0.077880017459393
416.00000000000	0.077811978757381
417.00000000000	0.077744536101818
418.00000000000	0.077677696943283
419.00000000000	0.077611446380615
420.00000000000	0.077545784413815
421.00000000000	0.077480703592300
422.00000000000	0.077416203916073
423.00000000000	0.077352270483971
424.00000000000	0.077288903295994
425.00000000000	0.077226094901562
426.00000000000	0.077163845300674
427.00000000000	0.077102147042751
428.00000000000	0.077040992677212
429.00000000000	0.076980382204056
430.00000000000	0.076920308172703
431.00000000000	0.076860755681992
432.00000000000	0.076801739633083
433.00000000000	0.076743237674236
434.00000000000	0.076685257256031
435.00000000000	0.076627790927887
436.00000000000	0.076570823788643
437.00000000000	0.076514363288879
438.00000000000	0.076458401978016
439.00000000000	0.076402932405472
440.00000000000	0.076347947120667
441.00000000000	0.076293453574181
442.00000000000	0.076239436864853
443.00000000000	0.076185896992683
444.00000000000	0.076132826507092
445.00000000000	0.076080225408077
446.00000000000	0.076028086245060
447.00000000000	0.075976401567459
448.00000000000	0.075925178825855
449.00000000000	0.075874403119087
450.00000000000	0.075824074447155
451.00000000000	0.075774185359478
452.00000000000	0.075724735856056
453.00000000000	0.075675718486309
454.00000000000	0.075627133250237
455.00000000000	0.075578980147839
456.00000000000	0.075531244277954
457.00000000000	0.075483925640583
458.00000000000	0.075437024235725
459.00000000000	0.075390532612801
460.00000000000	0.075344450771809
461.00000000000	0.075298771262169
462.00000000000	0.075253494083881
463.00000000000	0.075208611786366
464.00000000000	0.075164124369621
465.00000000000	0.075120024383068
466.00000000000	0.075076304376125
467.00000000000	0.075032979249954
468.00000000000	0.074990026652813
469.00000000000	0.074947446584702
470.00000000000	0.074905239045620
471.00000000000	0.074863404035568
472.00000000000	0.074821934103966
473.00000000000	0.074780829250813
474.00000000000	0.074740082025528
475.00000000000	0.074699684977531
476.00000000000	0.074659645557404
477.00000000000	0.074619956314564
478.00000000000	0.074580609798431
479.00000000000	0.074541613459587
480.00000000000	0.074502952396870
481.00000000000	0.074464626610279
482.00000000000	0.074426636099815
483.00000000000	0.074388973414898
484.00000000000	0.074351646006107
485.00000000000	0.074314638972282
486.00000000000	0.074277952313423
487.00000000000	0.074241593480110
488.00000000000	0.074205540120602
489.00000000000	0.074169807136059
490.00000000000	0.074134387075901
491.00000000000	0.074099272489548
492.00000000000	0.074064463376999
493.00000000000	0.074029952287674
494.00000000000	0.073995746672153
495.00000000000	0.073961831629276
496.00000000000	0.073928222060204
497.00000000000	0.073894895613194
498.00000000000	0.073861859738827
499.00000000000	0.073829114437103
500.00000000000	0.073796652257442
501.00000000000	0.073764465749264
502.00000000000	0.073732562363148
503.00000000000	0.073700942099094
504.00000000000	0.073669590055943
505.00000000000	0.073638506233692
506.00000000000	0.073607698082924
507.00000000000	0.073577150702477
508.00000000000	0.073546871542931
509.00000000000	0.073516853153706
510.00000000000	0.073487095534801
511.00000000000	0.073457598686218
512.00000000000	0.073428355157375
513.00000000000	0.073399357497692
514.00000000000	0.073370620608330
515.00000000000	0.073342129588127
516.00000000000	0.073313884437084
517.00000000000	0.073285877704620
518.00000000000	0.073258116841316
519.00000000000	0.073230601847172
520.00000000000	0.073203317821026
521.00000000000	0.073176272213459
522.00000000000	0.073149457573891
523.00000000000	0.073122873902321
524.00000000000	0.073096521198750
525.00000000000	0.073070399463177
526.00000000000	0.073044493794441
527.00000000000	0.073018819093704
528.00000000000	0.072993367910385
529.00000000000	0.072968125343323
530.00000000000	0.072943113744259
531.00000000000	0.072918310761452
532.00000000000	0.072893716394901
533.00000000000	0.072869338095188
534.00000000000	0.072845175862312
535.00000000000	0.072821214795113
536.00000000000	0.072797462344170
537.00000000000	0.072773911058903
538.00000000000	0.072750560939312
539.00000000000	0.072727419435978
540.00000000000	0.072704471647739
541.00000000000	0.072681725025177
542.00000000000	0.072659172117710
543.00000000000	0.072636805474758
544.00000000000	0.072614639997482
545.00000000000	0.072592660784721
546.00000000000	0.072570875287056
547.00000000000	0.072549276053905
548.00000000000	0.072527855634689
549.00000000000	0.072506621479988
550.00000000000	0.072485573589802
551.00000000000	0.072464704513550
552.00000000000	0.072444014251232
553.00000000000	0.072423495352268
554.00000000000	0.072403162717819
555.00000000000	0.072382993996143
556.00000000000	0.072363004088402
557.00000000000	0.072343185544014
558.00000000000	0.072323538362980
559.00000000000	0.072304055094719
560.00000000000	0.072284743189812
561.00000000000	0.072265595197678
562.00000000000	0.072246603667736
563.00000000000	0.072227783501148
564.00000000000	0.072209119796753
565.00000000000	0.072190620005131
566.00000000000	0.072172276675701
567.00000000000	0.072154089808464
568.00000000000	0.072136059403419
569.00000000000	0.072118178009987
570.00000000000	0.072100453078747
571.00000000000	0.072082877159119
572.00000000000	0.072065457701683
573.00000000000	0.072048179805279
574.00000000000	0.072031050920486
575.00000000000	0.072014071047306
576.00000000000	0.071997232735157
577.00000000000	0.071980543434620
578.00000000000	0.071963995695114
579.00000000000	0.071947582066059
580.00000000000	0.071931309998035
581.00000000000	0.071915179491043
582.00000000000	0.071899190545082
583.00000000000	0.071883335709572
584.00000000000	0.071867607533932
585.00000000000	0.071852020919323
586.00000000000	0.071836568415165
587.00000000000	0.071821242570877
588.00000000000	0.071806050837040
589.00000000000	0.071790985763073
590.00000000000	0.071776054799557
591.00000000000	0.071761243045330
592.00000000000	0.071746557950974
593.00000000000	0.071731999516487
594.00000000000	0.071717567741871
595.00000000000	0.071703255176544
596.00000000000	0.071689069271088
597.00000000000	0.071674995124340
598.00000000000	0.071661047637463
599.00000000000	0.071647219359875
600.00000000000	0.071633502840996
601.00000000000	0.071619905531406
602.00000000000	0.071606419980526
603.00000000000	0.071593053638935
604.00000000000	0.071579799056053
605.00000000000	0.071566663682461
606.00000000000	0.071553632616997
607.00000000000	0.071540713310242
608.00000000000	0.071527898311615
609.00000000000	0.071515195071697
610.00000000000	0.071502603590488
611.00000000000	0.071490116417408
612.00000000000	0.071477733552456
613.00000000000	0.071465462446213
614.00000000000	0.071453288197517
615.00000000000	0.071441218256950
616.00000000000	0.071429252624512
617.00000000000	0.071417383849621
618.00000000000	0.071405619382858
619.00000000000	0.071393951773643
620.00000000000	0.071382381021976
621.00000000000	0.071370914578438
622.00000000000	0.071359544992447
623.00000000000	0.071348264813423
624.00000000000	0.071337081491947
625.00000000000	0.071325995028019
626.00000000000	0.071315005421638
627.00000000000	0.071304105222225
628.00000000000	0.071293294429779
629.00000000000	0.071282580494881
630.00000000000	0.071271955966949
631.00000000000	0.071261420845985
632.00000000000	0.071250967681408
633.00000000000	0.071240611374378
634.00000000000	0.071230337023735
635.00000000000	0.071220152080059
636.00000000000	0.071210056543350
637.00000000000	0.071200042963028
638.00000000000	0.071190111339092
639.00000000000	0.071180261671543
640.00000000000	0.071170501410961
641.00000000000	0.071160823106766
642.00000000000	0.071151219308376
643.00000000000	0.071141704916954
644.00000000000	0.071132265031338
645.00000000000	0.071122907102108
646.00000000000	0.071113623678684
647.00000000000	0.071104422211647
648.00000000000	0.071095295250416
649.00000000000	0.071086250245571
650.00000000000	0.071077279746532
651.00000000000	0.071068383753300
652.00000000000	0.071059562265873
653.00000000000	0.071050815284252
654.00000000000	0.071042142808437
655.00000000000	0.071033537387848
656.00000000000	0.071025013923645
657.00000000000	0.071016550064087
658.00000000000	0.071008168160915
659.00000000000	0.070999853312969
660.00000000000	0.070991605520248
661.00000000000	0.070983432233334
662.00000000000	0.070975326001644
663.00000000000	0.070967286825180
664.00000000000	0.070959314703941
665.00000000000	0.070951409637928
666.00000000000	0.070943564176559
667.00000000000	0.070935793220997
668.00000000000	0.070928089320660
669.00000000000	0.070920445024967
670.00000000000	0.070912860333920
671.00000000000	0.070905350148678
672.00000000000	0.070897892117500
673.00000000000	0.070890501141548
674.00000000000	0.070883177220821
675.00000000000	0.070875912904739
676.00000000000	0.070868700742722
677.00000000000	0.070861555635929
678.00000000000	0.070854470133781
679.00000000000	0.070847444236279
680.00000000000	0.070840477943420
681.00000000000	0.070833563804626
682.00000000000	0.070826716721058
683.00000000000	0.070819921791553
684.00000000000	0.070813186466694
685.00000000000	0.070806503295898
686.00000000000	0.070799879729748
687.00000000000	0.070793308317661
688.00000000000	0.070786789059639
689.00000000000	0.070780329406261
690.00000000000	0.070773921906948
691.00000000000	0.070767574012280
692.00000000000	0.070761270821095
693.00000000000	0.070755019783974
694.00000000000	0.070748828351498
695.00000000000	0.070742681622505
696.00000000000	0.070736594498158
697.00000000000	0.070730552077293
698.00000000000	0.070724561810493
699.00000000000	0.070718616247177
700.00000000000	0.070712722837925
701.00000000000	0.070706881582737
702.00000000000	0.070701092481613
703.00000000000	0.070695348083973
704.00000000000	0.070689648389816
705.00000000000	0.070683993399143
706.00000000000	0.070678390562534
707.00000000000	0.070672839879990
708.00000000000	0.070667326450348
709.00000000000	0.070661865174770
710.00000000000	0.070656448602676
711.00000000000	0.070651069283485
712.00000000000	0.070645742118359
713.00000000000	0.070640459656715
714.00000000000	0.070635214447975
715.00000000000	0.070630021393299
716.00000000000	0.070624865591526
717.00000000000	0.070619754493237
718.00000000000	0.070614688098431
719.00000000000	0.070609658956528
720.00000000000	0.070604674518108
721.00000000000	0.070599734783173
722.00000000000	0.070594832301140
723.00000000000	0.070589974522591
724.00000000000	0.070585153996944
725.00000000000	0.070580370724201
726.00000000000	0.070575632154942
727.00000000000	0.070570930838585
728.00000000000	0.070566266775131
729.00000000000	0.070561639964581
730.00000000000	0.070557057857513
731.00000000000	0.070552513003349
732.00000000000	0.070547997951508
733.00000000000	0.070543527603149
734.00000000000	0.070539094507694
735.00000000000	0.070534691214561
736.00000000000	0.070530332624912
737.00000000000	0.070526003837585
738.00000000000	0.070521719753742
739.00000000000	0.070517465472221
740.00000000000	0.070513240993023
741.00000000000	0.070509061217308
742.00000000000	0.070504911243916
743.00000000000	0.070500798523426
744.00000000000	0.070496715605259
745.00000000000	0.070492669939995
746.00000000000	0.070488654077053
747.00000000000	0.070484675467014
748.00000000000	0.070480726659298
749.00000000000	0.070476807653904
750.00000000000	0.070472925901413
751.00000000000	0.070469081401825
752.00000000000	0.070465259253979
753.00000000000	0.070461474359035
754.00000000000	0.070457719266415
755.00000000000	0.070453993976116
756.00000000000	0.070450298488140
757.00000000000	0.070446640253067
758.00000000000	0.070443004369736
759.00000000000	0.070439398288727
760.00000000000	0.070435829460621
761.00000000000	0.070432282984257
762.00000000000	0.070428773760796
763.00000000000	0.070425286889076
764.00000000000	0.070421829819679
765.00000000000	0.070418402552605
766.00000000000	0.070414997637272
767.00000000000	0.070411629974842
768.00000000000	0.070408284664154
769.00000000000	0.070404969155788
770.00000000000	0.070401683449745
771.00000000000	0.070398420095444
772.00000000000	0.070395186543465
773.00000000000	0.070391975343227
774.00000000000	0.070388793945312
775.00000000000	0.070385642349720
776.00000000000	0.070382513105869
777.00000000000	0.070379406213760
778.00000000000	0.070376329123974
779.00000000000	0.070373274385929
780.00000000000	0.070370249450207
781.00000000000	0.070367246866226
782.00000000000	0.070364266633987
783.00000000000	0.070361316204071
784.00000000000	0.070358388125896
785.00000000000	0.070355482399464
786.00000000000	0.070352599024773
787.00000000000	0.070349745452404
788.00000000000	0.070346906781197
789.00000000000	0.070344097912312
790.00000000000	0.070341311395168
791.00000000000	0.070338547229767
792.00000000000	0.070335805416107
793.00000000000	0.070333085954189
794.00000000000	0.070330388844013
795.00000000000	0.070327714085579
796.00000000000	0.070325061678886
797.00000000000	0.070322431623936
798.00000000000	0.070319823920727
799.00000000000	0.070317231118679
800.00000000000	0.070314668118954
801.00000000000	0.070312120020390
802.00000000000	0.070309601724148
803.00000000000	0.070307098329067
804.00000000000	0.070304609835148
805.00000000000	0.070302151143551
806.00000000000	0.070299707353115
807.00000000000	0.070297285914421
808.00000000000	0.070294879376888
809.00000000000	0.070292495191097
810.00000000000	0.070290133357048
811.00000000000	0.070287793874741
812.00000000000	0.070285469293594
813.00000000000	0.070283159613609
814.00000000000	0.070280872285366
815.00000000000	0.070278607308865
816.00000000000	0.070276357233524
817.00000000000	0.070274122059345
818.00000000000	0.070271909236908
819.00000000000	0.070269718766212
820.00000000000	0.070267543196678
821.00000000000	0.070265382528305
822.00000000000	0.070263236761093
823.00000000000	0.070261113345623
824.00000000000	0.070259012281895
825.00000000000	0.070256918668747
826.00000000000	0.070254847407341
827.00000000000	0.070252791047096
828.00000000000	0.070250757038593
829.00000000000	0.070248737931252
830.00000000000	0.070246726274490
831.00000000000	0.070244744420052
832.00000000000	0.070242770016193
833.00000000000	0.070240810513496
834.00000000000	0.070238873362541
835.00000000000	0.070236951112747
836.00000000000	0.070235036313534
837.00000000000	0.070233143866062
838.00000000000	0.070231266319752
839.00000000000	0.070229403674603
840.00000000000	0.070227563381195
841.00000000000	0.070225730538368
842.00000000000	0.070223912596703
843.00000000000	0.070222109556198
844.00000000000	0.070220321416855
845.00000000000	0.070218548178673
846.00000000000	0.070216789841652
847.00000000000	0.070215046405792
848.00000000000	0.070213317871094
849.00000000000	0.070211604237556
850.00000000000	0.070209898054600
851.00000000000	0.070208214223385
852.00000000000	0.070206537842751
853.00000000000	0.070204876363277
854.00000000000	0.070203229784966
855.00000000000	0.070201598107815
856.00000000000	0.070199981331825
857.00000000000	0.070198372006416
858.00000000000	0.070196777582169
859.00000000000	0.070195198059082
860.00000000000	0.070193625986576
861.00000000000	0.070192076265812
862.00000000000	0.070190533995628
863.00000000000	0.070188999176025
864.00000000000	0.070187486708164
865.00000000000	0.070185981690884
866.00000000000	0.070184484124184
867.00000000000	0.070183008909225
868.00000000000	0.070181541144848
869.00000000000	0.070180080831051
870.00000000000	0.070178635418415
871.00000000000	0.070177204906940
872.00000000000	0.070175781846046
873.00000000000	0.070174373686314
874.00000000000	0.070172972977161
875.00000000000	0.070171587169170
876.00000000000	0.070170208811760
877.00000000000	0.070168845355511
878.00000000000	0.070167496800423
879.00000000000	0.070166148245335
880.00000000000	0.070164822041988
881.00000000000	0.070163495838642
882.00000000000	0.070162191987038
883.00000000000	0.070160888135433
884.00000000000	0.070159599184990
885.00000000000	0.070158325135708
886.00000000000	0.070157058537006
887.00000000000	0.070155799388885
888.00000000000	0.070154547691345
889.00000000000	0.070153310894966
890.00000000000	0.070152088999748
891.00000000000	0.070150867104530
892.00000000000	0.070149660110474
893.00000000000	0.070148460566998
894.00000000000	0.070147275924683
895.00000000000	0.070146098732948
896.00000000000	0.070144928991795
897.00000000000	0.070143766701221
898.00000000000	0.070142619311810
899.00000000000	0.070141479372978
900.00000000000	0.070140346884727
901.00000000000	0.070139229297638
902.00000000000	0.070138111710548
903.00000000000	0.070137009024620
904.00000000000	0.070135913789272
905.00000000000	0.070134826004505
906.00000000000	0.070133753120899
907.00000000000	0.070132680237293
908.00000000000	0.070131622254848
909.00000000000	0.070130571722984
910.00000000000	0.070129528641701
911.00000000000	0.070128493010998
912.00000000000	0.070127464830875
913.00000000000	0.070126451551914
914.00000000000	0.070125438272953
915.00000000000	0.070124439895153
916.00000000000	0.070123448967934
917.00000000000	0.070122458040714
918.00000000000	0.070121482014656
919.00000000000	0.070120513439178
920.00000000000	0.070119552314281
921.00000000000	0.070118598639965
922.00000000000	0.070117652416229
923.00000000000	0.070116713643074
924.00000000000	0.070115782320499
925.00000000000	0.070114858448505
926.00000000000	0.070113942027092
927.00000000000	0.070113033056259
928.00000000000	0.070112131536007
929.00000000000	0.070111237466335
930.00000000000	0.070110358297825
931.00000000000	0.070109471678734
932.00000000000	0.070108599960804
933.00000000000	0.070107735693455
934.00000000000	0.070106878876686
935.00000000000	0.070106029510498
936.00000000000	0.070105180144310
937.00000000000	0.070104345679283
938.00000000000	0.070103518664837
939.00000000000	0.070102691650391
940.00000000000	0.070101872086525
941.00000000000	0.070101059973240
942.00000000000	0.070100255310535
943.00000000000	0.070099458098412
944.00000000000	0.070098668336868
945.00000000000	0.070097886025906
946.00000000000	0.070097103714943
947.00000000000	0.070096328854561
948.00000000000	0.070095568895340
949.00000000000	0.070094808936119
950.00000000000	0.070094048976898
951.00000000000	0.070093303918839
952.00000000000	0.070092558860779
953.00000000000	0.070091828703880
954.00000000000	0.070091098546982
955.00000000000	0.070090375840664
956.00000000000	0.070089653134346
957.00000000000	0.070088937878609
958.00000000000	0.070088237524033
959.00000000000	0.070087537169456
960.00000000000	0.070086836814880
961.00000000000	0.070086151361465
962.00000000000	0.070085465908051
963.00000000000	0.070084787905216
964.00000000000	0.070084109902382
965.00000000000	0.070083446800709
966.00000000000	0.070082783699036
967.00000000000	0.070082128047943
968.00000000000	0.070081472396851
969.00000000000	0.070080824196339
970.00000000000	0.070080183446407
971.00000000000	0.070079550147057
972.00000000000	0.070078916847706
973.00000000000	0.070078290998936
974.00000000000	0.070077672600746
975.00000000000	0.070077054202557
976.00000000000	0.070076443254948
977.00000000000	0.070075839757919
978.00000000000	0.070075236260891
979.00000000000	0.070074640214443
980.00000000000	0.070074044167995
981.00000000000	0.070073463022709
982.00000000000	0.070072874426842
983.00000000000	0.070072300732136
984.00000000000	0.070071727037430
985.00000000000	0.070071160793304
986.00000000000	0.070070594549179
987.00000000000	0.070070035755634
988.00000000000	0.070069476962090
989.00000000000	0.070068933069706
990.00000000000	0.070068381726742
991.00000000000	0.070067845284939
992.00000000000	0.070067308843136
993.00000000000	0.070066772401333
994.00000000000	0.070066243410110
995.00000000000	0.070065721869469
996.00000000000	0.070065200328827
997.00000000000	0.070064686238766
998.00000000000	0.070064172148705
999.00000000000	0.070063665509224
1000.0000000000	0.070063158869743
#
#"Incident Energy @ Incident Angle 0° / eV"	"Rediff [Real]"
#----------------------------------------------------------
0.0000000000000	0.0000000000000
1.0000000000000	0.018270665779710
2.0000000000000	0.036090224981308
3.0000000000000	0.053469821810722
4.0000000000000	0.070420309901237
5.0000000000000	0.086952291429043
6.0000000000000	0.10307610034943
7.0000000000000	0.11880180239677
8.0000000000000	0.13413923978806
9.0000000000000	0.14909799396992
10.000000000000	0.16368742287159
11.000000000000	0.17791663110256
12.000000000000	0.19179451465607
13.000000000000	0.20532976090908
14.000000000000	0.21853081882000
15.000000000000	0.23140592873096
16.000000000000	0.24396316707134
17.000000000000	0.25621035695076
18.000000000000	0.26815515756607
19.000000000000	0.27980506420135
20.000000000000	0.29116731882095
21.000000000000	0.30224904417992
22.000000000000	0.31305715441704
23.000000000000	0.32359838485718
24.000000000000	0.33387938141823
25.000000000000	0.34390655159950
26.000000000000	0.35368612408638
27.000000000000	0.36322423815727
28.000000000000	0.37252688407898
29.000000000000	0.38159981369972
30.000000000000	0.39044874906540
31.000000000000	0.39907920360565
32.000000000000	0.40749657154083
33.000000000000	0.41570609807968
34.000000000000	0.42371293902397
35.000000000000	0.43152210116386
36.000000000000	0.43913844227791
37.000000000000	0.44656676054001
38.000000000000	0.45381164550781
39.000000000000	0.46087765693665
40.000000000000	0.46776920557022
41.000000000000	0.47449061274529
42.000000000000	0.48104605078697
43.000000000000	0.48743966221809
44.000000000000	0.49367541074753
45.000000000000	0.49975717067719
46.000000000000	0.50568878650665
47.000000000000	0.51147395372391
48.000000000000	0.51711630821228
49.000000000000	0.52261930704117
50.000000000000	0.52798646688461
51.000000000000	0.53322106599808
52.000000000000	0.53832650184631
53.000000000000	0.54330581426620
54.000000000000	0.54816222190857
55.000000000000	0.55289870500565
56.000000000000	0.55751824378967
57.000000000000	0.56202375888824
58.000000000000	0.56641799211502
59.000000000000	0.57070374488831
60.000000000000	0.57488369941711
61.000000000000	0.57896041870117
62.000000000000	0.58293652534485
63.000000000000	0.58681440353394
64.000000000000	0.59059655666351
65.000000000000	0.59428536891937
66.000000000000	0.59788304567337
67.000000000000	0.60139197111130
68.000000000000	0.60481417179108
69.000000000000	0.60815191268921
70.000000000000	0.61140727996826
71.000000000000	0.61458224058151
72.000000000000	0.61767882108688
73.000000000000	0.62069892883301
74.000000000000	0.62364447116852
75.000000000000	0.62651729583740
76.000000000000	0.62931925058365
77.000000000000	0.63205194473267
78.000000000000	0.63471716642380
79.000000000000	0.63731664419174
80.000000000000	0.63985186815262
81.000000000000	0.64232456684113
82.000000000000	0.64473617076874
83.000000000000	0.64708822965622
84.000000000000	0.64938223361969
85.000000000000	0.65161961317062
86.000000000000	0.65380173921585
87.000000000000	0.65592998266220
88.000000000000	0.65800565481186
89.000000000000	0.66003012657166
90.000000000000	0.66200459003448
91.000000000000	0.66393029689789
92.000000000000	0.66580843925476
93.000000000000	0.66764026880264
94.000000000000	0.66942679882050
95.000000000000	0.67116928100586
96.000000000000	0.67286872863770
97.000000000000	0.67452621459961
98.000000000000	0.67614275217056
99.000000000000	0.67771941423416
100.00000000000	0.67925709486008
101.00000000000	0.68075686693192
102.00000000000	0.68221956491470
103.00000000000	0.68364614248276
104.00000000000	0.68503755331039
105.00000000000	0.68639457225800
106.00000000000	0.68771809339523
107.00000000000	0.68900895118713
108.00000000000	0.69026792049408
109.00000000000	0.69149583578110
110.00000000000	0.69269341230392
111.00000000000	0.69386136531830
112.00000000000	0.69500052928925
113.00000000000	0.69611161947250
114.00000000000	0.69719523191452
115.00000000000	0.69825208187103
116.00000000000	0.69928282499313
117.00000000000	0.70028811693192
118.00000000000	0.70126861333847
119.00000000000	0.70222491025925
120.00000000000	0.70315754413605
121.00000000000	0.70406723022461
122.00000000000	0.70495438575745
123.00000000000	0.70581966638565
124.00000000000	0.70666360855103
125.00000000000	0.70748668909073
126.00000000000	0.70828944444656
127.00000000000	0.70907235145569
128.00000000000	0.70983594655991
129.00000000000	0.71058070659637
130.00000000000	0.71130710840225
131.00000000000	0.71201550960541
132.00000000000	0.71270644664764
133.00000000000	0.71338033676147
134.00000000000	0.71403759717941
135.00000000000	0.71467858552933
136.00000000000	0.71530377864838
137.00000000000	0.71591353416443
138.00000000000	0.71650820970535
139.00000000000	0.71708822250366
140.00000000000	0.71765393018723
141.00000000000	0.71820569038391
142.00000000000	0.71874374151230
143.00000000000	0.71926856040955
144.00000000000	0.71978044509888
145.00000000000	0.72027969360352
146.00000000000	0.72076654434204
147.00000000000	0.72124141454697
148.00000000000	0.72170460224152
149.00000000000	0.72215628623962
150.00000000000	0.72259688377380
151.00000000000	0.72302657365799
152.00000000000	0.72344565391541
153.00000000000	0.72385436296463
154.00000000000	0.72425299882889
155.00000000000	0.72464179992676
156.00000000000	0.72502100467682
157.00000000000	0.72539079189301
158.00000000000	0.72575151920319
159.00000000000	0.72610330581665
160.00000000000	0.72644644975662
161.00000000000	0.72678107023239
162.00000000000	0.72710746526718
163.00000000000	0.72742575407028
164.00000000000	0.72773623466492
165.00000000000	0.72803902626038
166.00000000000	0.72833430767059
167.00000000000	0.72862237691879
168.00000000000	0.72890329360962
169.00000000000	0.72917723655701
170.00000000000	0.72944444417953
171.00000000000	0.72970509529114
172.00000000000	0.72995924949646
173.00000000000	0.73020714521408
174.00000000000	0.73044896125793
175.00000000000	0.73068475723267
176.00000000000	0.73091477155685
177.00000000000	0.73113906383514
178.00000000000	0.73135787248611
179.00000000000	0.73157125711441
180.00000000000	0.73177933692932
181.00000000000	0.73198229074478
182.00000000000	0.73218029737473
183.00000000000	0.73237335681915
184.00000000000	0.73256164789200
185.00000000000	0.73274528980255
186.00000000000	0.73292440176010
187.00000000000	0.73309910297394
188.00000000000	0.73326951265335
189.00000000000	0.73343569040298
190.00000000000	0.73359775543213
191.00000000000	0.73375582695007
192.00000000000	0.73390996456146
193.00000000000	0.73406034708023
194.00000000000	0.73420697450638
195.00000000000	0.73435002565384
196.00000000000	0.73448950052261
197.00000000000	0.73462557792664
198.00000000000	0.73475825786591
199.00000000000	0.73488771915436
200.00000000000	0.73501390218735
201.00000000000	0.73513704538345
202.00000000000	0.73525708913803
203.00000000000	0.73537421226501
204.00000000000	0.73548841476440
205.00000000000	0.73559981584549
206.00000000000	0.73570841550827
207.00000000000	0.73581439256668
208.00000000000	0.73591774702072
209.00000000000	0.73601853847504
210.00000000000	0.73611682653427
211.00000000000	0.73621273040771
212.00000000000	0.73630625009537
213.00000000000	0.73639744520187
214.00000000000	0.73648637533188
215.00000000000	0.73657310009003
216.00000000000	0.73665773868561
217.00000000000	0.73674023151398
218.00000000000	0.73682075738907
219.00000000000	0.73689925670624
220.00000000000	0.73697578907013
221.00000000000	0.73705047369003
222.00000000000	0.73712331056595
223.00000000000	0.73719429969788
224.00000000000	0.73726356029510
225.00000000000	0.73733115196228
226.00000000000	0.73739701509476
227.00000000000	0.73746132850647
228.00000000000	0.73752397298813
229.00000000000	0.73758512735367
230.00000000000	0.73764473199844
231.00000000000	0.73770290613174
232.00000000000	0.73775959014893
233.00000000000	0.73781490325928
234.00000000000	0.73786884546280
235.00000000000	0.73792147636414
236.00000000000	0.73797279596329
237.00000000000	0.73802286386490
238.00000000000	0.73807168006897
239.00000000000	0.73811930418015
240.00000000000	0.73816573619843
241.00000000000	0.73821103572845
242.00000000000	0.73825520277023
243.00000000000	0.73829823732376
244.00000000000	0.73834025859833
245.00000000000	0.73838126659393
246.00000000000	0.73842120170593
247.00000000000	0.73846018314362
248.00000000000	0.73849821090698
249.00000000000	0.73853528499603
250.00000000000	0.73857146501541
251.00000000000	0.73860675096512
252.00000000000	0.73864114284515
253.00000000000	0.73867470026016
254.00000000000	0.73870742321014
255.00000000000	0.73873931169510
256.00000000000	0.73877042531967
257.00000000000	0.73880082368851
258.00000000000	0.73883038759232
259.00000000000	0.73885929584503
260.00000000000	0.73888742923737
261.00000000000	0.73891490697861
262.00000000000	0.73894172906876
263.00000000000	0.73896783590317
264.00000000000	0.73899334669113
265.00000000000	0.73901820182800
266.00000000000	0.73904240131378
267.00000000000	0.73906606435776
268.00000000000	0.73908913135529
269.00000000000	0.73911160230637
270.00000000000	0.73913353681564
271.00000000000	0.73915493488312
272.00000000000	0.73917579650879
273.00000000000	0.73919618129730
274.00000000000	0.73921602964401
275.00000000000	0.73923534154892
276.00000000000	0.73925423622131
277.00000000000	0.73927265405655
278.00000000000	0.73929059505463
279.00000000000	0.73930811882019
280.00000000000	0.73932522535324
281.00000000000	0.73934185504913
282.00000000000	0.73935812711716
283.00000000000	0.73937398195267
284.00000000000	0.73938941955566
285.00000000000	0.73940449953079
286.00000000000	0.73941922187805
287.00000000000	0.73943352699280
288.00000000000	0.73944753408432
289.00000000000	0.73946118354797
290.00000000000	0.73947447538376
291.00000000000	0.73948746919632
292.00000000000	0.73950010538101
293.00000000000	0.73951244354248
294.00000000000	0.73952448368073
295.00000000000	0.73953622579575
296.00000000000	0.73954766988754
297.00000000000	0.73955881595612
298.00000000000	0.73956972360611
299.00000000000	0.73958033323288
300.00000000000	0.73959070444107
301.00000000000	0.73960083723068
302.00000000000	0.73961067199707
303.00000000000	0.73962026834488
304.00000000000	0.73962968587875
305.00000000000	0.73963880538940
306.00000000000	0.73964774608612
307.00000000000	0.73965644836426
308.00000000000	0.73966491222382
309.00000000000	0.73967319726944
310.00000000000	0.73968124389648
311.00000000000	0.73968911170959
312.00000000000	0.73969680070877
313.00000000000	0.73970431089401
314.00000000000	0.73971158266068
315.00000000000	0.73971867561340
316.00000000000	0.73972564935684
317.00000000000	0.73973244428635
318.00000000000	0.73973900079727
319.00000000000	0.73974549770355
320.00000000000	0.73975175619125
321.00000000000	0.73975789546967
322.00000000000	0.73976385593414
323.00000000000	0.73976969718933
324.00000000000	0.73977535963058
325.00000000000	0.73978090286255
326.00000000000	0.73978632688522
327.00000000000	0.73979163169861
328.00000000000	0.73979675769806
329.00000000000	0.73980176448822
330.00000000000	0.73980665206909
331.00000000000	0.73981142044067
332.00000000000	0.73981606960297
333.00000000000	0.73982065916061
334.00000000000	0.73982506990433
335.00000000000	0.73982936143875
336.00000000000	0.73983359336853
337.00000000000	0.73983770608902
338.00000000000	0.73984169960022
339.00000000000	0.73984563350677
340.00000000000	0.73984944820404
341.00000000000	0.73985314369202
342.00000000000	0.73985677957535
343.00000000000	0.73986029624939
344.00000000000	0.73986375331879
345.00000000000	0.73986715078354
346.00000000000	0.73987042903900
347.00000000000	0.73987358808517
348.00000000000	0.73987674713135
349.00000000000	0.73987978696823
350.00000000000	0.73988276720047
351.00000000000	0.73988562822342
352.00000000000	0.73988842964172
353.00000000000	0.73989123106003
354.00000000000	0.73989391326904
355.00000000000	0.73989653587341
356.00000000000	0.73989909887314
357.00000000000	0.73990154266357
358.00000000000	0.73990398645401
359.00000000000	0.73990637063980
360.00000000000	0.73990869522095
361.00000000000	0.73991096019745
362.00000000000	0.73991310596466
363.00000000000	0.73991525173187
364.00000000000	0.73991733789444
365.00000000000	0.73991942405701
366.00000000000	0.73992139101028
367.00000000000	0.73992335796356
368.00000000000	0.73992520570755
369.00000000000	0.73992705345154
370.00000000000	0.73992890119553
371.00000000000	0.73993062973022
372.00000000000	0.73993235826492
373.00000000000	0.73993402719498
374.00000000000	0.73993563652039
375.00000000000	0.73993724584579
376.00000000000	0.73993879556656
377.00000000000	0.73994028568268
378.00000000000	0.73994177579880
379.00000000000	0.73994320631027
380.00000000000	0.73994463682175
381.00000000000	0.73994594812393
382.00000000000	0.73994731903076
383.00000000000	0.73994863033295
384.00000000000	0.73994988203049
385.00000000000	0.73995113372803
386.00000000000	0.73995232582092
387.00000000000	0.73995351791382
388.00000000000	0.73995465040207
389.00000000000	0.73995578289032
390.00000000000	0.73995685577393
391.00000000000	0.73995792865753
392.00000000000	0.73995894193649
393.00000000000	0.73995995521545
394.00000000000	0.73996096849442
395.00000000000	0.73996192216873
396.00000000000	0.73996287584305
397.00000000000	0.73996376991272
398.00000000000	0.73996466398239
399.00000000000	0.73996555805206
400.00000000000	0.73996639251709
401.00000000000	0.73996722698212
402.00000000000	0.73996806144714
403.00000000000	0.73996883630753
404.00000000000	0.73996961116791
405.00000000000	0.73997032642365
406.00000000000	0.73997110128403
407.00000000000	0.73997181653976
408.00000000000	0.73997247219086
409.00000000000	0.73997318744659
410.00000000000	0.73997384309769
411.00000000000	0.73997449874878
412.00000000000	0.73997509479523
413.00000000000	0.73997575044632
414.00000000000	0.73997634649277
415.00000000000	0.73997688293457
416.00000000000	0.73997747898102
417.00000000000	0.73997801542282
418.00000000000	0.73997855186462
419.00000000000	0.73997908830643
420.00000000000	0.73997962474823
421.00000000000	0.73998010158539
422.00000000000	0.73998063802719
423.00000000000	0.73998111486435
424.00000000000	0.73998159170151
425.00000000000	0.73998200893402
426.00000000000	0.73998248577118
427.00000000000	0.73998290300369
428.00000000000	0.73998332023621
429.00000000000	0.73998373746872
430.00000000000	0.73998415470123
431.00000000000	0.73998451232910
432.00000000000	0.73998492956161
433.00000000000	0.73998528718948
434.00000000000	0.73998564481735
435.00000000000	0.73998600244522
436.00000000000	0.73998636007309
437.00000000000	0.73998665809631
438.00000000000	0.73998701572418
439.00000000000	0.73998731374741
440.00000000000	0.73998761177063
441.00000000000	0.73998796939850
442.00000000000	0.73998826742172
443.00000000000	0.73998850584030
444.00000000000	0.73998880386353
445.00000000000	0.73998910188675
446.00000000000	0.73998934030533
447.00000000000	0.73998963832855
448.00000000000	0.73998987674713
449.00000000000	0.73999011516571
450.00000000000	0.73999035358429
451.00000000000	0.73999059200287
452.00000000000	0.73999083042145
453.00000000000	0.73999106884003
454.00000000000	0.73999130725861
455.00000000000	0.73999148607254
456.00000000000	0.73999172449112
457.00000000000	0.73999190330505
458.00000000000	0.73999214172363
459.00000000000	0.73999232053757
460.00000000000	0.73999249935150
461.00000000000	0.73999267816544
462.00000000000	0.73999285697937
463.00000000000	0.73999303579330
464.00000000000	0.73999321460724
465.00000000000	0.73999339342117
466.00000000000	0.73999357223511
467.00000000000	0.73999369144440
468.00000000000	0.73999387025833
469.00000000000	0.73999398946762
470.00000000000	0.73999416828156
471.00000000000	0.73999428749084
472.00000000000	0.73999446630478
473.00000000000	0.73999458551407
474.00000000000	0.73999470472336
475.00000000000	0.73999482393265
476.00000000000	0.73999500274658
477.00000000000	0.73999512195587
478.00000000000	0.73999524116516
479.00000000000	0.73999536037445
480.00000000000	0.73999547958374
481.00000000000	0.73999553918839
482.00000000000	0.73999565839767
483.00000000000	0.73999577760696
484.00000000000	0.73999589681625
485.00000000000	0.73999601602554
486.00000000000	0.73999607563019
487.00000000000	0.73999619483948
488.00000000000	0.73999625444412
489.00000000000	0.73999637365341
490.00000000000	0.73999643325806
491.00000000000	0.73999655246735
492.00000000000	0.73999661207199
493.00000000000	0.73999673128128
494.00000000000	0.73999679088593
495.00000000000	0.73999685049057
496.00000000000	0.73999696969986
497.00000000000	0.73999702930450
498.00000000000	0.73999708890915
499.00000000000	0.73999714851379
500.00000000000	0.73999726772308
501.00000000000	0.73999732732773
502.00000000000	0.73999738693237
503.00000000000	0.73999744653702
504.00000000000	0.73999750614166
505.00000000000	0.73999756574631
506.00000000000	0.73999762535095
507.00000000000	0.73999768495560
508.00000000000	0.73999774456024
509.00000000000	0.73999780416489
510.00000000000	0.73999786376953
511.00000000000	0.73999792337418
512.00000000000	0.73999798297882
513.00000000000	0.73999798297882
514.00000000000	0.73999804258347
515.00000000000	0.73999810218811
516.00000000000	0.73999816179276
517.00000000000	0.73999822139740
518.00000000000	0.73999822139740
519.00000000000	0.73999828100204
520.00000000000	0.73999834060669
521.00000000000	0.73999834060669
522.00000000000	0.73999840021133
523.00000000000	0.73999845981598
524.00000000000	0.73999845981598
525.00000000000	0.73999851942062
526.00000000000	0.73999857902527
527.00000000000	0.73999857902527
528.00000000000	0.73999863862991
529.00000000000	0.73999863862991
530.00000000000	0.73999869823456
531.00000000000	0.73999875783920
532.00000000000	0.73999875783920
533.00000000000	0.73999881744385
534.00000000000	0.73999881744385
535.00000000000	0.73999887704849
536.00000000000	0.73999887704849
537.00000000000	0.73999887704849
538.00000000000	0.73999893665314
539.00000000000	0.73999893665314
540.00000000000	0.73999899625778
541.00000000000	0.73999899625778
542.00000000000	0.73999905586243
543.00000000000	0.73999905586243
544.00000000000	0.73999905586243
545.00000000000	0.73999911546707
546.00000000000	0.73999911546707
547.00000000000	0.73999917507172
548.00000000000	0.73999917507172
549.00000000000	0.73999917507172
550.00000000000	0.73999923467636
551.00000000000	0.73999923467636
552.00000000000	0.73999923467636
553.00000000000	0.73999929428101
554.00000000000	0.73999929428101
555.00000000000	0.73999929428101
556.00000000000	0.73999929428101
557.00000000000	0.73999935388565
558.00000000000	0.73999935388565
559.00000000000	0.73999935388565
560.00000000000	0.73999941349030
561.00000000000	0.73999941349030
562.00000000000	0.73999941349030
563.00000000000	0.73999941349030
564.00000000000	0.73999941349030
565.00000000000	0.73999947309494
566.00000000000	0.73999947309494
567.00000000000	0.73999947309494
568.00000000000	0.73999947309494
569.00000000000	0.73999953269958
570.00000000000	0.73999953269958
571.00000000000	0.73999953269958
572.00000000000	0.73999953269958
573.00000000000	0.73999953269958
574.00000000000	0.73999959230423
575.00000000000	0.73999959230423
576.00000000000	0.73999959230423
577.00000000000	0.73999959230423
578.00000000000	0.73999959230423
579.00000000000	0.73999959230423
580.00000000000	0.73999965190887
581.00000000000	0.73999965190887
582.00000000000	0.73999965190887
583.00000000000	0.73999965190887
584.00000000000	0.73999965190887
585.00000000000	0.73999965190887
586.00000000000	0.73999965190887
587.00000000000	0.73999971151352
588.00000000000	0.73999971151352
589.00000000000	0.73999971151352
590.00000000000	0.73999971151352
591.00000000000	0.73999971151352
592.00000000000	0.73999971151352
593.00000000000	0.73999971151352
594.00000000000	0.73999971151352
595.00000000000	0.73999977111816
596.00000000000	0.73999977111816
597.00000000000	0.73999977111816
598.00000000000	0.73999977111816
599.00000000000	0.73999977111816
600.00000000000	0.73999977111816
601.00000000000	0.73999977111816
602.00000000000	0.73999977111816
603.00000000000	0.73999977111816
604.00000000000	0.73999977111816
605.00000000000	0.73999977111816
606.00000000000	0.73999983072281
607.00000000000	0.73999983072281
608.00000000000	0.73999983072281
609.00000000000	0.73999983072281
610.00000000000	0.73999983072281
611.00000000000	0.73999983072281
612.00000000000	0.73999983072281
613.00000000000	0.73999983072281
614.00000000000	0.73999983072281
615.00000000000	0.73999983072281
616.00000000000	0.73999983072281
617.00000000000	0.73999983072281
618.00000000000	0.73999983072281
619.00000000000	0.73999983072281
620.00000000000	0.73999989032745
621.00000000000	0.73999989032745
622.00000000000	0.73999989032745
623.00000000000	0.73999989032745
624.00000000000	0.73999989032745
625.00000000000	0.73999989032745
626.00000000000	0.73999989032745
627.00000000000	0.73999989032745
628.00000000000	0.73999989032745
629.00000000000	0.73999989032745
630.00000000000	0.73999989032745
631.00000000000	0.73999989032745
632.00000000000	0.73999989032745
633.00000000000	0.73999989032745
634.00000000000	0.73999989032745
635.00000000000	0.73999989032745
636.00000000000	0.73999989032745
637.00000000000	0.73999989032745
638.00000000000	0.73999989032745
639.00000000000	0.73999989032745
640.00000000000	0.73999989032745
641.00000000000	0.73999989032745
642.00000000000	0.73999994993210
643.00000000000	0.73999994993210
644.00000000000	0.73999994993210
645.00000000000	0.73999994993210
646.00000000000	0.73999994993210
647.00000000000	0.73999994993210
648.00000000000	0.73999994993210
649.00000000000	0.73999994993210
650.00000000000	0.73999994993210
651.00000000000	0.73999994993210
652.00000000000	0.73999994993210
653.00000000000	0.73999994993210
654.00000000000	0.73999994993210
655.00000000000	0.73999994993210
656.00000000000	0.73999994993210
657.00000000000	0.73999994993210
658.00000000000	0.73999994993210
659.00000000000	0.73999994993210
660.00000000000	0.73999994993210
661.00000000000	0.73999994993210
662.00000000000	0.73999994993210
663.00000000000	0.73999994993210
664.00000000000	0.73999994993210
665.00000000000	0.73999994993210
666.00000000000	0.73999994993210
667.00000000000	0.73999994993210
668.00000000000	0.73999994993210
669.00000000000	0.73999994993210
670.00000000000	0.73999994993210
671.00000000000	0.73999994993210
672.00000000000	0.73999994993210
673.00000000000	0.73999994993210
674.00000000000	0.73999994993210
675.00000000000	0.73999994993210
676.00000000000	0.73999994993210
677.00000000000	0.73999994993210
678.00000000000	0.73999994993210
679.00000000000	0.73999994993210
680.00000000000	0.73999994993210
681.00000000000	0.73999994993210
682.00000000000	0.73999994993210
683.00000000000	0.73999994993210
684.00000000000	0.73999994993210
685.00000000000	0.73999994993210
686.00000000000	0.73999994993210
687.00000000000	0.73999994993210
688.00000000000	0.73999994993210
689.00000000000	0.73999994993210
690.00000000000	0.73999994993210
691.00000000000	0.73999994993210
692.00000000000	0.73999994993210
693.00000000000	0.73999994993210
694.00000000000	0.73999994993210
695.00000000000	0.73999994993210
696.00000000000	0.73999994993210
697.00000000000	0.74000000953674
698.00000000000	0.74000000953674
699.00000000000	0.74000000953674
700.00000000000	0.74000000953674
701.00000000000	0.74000000953674
702.00000000000	0.74000000953674
703.00000000000	0.74000000953674
704.00000000000	0.74000000953674
705.00000000000	0.74000000953674
706.00000000000	0.74000000953674
707.00000000000	0.74000000953674
708.00000000000	0.74000000953674
709.00000000000	0.74000000953674
710.00000000000	0.74000000953674
711.00000000000	0.74000000953674
712.00000000000	0.74000000953674
713.00000000000	0.74000000953674
714.00000000000	0.74000000953674
715.00000000000	0.74000000953674
716.00000000000	0.74000000953674
717.00000000000	0.74000000953674
718.00000000000	0.74000000953674
719.00000000000	0.74000000953674
720.00000000000	0.74000000953674
721.00000000000	0.74000000953674
722.00000000000	0.74000000953674
723.00000000000	0.74000000953674
724.00000000000	0.74000000953674
725.00000000000	0.74000000953674
726.00000000000	0.74000000953674
727.00000000000	0.74000000953674
728.00000000000	0.74000000953674
729.00000000000	0.74000000953674
730.00000000000	0.74000000953674
731.00000000000	0.74000000953674
732.00000000000	0.74000000953674
733.00000000000	0.74000000953674
734.00000000000	0.74000000953674
735.00000000000	0.74000000953674
736.00000000000	0.74000000953674
737.00000000000	0.74000000953674
738.00000000000	0.74000000953674
739.00000000000	0.74000000953674
740.00000000000	0.74000000953674
741.00000000000	0.74000000953674
742.00000000000	0.74000000953674
743.00000000000	0.74000000953674
744.00000000000	0.74000000953674
745.00000000000	0.74000000953674
746.00000000000	0.74000000953674
747.00000000000	0.74000000953674
748.00000000000	0.74000000953674
749.00000000000	0.74000000953674
750.00000000000	0.74000000953674
751.00000000000	0.74000000953674
752.00000000000	0.74000000953674
753.00000000000	0.74000000953674
754.00000000000	0.74000000953674
755.00000000000	0.74000000953674
756.00000000000	0.74000000953674
757.00000000000	0.74000000953674
758.00000000000	0.74000000953674
759.00000000000	0.74000000953674
760.00000000000	0.74000000953674
761.00000000000	0.74000000953674
762.00000000000	0.74000000953674
763.00000000000	0.74000000953674
764.00000000000	0.74000000953674
765.00000000000	0.74000000953674
766.00000000000	0.74000000953674
767.00000000000	0.74000000953674
768.00000000000	0.74000000953674
769.00000000000	0.74000000953674
770.00000000000	0.74000000953674
771.00000000000	0.74000000953674
772.00000000000	0.74000000953674
773.00000000000	0.74000000953674
774.00000000000	0.74000000953674
775.00000000000	0.74000000953674
776.00000000000	0.74000000953674
777.00000000000	0.74000000953674
778.00000000000	0.74000000953674
779.00000000000	0.74000000953674
780.00000000000	0.74000000953674
781.00000000000	0.74000000953674
782.00000000000	0.74000000953674
783.00000000000	0.74000000953674
784.00000000000	0.74000000953674
785.00000000000	0.74000000953674
786.00000000000	0.74000000953674
787.00000000000	0.74000000953674
788.00000000000	0.74000000953674
789.00000000000	0.74000000953674
790.00000000000	0.74000000953674
791.00000000000	0.74000000953674
792.00000000000	0.74000000953674
793.00000000000	0.74000000953674
794.00000000000	0.74000000953674
795.00000000000	0.74000000953674
796.00000000000	0.74000000953674
797.00000000000	0.74000000953674
798.00000000000	0.74000000953674
799.00000000000	0.74000000953674
800.00000000000	0.74000000953674
801.00000000000	0.74000000953674
802.00000000000	0.74000000953674
803.00000000000	0.74000000953674
804.00000000000	0.74000000953674
805.00000000000	0.74000000953674
806.00000000000	0.74000000953674
807.00000000000	0.74000000953674
808.00000000000	0.74000000953674
809.00000000000	0.74000000953674
810.00000000000	0.74000000953674
811.00000000000	0.74000000953674
812.00000000000	0.74000000953674
813.00000000000	0.74000000953674
814.00000000000	0.74000000953674
815.00000000000	0.74000000953674
816.00000000000	0.74000000953674
817.00000000000	0.74000000953674
818.00000000000	0.74000000953674
819.00000000000	0.74000000953674
820.00000000000	0.74000000953674
821.00000000000	0.74000000953674
822.00000000000	0.74000000953674
823.00000000000	0.74000000953674
824.00000000000	0.74000000953674
825.00000000000	0.74000000953674
826.00000000000	0.74000000953674
827.00000000000	0.74000000953674
828.00000000000	0.74000000953674
829.00000000000	0.74000000953674
830.00000000000	0.74000000953674
831.00000000000	0.74000000953674
832.00000000000	0.74000000953674
833.00000000000	0.74000000953674
834.00000000000	0.74000000953674
835.00000000000	0.74000000953674
836.00000000000	0.74000000953674
837.00000000000	0.74000000953674
838.00000000000	0.74000000953674
839.00000000000	0.74000000953674
840.00000000000	0.74000000953674
841.00000000000	0.74000000953674
842.00000000000	0.74000000953674
843.00000000000	0.74000000953674
844.00000000000	0.74000000953674
845.00000000000	0.74000000953674
846.00000000000	0.74000000953674
847.00000000000	0.74000000953674
848.00000000000	0.74000000953674
849.00000000000	0.74000000953674
850.00000000000	0.74000000953674
851.00000000000	0.74000000953674
852.00000000000	0.74000000953674
853.00000000000	0.74000000953674
854.00000000000	0.74000000953674
855.00000000000	0.74000000953674
856.00000000000	0.74000000953674
857.00000000000	0.74000000953674
858.00000000000	0.74000000953674
859.00000000000	0.74000000953674
860.00000000000	0.74000000953674
861.00000000000	0.74000000953674
862.00000000000	0.74000000953674
863.00000000000	0.74000000953674
864.00000000000	0.74000000953674
865.00000000000	0.74000000953674
866.00000000000	0.74000000953674
867.00000000000	0.74000000953674
868.00000000000	0.74000000953674
869.00000000000	0.74000000953674
870.00000000000	0.74000000953674
871.00000000000	0.74000000953674
872.00000000000	0.74000000953674
873.00000000000	0.74000000953674
874.00000000000	0.74000000953674
875.00000000000	0.74000000953674
876.00000000000	0.74000000953674
877.00000000000	0.74000000953674
878.00000000000	0.74000000953674
879.00000000000	0.74000000953674
880.00000000000	0.74000000953674
881.00000000000	0.74000000953674
882.00000000000	0.74000000953674
883.00000000000	0.74000000953674
884.00000000000	0.74000000953674
885.00000000000	0.74000000953674
886.00000000000	0.74000000953674
887.00000000000	0.74000000953674
888.00000000000	0.74000000953674
889.00000000000	0.74000000953674
890.00000000000	0.74000000953674
891.00000000000	0.74000000953674
892.00000000000	0.74000000953674
893.00000000000	0.74000000953674
894.00000000000	0.74000000953674
895.00000000000	0.74000000953674
896.00000000000	0.74000000953674
897.00000000000	0.74000000953674
898.00000000000	0.74000000953674
899.00000000000	0.74000000953674
900.00000000000	0.74000000953674
901.00000000000	0.74000000953674
902.00000000000	0.74000000953674
903.00000000000	0.74000000953674
904.00000000000	0.74000000953674
905.00000000000	0.74000000953674
906.00000000000	0.74000000953674
907.00000000000	0.74000000953674
908.00000000000	0.74000000953674
909.00000000000	0.74000000953674
910.00000000000	0.74000000953674
911.00000000000	0.74000000953674
912.00000000000	0.74000000953674
913.00000000000	0.74000000953674
914.00000000000	0.74000000953674
915.00000000000	0.74000000953674
916.00000000000	0.74000000953674
917.00000000000	0.74000000953674
918.00000000000	0.74000000953674
919.00000000000	0.74000000953674
920.00000000000	0.74000000953674
921.00000000000	0.74000000953674
922.00000000000	0.74000000953674
923.00000000000	0.74000000953674
924.00000000000	0.74000000953674
925.00000000000	0.74000000953674
926.00000000000	0.74000000953674
927.00000000000	0.74000000953674
928.00000000000	0.74000000953674
929.00000000000	0.74000000953674
930.00000000000	0.74000000953674
931.00000000000	0.74000000953674
932.00000000000	0.74000000953674
933.00000000000	0.74000000953674
934.00000000000	0.74000000953674
935.00000000000	0.74000000953674
936.00000000000	0.74000000953674
937.00000000000	0.74000000953674
938.00000000000	0.74000000953674
939.00000000000	0.74000000953674
940.00000000000	0.74000000953674
941.00000000000	0.74000000953674
942.00000000000	0.74000000953674
943.00000000000	0.74000000953674
944.00000000000	0.74000000953674
945.00000000000	0.74000000953674
946.00000000000	0.74000000953674
947.00000000000	0.74000000953674
948.00000000000	0.74000000953674
949.00000000000	0.74000000953674
950.00000000000	0.74000000953674
951.00000000000	0.74000000953674
952.00000000000	0.74000000953674
953.00000000000	0.74000000953674
954.00000000000	0.74000000953674
955.00000000000	0.74000000953674
956.00000000000	0.74000000953674
957.00000000000	0.74000000953674
958.00000000000	0.74000000953674
959.00000000000	0.74000000953674
960.00000000000	0.74000000953674
961.00000000000	0.74000000953674
962.00000000000	0.74000000953674
963.00000000000	0.74000000953674
964.00000000000	0.74000000953674
965.00000000000	0.74000000953674
966.00000000000	0.74000000953674
967.00000000000	0.74000000953674
968.00000000000	0.74000000953674
969.00000000000	0.74000000953674
970.00000000000	0.74000000953674
971.00000000000	0.74000000953674
972.00000000000	0.74000000953674
973.00000000000	0.74000000953674
974.00000000000	0.74000000953674
975.00000000000	0.74000000953674
976.00000000000	0.74000000953674
977.00000000000	0.74000000953674
978.00000000000	0.74000000953674
979.00000000000	0.74000000953674
980.00000000000	0.74000000953674
981.00000000000	0.74000000953674
982.00000000000	0.74000000953674
983.00000000000	0.74000000953674
984.00000000000	0.74000000953674
985.00000000000	0.74000000953674
986.00000000000	0.74000000953674
987.00000000000	0.74000000953674
988.00000000000	0.74000000953674
989.00000000000	0.74000000953674
990.00000000000	0.74000000953674
991.00000000000	0.74000000953674
992.00000000000	0.74000000953674
993.00000000000	0.74000000953674
994.00000000000	0.74000000953674
995.00000000000	0.74000000953674
996.00000000000	0.74000000953674
997.00000000000	0.74000000953674
998.00000000000	0.74000000953674
999.00000000000	0.74000000953674
1000.0000000000	0.74000000953674
#
#"Incident Energy @ Incident Angle 0° / eV"	"Total [Real]"
#---------------------------------------------------------
0.0000000000000	0.50000000000000
1.0000000000000	0.51954048871994
2.0000000000000	0.53973954916000
3.0000000000000	0.55991196632385
4.0000000000000	0.57993280887604
5.0000000000000	0.59974843263626
6.0000000000000	0.61933094263077
7.0000000000000	0.63866466283798
8.0000000000000	0.65774101018906
9.0000000000000	0.67655509710312
10.000000000000	0.69510489702225
11.000000000000	0.71339011192322
12.000000000000	0.73141169548035
13.000000000000	0.74917161464691
14.000000000000	0.76667219400406
15.000000000000	0.78391635417938
16.000000000000	0.80090755224228
17.000000000000	0.81764930486679
18.000000000000	0.83414518833160
19.000000000000	0.85039925575256
20.000000000000	0.86641532182693
21.000000000000	0.88219749927521
22.000000000000	0.89774960279465
23.000000000000	0.91307580471039
24.000000000000	0.92818015813828
25.000000000000	0.94306659698486
26.000000000000	0.95773911476135
27.000000000000	0.97220152616501
28.000000000000	0.98645776510239
29.000000000000	1.0005116462708
30.000000000000	1.0143669843674
31.000000000000	1.0280274152756
32.000000000000	1.0414965152740
33.000000000000	1.0547778606415
34.000000000000	1.0678750276566
35.000000000000	1.0807914733887
36.000000000000	1.0935304164886
37.000000000000	1.1060954332352
38.000000000000	1.1184892654419
39.000000000000	1.1307153701782
40.000000000000	1.1427769660950
41.000000000000	1.1546767950058
42.000000000000	1.1664178371429
43.000000000000	1.1780031919479
44.000000000000	1.1894354820251
45.000000000000	1.2007174491882
46.000000000000	1.2118519544601
47.000000000000	1.2228413820267
48.000000000000	1.2336884737015
49.000000000000	1.2443957328796
50.000000000000	1.2549655437469
51.000000000000	1.2654001712799
52.000000000000	1.2757022380829
53.000000000000	1.2858738899231
54.000000000000	1.2959171533585
55.000000000000	1.3058345317841
56.000000000000	1.3156279325485
57.000000000000	1.3252995014191
58.000000000000	1.3348511457443
59.000000000000	1.3442848920822
60.000000000000	1.3536027669907
61.000000000000	1.3628064393997
62.000000000000	1.3718979358673
63.000000000000	1.3808789253235
64.000000000000	1.3897511959076
65.000000000000	1.3985165357590
66.000000000000	1.4071762561798
67.000000000000	1.4157325029373
68.000000000000	1.4241864681244
69.000000000000	1.4325399398804
70.000000000000	1.4407942295074
71.000000000000	1.4489508867264
72.000000000000	1.4570114612579
73.000000000000	1.4649770259857
74.000000000000	1.4728493690491
75.000000000000	1.4806296825409
76.000000000000	1.4883191585541
77.000000000000	1.4959192276001
78.000000000000	1.5034310817719
79.000000000000	1.5108559131622
80.000000000000	1.5181949138641
81.000000000000	1.5254492759705
82.000000000000	1.5326201915741
83.000000000000	1.5397087335587
84.000000000000	1.5467160940170
85.000000000000	1.5536431074142
86.000000000000	1.5604910850525
87.000000000000	1.5672608613968
88.000000000000	1.5739533901215
89.000000000000	1.5805699825287
90.000000000000	1.5871112346649
91.000000000000	1.5935783386230
92.000000000000	1.5999720096588
93.000000000000	1.6062932014465
94.000000000000	1.6125428676605
95.000000000000	1.6187219619751
96.000000000000	1.6248309612274
97.000000000000	1.6308711767197
98.000000000000	1.6368429660797
99.000000000000	1.6427474021912
100.00000000000	1.6485853195190
101.00000000000	1.6543571949005
102.00000000000	1.6600639820099
103.00000000000	1.6657063961029
104.00000000000	1.6712851524353
105.00000000000	1.6768009662628
106.00000000000	1.6822544336319
107.00000000000	1.6876463890076
108.00000000000	1.6929774284363
109.00000000000	1.6982481479645
110.00000000000	1.7034592628479
111.00000000000	1.7086112499237
112.00000000000	1.7137050628662
113.00000000000	1.7187410593033
114.00000000000	1.7237199544907
115.00000000000	1.7286422252655
116.00000000000	1.7335085868835
117.00000000000	1.7383195161819
118.00000000000	1.7430756092072
119.00000000000	1.7477774620056
120.00000000000	1.7524254322052
121.00000000000	1.7570203542709
122.00000000000	1.7615625858307
123.00000000000	1.7660524845123
124.00000000000	1.7704910039902
125.00000000000	1.7748782634735
126.00000000000	1.7792148590088
127.00000000000	1.7835011482239
128.00000000000	1.7877379655838
129.00000000000	1.7919255495071
130.00000000000	1.7960643768311
131.00000000000	1.8001549243927
132.00000000000	1.8041975498199
133.00000000000	1.8081929683685
134.00000000000	1.8121415376663
135.00000000000	1.8160433769226
136.00000000000	1.8198993206024
137.00000000000	1.8237097263336
138.00000000000	1.8274747133255
139.00000000000	1.8311951160431
140.00000000000	1.8348709344864
141.00000000000	1.8385028839111
142.00000000000	1.8420913219452
143.00000000000	1.8456363677979
144.00000000000	1.8491387367249
145.00000000000	1.8525989055634
146.00000000000	1.8560167551041
147.00000000000	1.8593931198120
148.00000000000	1.8627281188965
149.00000000000	1.8660222291946
150.00000000000	1.8692759275436
151.00000000000	1.8724893331528
152.00000000000	1.8756629228592
153.00000000000	1.8787969350815
154.00000000000	1.8818919658661
155.00000000000	1.8849482536316
156.00000000000	1.8879660367966
157.00000000000	1.8909456729889
158.00000000000	1.8938876390457
159.00000000000	1.8967921733856
160.00000000000	1.8996595144272
161.00000000000	1.9024901390076
162.00000000000	1.9052844047546
163.00000000000	1.9080424308777
164.00000000000	1.9107645750046
165.00000000000	1.9134511947632
166.00000000000	1.9161028862000
167.00000000000	1.9187194108963
168.00000000000	1.9213014841080
169.00000000000	1.9238491058350
170.00000000000	1.9263629913330
171.00000000000	1.9288430213928
172.00000000000	1.9312896728516
173.00000000000	1.9337033033371
174.00000000000	1.9360840320587
175.00000000000	1.9384322166443
176.00000000000	1.9407482147217
177.00000000000	1.9430321455002
178.00000000000	1.9452844858170
179.00000000000	1.9475052356720
180.00000000000	1.9496951103210
181.00000000000	1.9518539905548
182.00000000000	1.9539822340012
183.00000000000	1.9560801982880
184.00000000000	1.9581480026245
185.00000000000	1.9601860046387
186.00000000000	1.9621946811676
187.00000000000	1.9641737937927
188.00000000000	1.9661240577698
189.00000000000	1.9680454730988
190.00000000000	1.9699382781982
191.00000000000	1.9718029499054
192.00000000000	1.9736394882202
193.00000000000	1.9754483699799
194.00000000000	1.9772295951843
195.00000000000	1.9789836406708
196.00000000000	1.9807103872299
197.00000000000	1.9824105501175
198.00000000000	1.9840840101242
199.00000000000	1.9857313632965
200.00000000000	1.9873522520065
201.00000000000	1.9889476299286
202.00000000000	1.9905170202255
203.00000000000	1.9920611381531
204.00000000000	1.9935799837112
205.00000000000	1.9950739145279
206.00000000000	1.9965430498123
207.00000000000	1.9979877471924
208.00000000000	1.9994080066681
209.00000000000	2.0008044242859
210.00000000000	2.0021767616272
211.00000000000	2.0035252571106
212.00000000000	2.0048506259918
213.00000000000	2.0061526298523
214.00000000000	2.0074315071106
215.00000000000	2.0086877346039
216.00000000000	2.0099210739136
217.00000000000	2.0111322402954
218.00000000000	2.0123212337494
219.00000000000	2.0134880542755
220.00000000000	2.0146331787109
221.00000000000	2.0157566070557
222.00000000000	2.0168585777283
223.00000000000	2.0179393291473
224.00000000000	2.0189990997314
225.00000000000	2.0200381278992
226.00000000000	2.0210564136505
227.00000000000	2.0220541954041
228.00000000000	2.0230317115784
229.00000000000	2.0239892005920
230.00000000000	2.0249271392822
231.00000000000	2.0258450508118
232.00000000000	2.0267434120178
233.00000000000	2.0276222229004
234.00000000000	2.0284821987152
235.00000000000	2.0293231010437
236.00000000000	2.0301451683044
237.00000000000	2.0309486389160
238.00000000000	2.0317335128784
239.00000000000	2.0325002670288
240.00000000000	2.0332486629486
241.00000000000	2.0339794158936
242.00000000000	2.0346922874451
243.00000000000	2.0353875160217
244.00000000000	2.0360651016235
245.00000000000	2.0367255210876
246.00000000000	2.0373690128326
247.00000000000	2.0379953384399
248.00000000000	2.0386049747467
249.00000000000	2.0391979217529
250.00000000000	2.0397744178772
251.00000000000	2.0403347015381
252.00000000000	2.0408787727356
253.00000000000	2.0414068698883
254.00000000000	2.0419189929962
255.00000000000	2.0424153804779
256.00000000000	2.0428962707520
257.00000000000	2.0433619022369
258.00000000000	2.0438120365143
259.00000000000	2.0442471504211
260.00000000000	2.0446674823761
261.00000000000	2.0450727939606
262.00000000000	2.0454635620117
263.00000000000	2.0458397865295
264.00000000000	2.0462017059326
265.00000000000	2.0465493202209
266.00000000000	2.0468826293945
267.00000000000	2.0472021102905
268.00000000000	2.0475077629089
269.00000000000	2.0477998256683
270.00000000000	2.0480780601501
271.00000000000	2.0483431816101
272.00000000000	2.0485949516296
273.00000000000	2.0488336086273
274.00000000000	2.0490591526031
275.00000000000	2.0492718219757
276.00000000000	2.0494716167450
277.00000000000	2.0496587753296
278.00000000000	2.0498337745667
279.00000000000	2.0499958992004
280.00000000000	2.0501461029053
281.00000000000	2.0502839088440
282.00000000000	2.0504100322723
283.00000000000	2.0505239963531
284.00000000000	2.0506262779236
285.00000000000	2.0507168769836
286.00000000000	2.0507960319519
287.00000000000	2.0508635044098
288.00000000000	2.0509200096130
289.00000000000	2.0509650707245
290.00000000000	2.0509991645813
291.00000000000	2.0510222911835
292.00000000000	2.0510344505310
293.00000000000	2.0510358810425
294.00000000000	2.0510270595551
295.00000000000	2.0510072708130
296.00000000000	2.0509772300720
297.00000000000	2.0509369373322
298.00000000000	2.0508866310120
299.00000000000	2.0508260726929
300.00000000000	2.0507555007935
301.00000000000	2.0506749153137
302.00000000000	2.0505847930908
303.00000000000	2.0504848957062
304.00000000000	2.0503754615784
305.00000000000	2.0502564907074
306.00000000000	2.0501284599304
307.00000000000	2.0499906539917
308.00000000000	2.0498437881470
309.00000000000	2.0496881008148
310.00000000000	2.0495233535767
311.00000000000	2.0493497848511
312.00000000000	2.0491673946381
313.00000000000	2.0489761829376
314.00000000000	2.0487766265869
315.00000000000	2.0485682487488
316.00000000000	2.0483515262604
317.00000000000	2.0481266975403
318.00000000000	2.0478932857513
319.00000000000	2.0476520061493
320.00000000000	2.0474026203156
321.00000000000	2.0471453666687
322.00000000000	2.0468800067902
323.00000000000	2.0466070175171
324.00000000000	2.0463261604309
325.00000000000	2.0460376739502
326.00000000000	2.0457417964935
327.00000000000	2.0454385280609
328.00000000000	2.0451276302338
329.00000000000	2.0448095798492
330.00000000000	2.0444841384888
331.00000000000	2.0441517829895
332.00000000000	2.0438122749329
333.00000000000	2.0434660911560
334.00000000000	2.0431125164032
335.00000000000	2.0427522659302
336.00000000000	2.0423855781555
337.00000000000	2.0420119762421
338.00000000000	2.0416316986084
339.00000000000	2.0412449836731
340.00000000000	2.0408518314362
341.00000000000	2.0404524803162
342.00000000000	2.0400466918945
343.00000000000	2.0396344661713
344.00000000000	2.0392162799835
345.00000000000	2.0387921333313
346.00000000000	2.0383617877960
347.00000000000	2.0379254817963
348.00000000000	2.0374834537506
349.00000000000	2.0370354652405
350.00000000000	2.0365817546844
351.00000000000	2.0361223220825
352.00000000000	2.0356574058533
353.00000000000	2.0351870059967
354.00000000000	2.0347108840942
355.00000000000	2.0342295169830
356.00000000000	2.0337429046631
357.00000000000	2.0332508087158
358.00000000000	2.0327534675598
359.00000000000	2.0322511196136
360.00000000000	2.0317435264587
361.00000000000	2.0312309265137
362.00000000000	2.0307135581970
363.00000000000	2.0301909446716
364.00000000000	2.0296635627747
365.00000000000	2.0291316509247
366.00000000000	2.0285947322845
367.00000000000	2.0280532836914
368.00000000000	2.0275068283081
369.00000000000	2.0269560813904
370.00000000000	2.0264010429382
371.00000000000	2.0258412361145
372.00000000000	2.0252771377563
373.00000000000	2.0247085094452
374.00000000000	2.0241358280182
375.00000000000	2.0235588550568
376.00000000000	2.0229775905609
377.00000000000	2.0223922729492
378.00000000000	2.0218026638031
379.00000000000	2.0212092399597
380.00000000000	2.0206117630005
381.00000000000	2.0200102329254
382.00000000000	2.0194048881531
383.00000000000	2.0187959671021
384.00000000000	2.0181829929352
385.00000000000	2.0175664424896
386.00000000000	2.0169460773468
387.00000000000	2.0163221359253
388.00000000000	2.0156943798065
389.00000000000	2.0150632858276
390.00000000000	2.0144286155701
391.00000000000	2.0137906074524
392.00000000000	2.0131492614746
393.00000000000	2.0125043392181
394.00000000000	2.0118560791016
395.00000000000	2.0112047195435
396.00000000000	2.0105500221252
397.00000000000	2.0098922252655
398.00000000000	2.0092310905457
399.00000000000	2.0085670948029
400.00000000000	2.0078997612000
401.00000000000	2.0072298049927
402.00000000000	2.0065565109253
403.00000000000	2.0058803558350
404.00000000000	2.0052013397217
405.00000000000	2.0045194625854
406.00000000000	2.0038349628448
407.00000000000	2.0031476020813
408.00000000000	2.0024571418762
409.00000000000	2.0017642974854
410.00000000000	2.0010688304901
411.00000000000	2.0003705024719
412.00000000000	1.9996697902679
413.00000000000	1.9989664554596
414.00000000000	1.9982607364655
415.00000000000	1.9975523948669
416.00000000000	1.9968416690826
417.00000000000	1.9961284399033
418.00000000000	1.9954129457474
419.00000000000	1.9946951866150
420.00000000000	1.9939749240875
421.00000000000	1.9932525157928
422.00000000000	1.9925279617310
423.00000000000	1.9918010234833
424.00000000000	1.9910720586777
425.00000000000	1.9903409481049
426.00000000000	1.9896076917648
427.00000000000	1.9888724088669
428.00000000000	1.9881350994110
429.00000000000	1.9873957633972
430.00000000000	1.9866545200348
431.00000000000	1.9859111309052
432.00000000000	1.9851659536362
433.00000000000	1.9844188690186
434.00000000000	1.9836699962616
435.00000000000	1.9829193353653
436.00000000000	1.9821667671204
437.00000000000	1.9814125299454
438.00000000000	1.9806566238403
439.00000000000	1.9798989295959
440.00000000000	1.9791394472122
441.00000000000	1.9783785343170
442.00000000000	1.9776158332825
443.00000000000	1.9768515825272
444.00000000000	1.9760859012604
445.00000000000	1.9753184318542
446.00000000000	1.9745497703552
447.00000000000	1.9737793207169
448.00000000000	1.9730076789856
449.00000000000	1.9722344875336
450.00000000000	1.9714598655701
451.00000000000	1.9706838130951
452.00000000000	1.9699064493179
453.00000000000	1.9691278934479
454.00000000000	1.9683480262756
455.00000000000	1.9675666093826
456.00000000000	1.9667842388153
457.00000000000	1.9660003185272
458.00000000000	1.9652154445648
459.00000000000	1.9644292593002
460.00000000000	1.9636420011520
461.00000000000	1.9628536701202
462.00000000000	1.9620640277863
463.00000000000	1.9612734317780
464.00000000000	1.9604816436768
465.00000000000	1.9596890211105
466.00000000000	1.9588952064514
467.00000000000	1.9581003189087
468.00000000000	1.9573047161102
469.00000000000	1.9565078020096
470.00000000000	1.9557101726532
471.00000000000	1.9549115896225
472.00000000000	1.9541120529175
473.00000000000	1.9533116817474
474.00000000000	1.9525104761124
475.00000000000	1.9517084360123
476.00000000000	1.9509055614471
477.00000000000	1.9501018524170
478.00000000000	1.9492974281311
479.00000000000	1.9484920501709
480.00000000000	1.9476861953735
481.00000000000	1.9468793869019
482.00000000000	1.9460721015930
483.00000000000	1.9452638626099
484.00000000000	1.9444551467896
485.00000000000	1.9436457157135
486.00000000000	1.9428355693817
487.00000000000	1.9420249462128
488.00000000000	1.9412136077881
489.00000000000	1.9404019117355
490.00000000000	1.9395895004272
491.00000000000	1.9387764930725
492.00000000000	1.9379628896713
493.00000000000	1.9371490478516
494.00000000000	1.9363346099854
495.00000000000	1.9355194568634
496.00000000000	1.9347040653229
497.00000000000	1.9338881969452
498.00000000000	1.9330718517303
499.00000000000	1.9322550296783
500.00000000000	1.9314378499985
501.00000000000	1.9306204319000
502.00000000000	1.9298024177551
503.00000000000	1.9289841651917
504.00000000000	1.9281656742096
505.00000000000	1.9273465871811
506.00000000000	1.9265272617340
507.00000000000	1.9257078170776
508.00000000000	1.9248878955841
509.00000000000	1.9240677356720
510.00000000000	1.9232473373413
511.00000000000	1.9224269390106
512.00000000000	1.9216060638428
513.00000000000	1.9207849502563
514.00000000000	1.9199635982513
515.00000000000	1.9191422462463
516.00000000000	1.9183205366135
517.00000000000	1.9174988269806
518.00000000000	1.9166767597198
519.00000000000	1.9158546924591
520.00000000000	1.9150323867798
521.00000000000	1.9142099618912
522.00000000000	1.9133875370026
523.00000000000	1.9125651121140
524.00000000000	1.9117424488068
525.00000000000	1.9109196662903
526.00000000000	1.9100971221924
527.00000000000	1.9092742204666
528.00000000000	1.9084514379501
529.00000000000	1.9076285362244
530.00000000000	1.9068056344986
531.00000000000	1.9059829711914
532.00000000000	1.9051599502563
533.00000000000	1.9043371677399
534.00000000000	1.9035143852234
535.00000000000	1.9026917219162
536.00000000000	1.9018689393997
537.00000000000	1.9010462760925
538.00000000000	1.9002238512039
539.00000000000	1.8994013071060
540.00000000000	1.8985790014267
541.00000000000	1.8977566957474
542.00000000000	1.8969345092773
543.00000000000	1.8961124420166
544.00000000000	1.8952906131744
545.00000000000	1.8944689035416
546.00000000000	1.8936471939087
547.00000000000	1.8928258419037
548.00000000000	1.8920044898987
549.00000000000	1.8911833763123
550.00000000000	1.8903625011444
551.00000000000	1.8895418643951
552.00000000000	1.8887212276459
553.00000000000	1.8879010677338
554.00000000000	1.8870809078217
555.00000000000	1.8862609863281
556.00000000000	1.8854414224625
557.00000000000	1.8846220970154
558.00000000000	1.8838031291962
559.00000000000	1.8829841613770
560.00000000000	1.8821656703949
561.00000000000	1.8813472986221
562.00000000000	1.8805294036865
563.00000000000	1.8797116279602
564.00000000000	1.8788942098618
565.00000000000	1.8780770301819
566.00000000000	1.8772604465485
567.00000000000	1.8764438629150
568.00000000000	1.8756277561188
569.00000000000	1.8748120069504
570.00000000000	1.8739964962006
571.00000000000	1.8731814622879
572.00000000000	1.8723667860031
573.00000000000	1.8715523481369
574.00000000000	1.8707385063171
575.00000000000	1.8699247837067
576.00000000000	1.8691116571426
577.00000000000	1.8682987689972
578.00000000000	1.8674863576889
579.00000000000	1.8666744232178
580.00000000000	1.8658628463745
581.00000000000	1.8650516271591
582.00000000000	1.8642407655716
583.00000000000	1.8634305000305
584.00000000000	1.8626205921173
585.00000000000	1.8618111610413
586.00000000000	1.8610022068024
587.00000000000	1.8601937294006
588.00000000000	1.8593854904175
589.00000000000	1.8585779666901
590.00000000000	1.8577706813812
591.00000000000	1.8569641113281
592.00000000000	1.8561578989029
593.00000000000	1.8553521633148
594.00000000000	1.8545470237732
595.00000000000	1.8537423610687
596.00000000000	1.8529381752014
597.00000000000	1.8521344661713
598.00000000000	1.8513312339783
599.00000000000	1.8505287170410
600.00000000000	1.8497264385223
601.00000000000	1.8489248752594
602.00000000000	1.8481236696243
603.00000000000	1.8473231792450
604.00000000000	1.8465231657028
605.00000000000	1.8457236289978
606.00000000000	1.8449249267578
607.00000000000	1.8441264629364
608.00000000000	1.8433287143707
609.00000000000	1.8425314426422
610.00000000000	1.8417348861694
611.00000000000	1.8409388065338
612.00000000000	1.8401433229446
613.00000000000	1.8393483161926
614.00000000000	1.8385540246964
615.00000000000	1.8377603292465
616.00000000000	1.8369672298431
617.00000000000	1.8361746072769
618.00000000000	1.8353826999664
619.00000000000	1.8345913887024
620.00000000000	1.8338006734848
621.00000000000	1.8330104351044
622.00000000000	1.8322210311890
623.00000000000	1.8314321041107
624.00000000000	1.8306438922882
625.00000000000	1.8298562765121
626.00000000000	1.8290693759918
627.00000000000	1.8282829523087
628.00000000000	1.8274972438812
629.00000000000	1.8267121315002
630.00000000000	1.8259277343750
631.00000000000	1.8251439332962
632.00000000000	1.8243608474731
633.00000000000	1.8235783576965
634.00000000000	1.8227963447571
635.00000000000	1.8220152854919
636.00000000000	1.8212347030640
637.00000000000	1.8204549551010
638.00000000000	1.8196758031845
639.00000000000	1.8188972473145
640.00000000000	1.8181195259094
641.00000000000	1.8173422813416
642.00000000000	1.8165658712387
643.00000000000	1.8157901763916
644.00000000000	1.8150150775909
645.00000000000	1.8142406940460
646.00000000000	1.8134670257568
647.00000000000	1.8126938343048
648.00000000000	1.8119215965271
649.00000000000	1.8111499547958
650.00000000000	1.8103791475296
651.00000000000	1.8096089363098
652.00000000000	1.8088394403458
653.00000000000	1.8080706596375
654.00000000000	1.8073024749756
655.00000000000	1.8065352439880
656.00000000000	1.8057684898376
657.00000000000	1.8050025701523
658.00000000000	1.8042373657227
659.00000000000	1.8034728765488
660.00000000000	1.8027091026306
661.00000000000	1.8019460439682
662.00000000000	1.8011837005615
663.00000000000	1.8004221916199
664.00000000000	1.7996613979340
665.00000000000	1.7989012002945
666.00000000000	1.7981418371201
667.00000000000	1.7973831892014
668.00000000000	1.7966253757477
669.00000000000	1.7958681583405
670.00000000000	1.7951116561890
671.00000000000	1.7943561077118
672.00000000000	1.7936011552811
673.00000000000	1.7928469181061
674.00000000000	1.7920935153961
675.00000000000	1.7913409471512
676.00000000000	1.7905889749527
677.00000000000	1.7898378372192
678.00000000000	1.7890875339508
679.00000000000	1.7883378267288
680.00000000000	1.7875888347626
681.00000000000	1.7868407964706
682.00000000000	1.7860934734344
683.00000000000	1.7853467464447
684.00000000000	1.7846009731293
685.00000000000	1.7838559150696
686.00000000000	1.7831116914749
687.00000000000	1.7823681831360
688.00000000000	1.7816253900528
689.00000000000	1.7808834314346
690.00000000000	1.7801421880722
691.00000000000	1.7794017791748
692.00000000000	1.7786620855331
693.00000000000	1.7779232263565
694.00000000000	1.7771850824356
695.00000000000	1.7764477729797
696.00000000000	1.7757112979889
697.00000000000	1.7749755382538
698.00000000000	1.7742404937744
699.00000000000	1.7735064029694
700.00000000000	1.7727730274200
701.00000000000	1.7720403671265
702.00000000000	1.7713085412979
703.00000000000	1.7705774307251
704.00000000000	1.7698471546173
705.00000000000	1.7691177129745
706.00000000000	1.7683889865875
707.00000000000	1.7676610946655
708.00000000000	1.7669340372086
709.00000000000	1.7662076950073
710.00000000000	1.7654821872711
711.00000000000	1.7647573947906
712.00000000000	1.7640335559845
713.00000000000	1.7633104324341
714.00000000000	1.7625880241394
715.00000000000	1.7618665695190
716.00000000000	1.7611458301544
717.00000000000	1.7604258060455
718.00000000000	1.7597067356110
719.00000000000	1.7589883804321
720.00000000000	1.7582707405090
721.00000000000	1.7575540542603
722.00000000000	1.7568380832672
723.00000000000	1.7561228275299
724.00000000000	1.7554085254669
725.00000000000	1.7546949386597
726.00000000000	1.7539823055267
727.00000000000	1.7532702684402
728.00000000000	1.7525591850281
729.00000000000	1.7518488168716
730.00000000000	1.7511392831802
731.00000000000	1.7504305839539
732.00000000000	1.7497225999832
733.00000000000	1.7490154504776
734.00000000000	1.7483091354370
735.00000000000	1.7476036548615
736.00000000000	1.7468988895416
737.00000000000	1.7461950778961
738.00000000000	1.7454919815063
739.00000000000	1.7447896003723
740.00000000000	1.7440881729126
741.00000000000	1.7433874607086
742.00000000000	1.7426877021790
743.00000000000	1.7419886589050
744.00000000000	1.7412903308868
745.00000000000	1.7405929565430
746.00000000000	1.7398962974548
747.00000000000	1.7392004728317
748.00000000000	1.7385053634644
749.00000000000	1.7378112077713
750.00000000000	1.7371177673340
751.00000000000	1.7364251613617
752.00000000000	1.7357335090637
753.00000000000	1.7350424528122
754.00000000000	1.7343523502350
755.00000000000	1.7336629629135
756.00000000000	1.7329744100571
757.00000000000	1.7322866916656
758.00000000000	1.7315998077393
759.00000000000	1.7309136390686
760.00000000000	1.7302281856537
761.00000000000	1.7295438051224
762.00000000000	1.7288601398468
763.00000000000	1.7281771898270
764.00000000000	1.7274950742722
765.00000000000	1.7268137931824
766.00000000000	1.7261333465576
767.00000000000	1.7254536151886
768.00000000000	1.7247748374939
769.00000000000	1.7240967750549
770.00000000000	1.7234195470810
771.00000000000	1.7227431535721
772.00000000000	1.7220675945282
773.00000000000	1.7213926315308
774.00000000000	1.7207186222076
775.00000000000	1.7200455665588
776.00000000000	1.7193732261658
777.00000000000	1.7187014818192
778.00000000000	1.7180306911469
779.00000000000	1.7173607349396
780.00000000000	1.7166916131973
781.00000000000	1.7160232067108
782.00000000000	1.7153556346893
783.00000000000	1.7146888971329
784.00000000000	1.7140229940414
785.00000000000	1.7133578062057
786.00000000000	1.7126934528351
787.00000000000	1.7120299339294
788.00000000000	1.7113671302795
789.00000000000	1.7107052803040
790.00000000000	1.7100441455841
791.00000000000	1.7093837261200
792.00000000000	1.7087242603302
793.00000000000	1.7080655097961
794.00000000000	1.7074075937271
795.00000000000	1.7067503929138
796.00000000000	1.7060941457748
797.00000000000	1.7054386138916
798.00000000000	1.7047839164734
799.00000000000	1.7041299343109
800.00000000000	1.7034767866135
801.00000000000	1.7028244733810
802.00000000000	1.7021729946136
803.00000000000	1.7015221118927
804.00000000000	1.7008721828461
805.00000000000	1.7002230882645
806.00000000000	1.6995747089386
807.00000000000	1.6989271640778
808.00000000000	1.6982803344727
809.00000000000	1.6976344585419
810.00000000000	1.6969892978668
811.00000000000	1.6963448524475
812.00000000000	1.6957013607025
813.00000000000	1.6950585842133
814.00000000000	1.6944165229797
815.00000000000	1.6937751770020
816.00000000000	1.6931349039078
817.00000000000	1.6924952268600
818.00000000000	1.6918563842773
819.00000000000	1.6912183761597
820.00000000000	1.6905810832977
821.00000000000	1.6899445056915
822.00000000000	1.6893088817596
823.00000000000	1.6886739730835
824.00000000000	1.6880397796631
825.00000000000	1.6874065399170
826.00000000000	1.6867740154266
827.00000000000	1.6861422061920
828.00000000000	1.6855111122131
829.00000000000	1.6848809719086
830.00000000000	1.6842515468597
831.00000000000	1.6836228370667
832.00000000000	1.6829950809479
833.00000000000	1.6823679208755
834.00000000000	1.6817417144775
835.00000000000	1.6811161041260
836.00000000000	1.6804914474487
837.00000000000	1.6798675060272
838.00000000000	1.6792442798615
839.00000000000	1.6786217689514
840.00000000000	1.6780002117157
841.00000000000	1.6773793697357
842.00000000000	1.6767592430115
843.00000000000	1.6761399507523
844.00000000000	1.6755213737488
845.00000000000	1.6749036312103
846.00000000000	1.6742866039276
847.00000000000	1.6736702919006
848.00000000000	1.6730549335480
849.00000000000	1.6724401712418
850.00000000000	1.6718263626099
851.00000000000	1.6712131500244
852.00000000000	1.6706006526947
853.00000000000	1.6699891090393
854.00000000000	1.6693782806396
855.00000000000	1.6687681674957
856.00000000000	1.6681587696075
857.00000000000	1.6675503253937
858.00000000000	1.6669424772263
859.00000000000	1.6663354635239
860.00000000000	1.6657291650772
861.00000000000	1.6651237010956
862.00000000000	1.6645188331604
863.00000000000	1.6639149188995
864.00000000000	1.6633117198944
865.00000000000	1.6627091169357
866.00000000000	1.6621074676514
867.00000000000	1.6615064144135
868.00000000000	1.6609063148499
869.00000000000	1.6603066921234
870.00000000000	1.6597080230713
871.00000000000	1.6591100692749
872.00000000000	1.6585128307343
873.00000000000	1.6579165458679
874.00000000000	1.6573207378387
875.00000000000	1.6567257642746
876.00000000000	1.6561315059662
877.00000000000	1.6555380821228
878.00000000000	1.6549453735352
879.00000000000	1.6543533802032
880.00000000000	1.6537621021271
881.00000000000	1.6531717777252
882.00000000000	1.6525819301605
883.00000000000	1.6519930362701
884.00000000000	1.6514047384262
885.00000000000	1.6508171558380
886.00000000000	1.6502304077148
887.00000000000	1.6496443748474
888.00000000000	1.6490590572357
889.00000000000	1.6484745740891
890.00000000000	1.6478908061981
891.00000000000	1.6473076343536
892.00000000000	1.6467254161835
893.00000000000	1.6461436748505
894.00000000000	1.6455628871918
895.00000000000	1.6449826955795
896.00000000000	1.6444033384323
897.00000000000	1.6438245773315
898.00000000000	1.6432466506958
899.00000000000	1.6426694393158
900.00000000000	1.6420929431915
901.00000000000	1.6415171623230
902.00000000000	1.6409420967102
903.00000000000	1.6403677463531
904.00000000000	1.6397941112518
905.00000000000	1.6392213106155
906.00000000000	1.6386492252350
907.00000000000	1.6380777359009
908.00000000000	1.6375070810318
909.00000000000	1.6369371414185
910.00000000000	1.6363677978516
911.00000000000	1.6357992887497
912.00000000000	1.6352314949036
913.00000000000	1.6346642971039
914.00000000000	1.6340980529785
915.00000000000	1.6335322856903
916.00000000000	1.6329672336578
917.00000000000	1.6324031352997
918.00000000000	1.6318395137787
919.00000000000	1.6312766075134
920.00000000000	1.6307146549225
921.00000000000	1.6301531791687
922.00000000000	1.6295924186707
923.00000000000	1.6290324926376
924.00000000000	1.6284732818604
925.00000000000	1.6279146671295
926.00000000000	1.6273567676544
927.00000000000	1.6267995834351
928.00000000000	1.6262431144714
929.00000000000	1.6256873607635
930.00000000000	1.6251323223114
931.00000000000	1.6245779991150
932.00000000000	1.6240242719650
933.00000000000	1.6234712600708
934.00000000000	1.6229190826416
935.00000000000	1.6223675012589
936.00000000000	1.6218166351318
937.00000000000	1.6212663650513
938.00000000000	1.6207169294357
939.00000000000	1.6201682090759
940.00000000000	1.6196200847626
941.00000000000	1.6190726757050
942.00000000000	1.6185259819031
943.00000000000	1.6179800033569
944.00000000000	1.6174345016479
945.00000000000	1.6168899536133
946.00000000000	1.6163458824158
947.00000000000	1.6158027648926
948.00000000000	1.6152601242065
949.00000000000	1.6147181987762
950.00000000000	1.6141769886017
951.00000000000	1.6136364936829
952.00000000000	1.6130965948105
953.00000000000	1.6125574111938
954.00000000000	1.6120189428329
955.00000000000	1.6114810705185
956.00000000000	1.6109439134598
957.00000000000	1.6104074716568
958.00000000000	1.6098716259003
959.00000000000	1.6093366146088
960.00000000000	1.6088020801544
961.00000000000	1.6082682609558
962.00000000000	1.6077352762222
963.00000000000	1.6072027683258
964.00000000000	1.6066710948944
965.00000000000	1.6061398983002
966.00000000000	1.6056096553802
967.00000000000	1.6050798892975
968.00000000000	1.6045507192612
969.00000000000	1.6040222644806
970.00000000000	1.6034945249557
971.00000000000	1.6029675006866
972.00000000000	1.6024410724640
973.00000000000	1.6019153594971
974.00000000000	1.6013901233673
975.00000000000	1.6008657217026
976.00000000000	1.6003420352936
977.00000000000	1.5998188257217
978.00000000000	1.5992963314056
979.00000000000	1.5987744331360
980.00000000000	1.5982533693314
981.00000000000	1.5977329015732
982.00000000000	1.5972130298615
983.00000000000	1.5966937541962
984.00000000000	1.5961751937866
985.00000000000	1.5956573486328
986.00000000000	1.5951402187347
987.00000000000	1.5946235656738
988.00000000000	1.5941076278687
989.00000000000	1.5935924053192
990.00000000000	1.5930776596069
991.00000000000	1.5925636291504
992.00000000000	1.5920503139496
993.00000000000	1.5915374755859
994.00000000000	1.5910253524780
995.00000000000	1.5905140638351
996.00000000000	1.5900032520294
997.00000000000	1.5894930362701
998.00000000000	1.5889835357666
999.00000000000	1.5884746313095
1000.0000000000	1.5879664421082
#
#"Incident Energy @ Incident Angle 0° / eV"	"True [Real]"
#--------------------------------------------------------
0.0000000000000	0.0000000000000
1.0000000000000	0.0087758488953114
2.0000000000000	0.017550047487020
3.0000000000000	0.026321314275265
4.0000000000000	0.035088501870632
5.0000000000000	0.043850529938936
6.0000000000000	0.052606377750635
7.0000000000000	0.061355065554380
8.0000000000000	0.070095643401146
9.0000000000000	0.078827187418938
10.000000000000	0.087548799812794
11.000000000000	0.096259623765945
12.000000000000	0.10495878756046
13.000000000000	0.11364547163248
14.000000000000	0.12231884896755
15.000000000000	0.13097812235355
16.000000000000	0.13962250947952
17.000000000000	0.14825123548508
18.000000000000	0.15686354041100
19.000000000000	0.16545870900154
20.000000000000	0.17403598129749
21.000000000000	0.18259465694427
22.000000000000	0.19113403558731
23.000000000000	0.19965341687202
24.000000000000	0.20815211534500
25.000000000000	0.21662949025631
26.000000000000	0.22508488595486
27.000000000000	0.23351763188839
28.000000000000	0.24192710220814
29.000000000000	0.25031271576881
30.000000000000	0.25867381691933
31.000000000000	0.26700982451439
32.000000000000	0.27532014250755
33.000000000000	0.28360420465469
34.000000000000	0.29186144471169
35.000000000000	0.30009132623672
36.000000000000	0.30829328298569
37.000000000000	0.31646677851677
38.000000000000	0.32461127638817
39.000000000000	0.33272629976273
40.000000000000	0.34081134200096
41.000000000000	0.34886589646339
42.000000000000	0.35688948631287
43.000000000000	0.36488163471222
44.000000000000	0.37284189462662
45.000000000000	0.38076978921890
46.000000000000	0.38866493105888
47.000000000000	0.39652681350708
48.000000000000	0.40435507893562
49.000000000000	0.41214928030968
50.000000000000	0.41990900039673
51.000000000000	0.42763391137123
52.000000000000	0.43532359600067
53.000000000000	0.44297766685486
54.000000000000	0.45059576630592
55.000000000000	0.45817756652832
56.000000000000	0.46572270989418
57.000000000000	0.47323083877563
58.000000000000	0.48070168495178
59.000000000000	0.48813486099243
60.000000000000	0.49553012847900
61.000000000000	0.50288712978363
62.000000000000	0.51020562648773
63.000000000000	0.51748532056808
64.000000000000	0.52472597360611
65.000000000000	0.53192722797394
66.000000000000	0.53908890485764
67.000000000000	0.54621076583862
68.000000000000	0.55329257249832
69.000000000000	0.56033408641815
70.000000000000	0.56733512878418
71.000000000000	0.57429540157318
72.000000000000	0.58121472597122
73.000000000000	0.58809298276901
74.000000000000	0.59492993354797
75.000000000000	0.60172545909882
76.000000000000	0.60847926139832
77.000000000000	0.61519134044647
78.000000000000	0.62186145782471
79.000000000000	0.62848943471909
80.000000000000	0.63507521152496
81.000000000000	0.64161860942841
82.000000000000	0.64811950922012
83.000000000000	0.65457779169083
84.000000000000	0.66099345684052
85.000000000000	0.66736620664597
86.000000000000	0.67369616031647
87.000000000000	0.67998307943344
88.000000000000	0.68622690439224
89.000000000000	0.69242763519287
90.000000000000	0.69858521223068
91.000000000000	0.70469945669174
92.000000000000	0.71077042818069
93.000000000000	0.71679806709290
94.000000000000	0.72278231382370
95.000000000000	0.72872310876846
96.000000000000	0.73462045192719
97.000000000000	0.74047440290451
98.000000000000	0.74628478288651
99.000000000000	0.75205171108246
100.00000000000	0.75777518749237
101.00000000000	0.76345515251160
102.00000000000	0.76909166574478
103.00000000000	0.77468466758728
104.00000000000	0.78023427724838
105.00000000000	0.78574043512344
106.00000000000	0.79120326042175
107.00000000000	0.79662269353867
108.00000000000	0.80199891328812
109.00000000000	0.80733180046082
110.00000000000	0.81262153387070
111.00000000000	0.81786811351776
112.00000000000	0.82307159900665
113.00000000000	0.82823204994202
114.00000000000	0.83334958553314
115.00000000000	0.83842426538467
116.00000000000	0.84345614910126
117.00000000000	0.84844535589218
118.00000000000	0.85339188575745
119.00000000000	0.85829597711563
120.00000000000	0.86315757036209
121.00000000000	0.86797684431076
122.00000000000	0.87275397777557
123.00000000000	0.87748891115189
124.00000000000	0.88218188285828
125.00000000000	0.88683295249939
126.00000000000	0.89144229888916
127.00000000000	0.89600998163223
128.00000000000	0.90053617954254
129.00000000000	0.90502095222473
130.00000000000	0.90946447849274
131.00000000000	0.91386693716049
132.00000000000	0.91822832822800
133.00000000000	0.92254894971848
134.00000000000	0.92682886123657
135.00000000000	0.93106824159622
136.00000000000	0.93526721000671
137.00000000000	0.93942600488663
138.00000000000	0.94354462623596
139.00000000000	0.94762337207794
140.00000000000	0.95166230201721
141.00000000000	0.95566171407700
142.00000000000	0.95962160825729
143.00000000000	0.96354228258133
144.00000000000	0.96742379665375
145.00000000000	0.97126644849777
146.00000000000	0.97507029771805
147.00000000000	0.97883558273315
148.00000000000	0.98256248235703
149.00000000000	0.98625111579895
150.00000000000	0.98990178108215
151.00000000000	0.99351453781128
152.00000000000	0.99708962440491
153.00000000000	1.0006271600723
154.00000000000	1.0041275024414
155.00000000000	1.0075906515121
156.00000000000	1.0110169649124
157.00000000000	1.0144064426422
158.00000000000	1.0177594423294
159.00000000000	1.0210760831833
160.00000000000	1.0243564844131
161.00000000000	1.0276011228561
162.00000000000	1.0308098793030
163.00000000000	1.0339831113815
164.00000000000	1.0371209383011
165.00000000000	1.0402235984802
166.00000000000	1.0432914495468
167.00000000000	1.0463243722916
168.00000000000	1.0493228435516
169.00000000000	1.0522868633270
170.00000000000	1.0552169084549
171.00000000000	1.0581128597260
172.00000000000	1.0609750747681
173.00000000000	1.0638039112091
174.00000000000	1.0665992498398
175.00000000000	1.0693615674973
176.00000000000	1.0720909833908
177.00000000000	1.0747876167297
178.00000000000	1.0774518251419
179.00000000000	1.0800836086273
180.00000000000	1.0826834440231
181.00000000000	1.0852514505386
182.00000000000	1.0877876281738
183.00000000000	1.0902924537659
184.00000000000	1.0927660465240
185.00000000000	1.0952085256577
186.00000000000	1.0976202487946
187.00000000000	1.1000013351440
188.00000000000	1.1023520231247
189.00000000000	1.1046724319458
190.00000000000	1.1069628000259
191.00000000000	1.1092234849930
192.00000000000	1.1114546060562
193.00000000000	1.1136562824249
194.00000000000	1.1158287525177
195.00000000000	1.1179723739624
196.00000000000	1.1200871467590
197.00000000000	1.1221734285355
198.00000000000	1.1242313385010
199.00000000000	1.1262612342834
200.00000000000	1.1282629966736
201.00000000000	1.1302372217178
202.00000000000	1.1321837902069
203.00000000000	1.1341030597687
204.00000000000	1.1359952688217
205.00000000000	1.1378605365753
206.00000000000	1.1396991014481
207.00000000000	1.1415112018585
208.00000000000	1.1432969570160
209.00000000000	1.1450566053391
210.00000000000	1.1467903852463
211.00000000000	1.1484984159470
212.00000000000	1.1501809358597
213.00000000000	1.1518381834030
214.00000000000	1.1534702777863
215.00000000000	1.1550775766373
216.00000000000	1.1566600799561
217.00000000000	1.1582180261612
218.00000000000	1.1597516536713
219.00000000000	1.1612612009048
220.00000000000	1.1627467870712
221.00000000000	1.1642086505890
222.00000000000	1.1656469106674
223.00000000000	1.1670618057251
224.00000000000	1.1684535741806
225.00000000000	1.1698222160339
226.00000000000	1.1711682081223
227.00000000000	1.1724915504456
228.00000000000	1.1737924814224
229.00000000000	1.1750711202621
230.00000000000	1.1763278245926
231.00000000000	1.1775625944138
232.00000000000	1.1787756681442
233.00000000000	1.1799671649933
234.00000000000	1.1811374425888
235.00000000000	1.1822866201401
236.00000000000	1.1834146976471
237.00000000000	1.1845220327377
238.00000000000	1.1856088638306
239.00000000000	1.1866750717163
240.00000000000	1.1877211332321
241.00000000000	1.1887471675873
242.00000000000	1.1897532939911
243.00000000000	1.1907396316528
244.00000000000	1.1917064189911
245.00000000000	1.1926537752151
246.00000000000	1.1935819387436
247.00000000000	1.1944910287857
248.00000000000	1.1953812837601
249.00000000000	1.1962527036667
250.00000000000	1.1971056461334
251.00000000000	1.1979402303696
252.00000000000	1.1987565755844
253.00000000000	1.1995549201965
254.00000000000	1.2003352642059
255.00000000000	1.2010978460312
256.00000000000	1.2018429040909
257.00000000000	1.2025705575943
258.00000000000	1.2032809257507
259.00000000000	1.2039742469788
260.00000000000	1.2046505212784
261.00000000000	1.2053099870682
262.00000000000	1.2059528827667
263.00000000000	1.2065793275833
264.00000000000	1.2071893215179
265.00000000000	1.2077832221985
266.00000000000	1.2083610296249
267.00000000000	1.2089228630066
268.00000000000	1.2094690799713
269.00000000000	1.2099996805191
270.00000000000	1.2105147838593
271.00000000000	1.2110146284103
272.00000000000	1.2114993333817
273.00000000000	1.2119690179825
274.00000000000	1.2124238014221
275.00000000000	1.2128638029099
276.00000000000	1.2132892608643
277.00000000000	1.2137001752853
278.00000000000	1.2140969038010
279.00000000000	1.2144793272018
280.00000000000	1.2148478031158
281.00000000000	1.2152023315430
282.00000000000	1.2155430316925
283.00000000000	1.2158700227737
284.00000000000	1.2161836624146
285.00000000000	1.2164838314056
286.00000000000	1.2167707681656
287.00000000000	1.2170444726944
288.00000000000	1.2173053026199
289.00000000000	1.2175532579422
290.00000000000	1.2177883386612
291.00000000000	1.2180109024048
292.00000000000	1.2182209491730
293.00000000000	1.2184185981750
294.00000000000	1.2186040878296
295.00000000000	1.2187772989273
296.00000000000	1.2189385890961
297.00000000000	1.2190879583359
298.00000000000	1.2192255258560
299.00000000000	1.2193515300751
300.00000000000	1.2194658517838
301.00000000000	1.2195688486099
302.00000000000	1.2196605205536
303.00000000000	1.2197409868240
304.00000000000	1.2198103666306
305.00000000000	1.2198687791824
306.00000000000	1.2199163436890
307.00000000000	1.2199530601501
308.00000000000	1.2199791669846
309.00000000000	1.2199947834015
310.00000000000	1.2200000286102
311.00000000000	1.2199949026108
312.00000000000	1.2199795246124
313.00000000000	1.2199540138245
314.00000000000	1.2199186086655
315.00000000000	1.2198731899261
316.00000000000	1.2198179960251
317.00000000000	1.2197531461716
318.00000000000	1.2196786403656
319.00000000000	1.2195945978165
320.00000000000	1.2195012569427
321.00000000000	1.2193986177444
322.00000000000	1.2192866802216
323.00000000000	1.2191656827927
324.00000000000	1.2190357446671
325.00000000000	1.2188967466354
326.00000000000	1.2187490463257
327.00000000000	1.2185925245285
328.00000000000	1.2184274196625
329.00000000000	1.2182537317276
330.00000000000	1.2180715799332
331.00000000000	1.2178810834885
332.00000000000	1.2176823616028
333.00000000000	1.2174754142761
334.00000000000	1.2172602415085
335.00000000000	1.2170372009277
336.00000000000	1.2168061733246
337.00000000000	1.2165673971176
338.00000000000	1.2163207530975
339.00000000000	1.2160664796829
340.00000000000	1.2158045768738
341.00000000000	1.2155352830887
342.00000000000	1.2152584791183
343.00000000000	1.2149742841721
344.00000000000	1.2146829366684
345.00000000000	1.2143843173981
346.00000000000	1.2140786647797
347.00000000000	1.2137658596039
348.00000000000	1.2134462594986
349.00000000000	1.2131196260452
350.00000000000	1.2127863168716
351.00000000000	1.2124463319778
352.00000000000	1.2120995521545
353.00000000000	1.2117463350296
354.00000000000	1.2113865613937
355.00000000000	1.2110203504562
356.00000000000	1.2106478214264
357.00000000000	1.2102689743042
358.00000000000	1.2098839282990
359.00000000000	1.2094926834106
360.00000000000	1.2090954780579
361.00000000000	1.2086921930313
362.00000000000	1.2082830667496
363.00000000000	1.2078679800034
364.00000000000	1.2074471712112
365.00000000000	1.2070206403732
366.00000000000	1.2065883874893
367.00000000000	1.2061505317688
368.00000000000	1.2057071924210
369.00000000000	1.2052583694458
370.00000000000	1.2048041820526
371.00000000000	1.2043445110321
372.00000000000	1.2038797140121
373.00000000000	1.2034095525742
374.00000000000	1.2029343843460
375.00000000000	1.2024540901184
376.00000000000	1.2019686698914
377.00000000000	1.2014783620834
378.00000000000	1.2009830474854
379.00000000000	1.2004829645157
380.00000000000	1.1999779939651
381.00000000000	1.1994683742523
382.00000000000	1.1989539861679
383.00000000000	1.1984350681305
384.00000000000	1.1979115009308
385.00000000000	1.1973834037781
386.00000000000	1.1968508958817
387.00000000000	1.1963139772415
388.00000000000	1.1957726478577
389.00000000000	1.1952270269394
390.00000000000	1.1946772336960
391.00000000000	1.1941231489182
392.00000000000	1.1935650110245
393.00000000000	1.1930027008057
394.00000000000	1.1924364566803
395.00000000000	1.1918661594391
396.00000000000	1.1912918090820
397.00000000000	1.1907137632370
398.00000000000	1.1901317834854
399.00000000000	1.1895459890366
400.00000000000	1.1889563798904
401.00000000000	1.1883631944656
402.00000000000	1.1877663135529
403.00000000000	1.1871658563614
404.00000000000	1.1865618228912
405.00000000000	1.1859543323517
406.00000000000	1.1853432655334
407.00000000000	1.1847288608551
408.00000000000	1.1841109991074
409.00000000000	1.1834899187088
410.00000000000	1.1828655004501
411.00000000000	1.1822377443314
412.00000000000	1.1816068887711
413.00000000000	1.1809728145599
414.00000000000	1.1803356409073
415.00000000000	1.1796954870224
416.00000000000	1.1790522336960
417.00000000000	1.1784058809280
418.00000000000	1.1777566671371
419.00000000000	1.1771045923233
420.00000000000	1.1764495372772
421.00000000000	1.1757917404175
422.00000000000	1.1751310825348
423.00000000000	1.1744676828384
424.00000000000	1.1738015413284
425.00000000000	1.1731327772141
426.00000000000	1.1724613904953
427.00000000000	1.1717873811722
428.00000000000	1.1711107492447
429.00000000000	1.1704316139221
430.00000000000	1.1697499752045
431.00000000000	1.1690658330917
432.00000000000	1.1683793067932
433.00000000000	1.1676903963089
434.00000000000	1.1669991016388
435.00000000000	1.1663055419922
436.00000000000	1.1656095981598
437.00000000000	1.1649115085602
438.00000000000	1.1642111539841
439.00000000000	1.1635086536407
440.00000000000	1.1628038883209
441.00000000000	1.1620970964432
442.00000000000	1.1613881587982
443.00000000000	1.1606771945953
444.00000000000	1.1599642038345
445.00000000000	1.1592491865158
446.00000000000	1.1585322618484
447.00000000000	1.1578133106232
448.00000000000	1.1570925712585
449.00000000000	1.1563699245453
450.00000000000	1.1556453704834
451.00000000000	1.1549190282822
452.00000000000	1.1541908979416
453.00000000000	1.1534610986710
454.00000000000	1.1527295112610
455.00000000000	1.1519961357117
456.00000000000	1.1512612104416
457.00000000000	1.1505244970322
458.00000000000	1.1497863531113
459.00000000000	1.1490464210510
460.00000000000	1.1483050584793
461.00000000000	1.1475621461868
462.00000000000	1.1468176841736
463.00000000000	1.1460717916489
464.00000000000	1.1453243494034
465.00000000000	1.1445755958557
466.00000000000	1.1438252925873
467.00000000000	1.1430736780167
468.00000000000	1.1423207521439
469.00000000000	1.1415663957596
470.00000000000	1.1408108472824
471.00000000000	1.1400538682938
472.00000000000	1.1392956972122
473.00000000000	1.1385363340378
474.00000000000	1.1377756595612
475.00000000000	1.1370139122009
476.00000000000	1.1362508535385
477.00000000000	1.1354867219925
478.00000000000	1.1347215175629
479.00000000000	1.1339551210403
480.00000000000	1.1331877708435
481.00000000000	1.1324192285538
482.00000000000	1.1316497325897
483.00000000000	1.1308791637421
484.00000000000	1.1301076412201
485.00000000000	1.1293350458145
486.00000000000	1.1285616159439
487.00000000000	1.1277872323990
488.00000000000	1.1270118951797
489.00000000000	1.1262357234955
490.00000000000	1.1254585981369
491.00000000000	1.1246806383133
492.00000000000	1.1239018440247
493.00000000000	1.1231223344803
494.00000000000	1.1223419904709
495.00000000000	1.1215608119965
496.00000000000	1.1207789182663
497.00000000000	1.1199961900711
498.00000000000	1.1192128658295
499.00000000000	1.1184287071228
500.00000000000	1.1176439523697
501.00000000000	1.1168586015701
502.00000000000	1.1160725355148
503.00000000000	1.1152857542038
504.00000000000	1.1144984960556
505.00000000000	1.1137105226517
506.00000000000	1.1129219532013
507.00000000000	1.1121329069138
508.00000000000	1.1113432645798
509.00000000000	1.1105531454086
510.00000000000	1.1097624301910
511.00000000000	1.1089713573456
512.00000000000	1.1081796884537
513.00000000000	1.1073875427246
514.00000000000	1.1065949201584
515.00000000000	1.1058019399643
516.00000000000	1.1050084829330
517.00000000000	1.1042146682739
518.00000000000	1.1034203767776
519.00000000000	1.1026257276535
520.00000000000	1.1018307209015
521.00000000000	1.1010353565216
522.00000000000	1.1002397537231
523.00000000000	1.0994437932968
524.00000000000	1.0986474752426
525.00000000000	1.0978507995605
526.00000000000	1.0970540046692
527.00000000000	1.0962568521500
528.00000000000	1.0954594612122
529.00000000000	1.0946617126465
530.00000000000	1.0938638448715
531.00000000000	1.0930658578873
532.00000000000	1.0922675132751
533.00000000000	1.0914690494537
534.00000000000	1.0906704664230
535.00000000000	1.0898716449738
536.00000000000	1.0890725851059
537.00000000000	1.0882735252380
538.00000000000	1.0874743461609
539.00000000000	1.0866749286652
540.00000000000	1.0858755111694
541.00000000000	1.0850759744644
542.00000000000	1.0842763185501
543.00000000000	1.0834766626358
544.00000000000	1.0826768875122
545.00000000000	1.0818771123886
546.00000000000	1.0810772180557
547.00000000000	1.0802773237228
548.00000000000	1.0794774293900
549.00000000000	1.0786775350571
550.00000000000	1.0778776407242
551.00000000000	1.0770778656006
552.00000000000	1.0762779712677
553.00000000000	1.0754781961441
554.00000000000	1.0746784210205
555.00000000000	1.0738787651062
556.00000000000	1.0730791091919
557.00000000000	1.0722795724869
558.00000000000	1.0714801549911
559.00000000000	1.0706807374954
560.00000000000	1.0698814392090
561.00000000000	1.0690822601318
562.00000000000	1.0682833194733
563.00000000000	1.0674843788147
564.00000000000	1.0666856765747
565.00000000000	1.0658869743347
566.00000000000	1.0650886297226
567.00000000000	1.0642902851105
568.00000000000	1.0634921789169
569.00000000000	1.0626943111420
570.00000000000	1.0618965625763
571.00000000000	1.0610990524292
572.00000000000	1.0603017807007
573.00000000000	1.0595046281815
574.00000000000	1.0587078332901
575.00000000000	1.0579111576080
576.00000000000	1.0571148395538
577.00000000000	1.0563186407089
578.00000000000	1.0555227994919
579.00000000000	1.0547271966934
580.00000000000	1.0539318323135
581.00000000000	1.0531368255615
582.00000000000	1.0523419380188
583.00000000000	1.0515475273132
584.00000000000	1.0507533550262
585.00000000000	1.0499594211578
586.00000000000	1.0491659641266
587.00000000000	1.0483727455139
588.00000000000	1.0475797653198
589.00000000000	1.0467872619629
590.00000000000	1.0459949970245
591.00000000000	1.0452032089233
592.00000000000	1.0444116592407
593.00000000000	1.0436204671860
594.00000000000	1.0428297519684
595.00000000000	1.0420392751694
596.00000000000	1.0412492752075
597.00000000000	1.0404596328735
598.00000000000	1.0396704673767
599.00000000000	1.0388816595078
600.00000000000	1.0380932092667
601.00000000000	1.0373051166534
602.00000000000	1.0365175008774
603.00000000000	1.0357303619385
604.00000000000	1.0349435806274
605.00000000000	1.0341572761536
606.00000000000	1.0333714485168
607.00000000000	1.0325859785080
608.00000000000	1.0318009853363
609.00000000000	1.0310164690018
610.00000000000	1.0302324295044
611.00000000000	1.0294488668442
612.00000000000	1.0286657810211
613.00000000000	1.0278830528259
614.00000000000	1.0271009206772
615.00000000000	1.0263192653656
616.00000000000	1.0255380868912
617.00000000000	1.0247573852539
618.00000000000	1.0239772796631
619.00000000000	1.0231975317001
620.00000000000	1.0224183797836
621.00000000000	1.0216397047043
622.00000000000	1.0208616256714
623.00000000000	1.0200840234756
624.00000000000	1.0193068981171
625.00000000000	1.0185303688049
626.00000000000	1.0177544355392
627.00000000000	1.0169789791107
628.00000000000	1.0162039995193
629.00000000000	1.0154296159744
630.00000000000	1.0146558284760
631.00000000000	1.0138826370239
632.00000000000	1.0131099224091
633.00000000000	1.0123378038406
634.00000000000	1.0115661621094
635.00000000000	1.0107952356339
636.00000000000	1.0100247859955
637.00000000000	1.0092550516129
638.00000000000	1.0084857940674
639.00000000000	1.0077171325684
640.00000000000	1.0069490671158
641.00000000000	1.0061815977097
642.00000000000	1.0054147243500
643.00000000000	1.0046485662460
644.00000000000	1.0038828849792
645.00000000000	1.0031177997589
646.00000000000	1.0023534297943
647.00000000000	1.0015895366669
648.00000000000	1.0008263587952
649.00000000000	1.0000637769699
650.00000000000	0.99930191040039
651.00000000000	0.99854058027267
652.00000000000	0.99777990579605
653.00000000000	0.99701982736588
654.00000000000	0.99626046419144
655.00000000000	0.99550169706345
656.00000000000	0.99474358558655
657.00000000000	0.99398607015610
658.00000000000	0.99322926998138
659.00000000000	0.99247306585312
660.00000000000	0.99171757698059
661.00000000000	0.99096268415451
662.00000000000	0.99020850658417
663.00000000000	0.98945492506027
664.00000000000	0.98870205879211
665.00000000000	0.98794984817505
666.00000000000	0.98719835281372
667.00000000000	0.98644745349884
668.00000000000	0.98569726943970
669.00000000000	0.98494774103165
670.00000000000	0.98419892787933
671.00000000000	0.98345077037811
672.00000000000	0.98270332813263
673.00000000000	0.98195654153824
674.00000000000	0.98121047019958
675.00000000000	0.98046505451202
676.00000000000	0.97972035408020
677.00000000000	0.97897630929947
678.00000000000	0.97823303937912
679.00000000000	0.97749042510986
680.00000000000	0.97674846649170
681.00000000000	0.97600728273392
682.00000000000	0.97526675462723
683.00000000000	0.97452694177628
684.00000000000	0.97378790378571
685.00000000000	0.97304952144623
686.00000000000	0.97231185436249
687.00000000000	0.97157490253448
688.00000000000	0.97083866596222
689.00000000000	0.97010314464569
690.00000000000	0.96936833858490
691.00000000000	0.96863424777985
692.00000000000	0.96790087223053
693.00000000000	0.96716827154160
694.00000000000	0.96643632650375
695.00000000000	0.96570515632629
696.00000000000	0.96497470140457
697.00000000000	0.96424502134323
698.00000000000	0.96351599693298
699.00000000000	0.96278774738312
700.00000000000	0.96206027269363
701.00000000000	0.96133345365524
702.00000000000	0.96060740947723
703.00000000000	0.95988208055496
704.00000000000	0.95915752649307
705.00000000000	0.95843368768692
706.00000000000	0.95771062374115
707.00000000000	0.95698827505112
708.00000000000	0.95626670122147
709.00000000000	0.95554584264755
710.00000000000	0.95482575893402
711.00000000000	0.95410639047623
712.00000000000	0.95338779687881
713.00000000000	0.95266991853714
714.00000000000	0.95195281505585
715.00000000000	0.95123648643494
716.00000000000	0.95052087306976
717.00000000000	0.94980603456497
718.00000000000	0.94909197092056
719.00000000000	0.94837862253189
720.00000000000	0.94766604900360
721.00000000000	0.94695425033569
722.00000000000	0.94624316692352
723.00000000000	0.94553291797638
724.00000000000	0.94482338428497
725.00000000000	0.94411456584930
726.00000000000	0.94340658187866
727.00000000000	0.94269931316376
728.00000000000	0.94199287891388
729.00000000000	0.94128715991974
730.00000000000	0.94058221578598
731.00000000000	0.93987798690796
732.00000000000	0.93917459249496
733.00000000000	0.93847191333771
734.00000000000	0.93777006864548
735.00000000000	0.93706893920898
736.00000000000	0.93636858463287
737.00000000000	0.93566900491714
738.00000000000	0.93497020006180
739.00000000000	0.93427217006683
740.00000000000	0.93357491493225
741.00000000000	0.93287843465805
742.00000000000	0.93218272924423
743.00000000000	0.93148779869080
744.00000000000	0.93079364299774
745.00000000000	0.93010020256042
746.00000000000	0.92940759658813
747.00000000000	0.92871576547623
748.00000000000	0.92802470922470
749.00000000000	0.92733436822891
750.00000000000	0.92664486169815
751.00000000000	0.92595613002777
752.00000000000	0.92526817321777
753.00000000000	0.92458099126816
754.00000000000	0.92389458417892
755.00000000000	0.92320895195007
756.00000000000	0.92252409458160
757.00000000000	0.92184001207352
758.00000000000	0.92115670442581
759.00000000000	0.92047417163849
760.00000000000	0.91979241371155
761.00000000000	0.91911149024963
762.00000000000	0.91843128204346
763.00000000000	0.91775190830231
764.00000000000	0.91707324981689
765.00000000000	0.91639542579651
766.00000000000	0.91571837663651
767.00000000000	0.91504204273224
768.00000000000	0.91436654329300
769.00000000000	0.91369181871414
770.00000000000	0.91301786899567
771.00000000000	0.91234469413757
772.00000000000	0.91167235374451
773.00000000000	0.91100072860718
774.00000000000	0.91032987833023
775.00000000000	0.90965986251831
776.00000000000	0.90899062156677
777.00000000000	0.90832209587097
778.00000000000	0.90765440464020
779.00000000000	0.90698748826981
780.00000000000	0.90632134675980
781.00000000000	0.90565598011017
782.00000000000	0.90499138832092
783.00000000000	0.90432757139206
784.00000000000	0.90366458892822
785.00000000000	0.90300232172012
786.00000000000	0.90234082937241
787.00000000000	0.90168017148972
788.00000000000	0.90102028846741
789.00000000000	0.90036112070084
790.00000000000	0.89970278739929
791.00000000000	0.89904522895813
792.00000000000	0.89838844537735
793.00000000000	0.89773243665695
794.00000000000	0.89707720279694
795.00000000000	0.89642274379730
796.00000000000	0.89576905965805
797.00000000000	0.89511615037918
798.00000000000	0.89446401596069
799.00000000000	0.89381271600723
800.00000000000	0.89316213130951
801.00000000000	0.89251232147217
802.00000000000	0.89186334609985
803.00000000000	0.89121508598328
804.00000000000	0.89056760072708
805.00000000000	0.88992094993591
806.00000000000	0.88927501440048
807.00000000000	0.88862991333008
808.00000000000	0.88798552751541
809.00000000000	0.88734197616577
810.00000000000	0.88669914007187
811.00000000000	0.88605707883835
812.00000000000	0.88541585206985
813.00000000000	0.88477534055710
814.00000000000	0.88413560390472
815.00000000000	0.88349664211273
816.00000000000	0.88285851478577
817.00000000000	0.88222110271454
818.00000000000	0.88158446550369
819.00000000000	0.88094860315323
820.00000000000	0.88031351566315
821.00000000000	0.87967914342880
822.00000000000	0.87904560565948
823.00000000000	0.87841284275055
824.00000000000	0.87778079509735
825.00000000000	0.87714952230453
826.00000000000	0.87651908397675
827.00000000000	0.87588936090469
828.00000000000	0.87526041269302
829.00000000000	0.87463223934174
830.00000000000	0.87400478124619
831.00000000000	0.87337815761566
832.00000000000	0.87275224924088
833.00000000000	0.87212711572647
834.00000000000	0.87150275707245
835.00000000000	0.87087917327881
836.00000000000	0.87025636434555
837.00000000000	0.86963427066803
838.00000000000	0.86901295185089
839.00000000000	0.86839240789413
840.00000000000	0.86777257919312
841.00000000000	0.86715358495712
842.00000000000	0.86653530597687
843.00000000000	0.86591780185699
844.00000000000	0.86530101299286
845.00000000000	0.86468505859375
846.00000000000	0.86406975984573
847.00000000000	0.86345529556274
848.00000000000	0.86284154653549
849.00000000000	0.86222857236862
850.00000000000	0.86161637306213
851.00000000000	0.86100488901138
852.00000000000	0.86039417982101
853.00000000000	0.85978424549103
854.00000000000	0.85917502641678
855.00000000000	0.85856658220291
856.00000000000	0.85795885324478
857.00000000000	0.85735189914703
858.00000000000	0.85674571990967
859.00000000000	0.85614025592804
860.00000000000	0.85553550720215
861.00000000000	0.85493159294128
862.00000000000	0.85432833433151
863.00000000000	0.85372585058212
864.00000000000	0.85312414169312
865.00000000000	0.85252314805984
866.00000000000	0.85192292928696
867.00000000000	0.85132342576981
868.00000000000	0.85072469711304
869.00000000000	0.85012668371201
870.00000000000	0.84952944517136
871.00000000000	0.84893292188644
872.00000000000	0.84833711385727
873.00000000000	0.84774208068848
874.00000000000	0.84714776277542
875.00000000000	0.84655416011810
876.00000000000	0.84596133232117
877.00000000000	0.84536927938461
878.00000000000	0.84477788209915
879.00000000000	0.84418725967407
880.00000000000	0.84359735250473
881.00000000000	0.84300822019577
882.00000000000	0.84241980314255
883.00000000000	0.84183210134506
884.00000000000	0.84124511480331
885.00000000000	0.84065890312195
886.00000000000	0.84007340669632
887.00000000000	0.83948862552643
888.00000000000	0.83890455961227
889.00000000000	0.83832126855850
890.00000000000	0.83773869276047
891.00000000000	0.83715683221817
892.00000000000	0.83657568693161
893.00000000000	0.83599525690079
894.00000000000	0.83541560173035
895.00000000000	0.83483660221100
896.00000000000	0.83425837755203
897.00000000000	0.83368080854416
898.00000000000	0.83310401439667
899.00000000000	0.83252793550491
900.00000000000	0.83195257186890
901.00000000000	0.83137792348862
902.00000000000	0.83080399036407
903.00000000000	0.83023077249527
904.00000000000	0.82965826988220
905.00000000000	0.82908648252487
906.00000000000	0.82851547002792
907.00000000000	0.82794511318207
908.00000000000	0.82737547159195
909.00000000000	0.82680648565292
910.00000000000	0.82623827457428
911.00000000000	0.82567077875137
912.00000000000	0.82510399818420
913.00000000000	0.82453787326813
914.00000000000	0.82397252321243
915.00000000000	0.82340782880783
916.00000000000	0.82284384965897
917.00000000000	0.82228058576584
918.00000000000	0.82171803712845
919.00000000000	0.82115614414215
920.00000000000	0.82059502601624
921.00000000000	0.82003456354141
922.00000000000	0.81947481632233
923.00000000000	0.81891578435898
924.00000000000	0.81835740804672
925.00000000000	0.81779974699020
926.00000000000	0.81724280118942
927.00000000000	0.81668651103973
928.00000000000	0.81613099575043
929.00000000000	0.81557607650757
930.00000000000	0.81502193212509
931.00000000000	0.81446844339371
932.00000000000	0.81391566991806
933.00000000000	0.81336355209351
934.00000000000	0.81281214952469
935.00000000000	0.81226146221161
936.00000000000	0.81171143054962
937.00000000000	0.81116205453873
938.00000000000	0.81061339378357
939.00000000000	0.81006544828415
940.00000000000	0.80951815843582
941.00000000000	0.80897158384323
942.00000000000	0.80842566490173
943.00000000000	0.80788046121597
944.00000000000	0.80733591318130
945.00000000000	0.80679202079773
946.00000000000	0.80624884366989
947.00000000000	0.80570638179779
948.00000000000	0.80516451597214
949.00000000000	0.80462336540222
950.00000000000	0.80408293008804
951.00000000000	0.80354315042496
952.00000000000	0.80300402641296
953.00000000000	0.80246555805206
954.00000000000	0.80192780494690
955.00000000000	0.80139070749283
956.00000000000	0.80085426568985
957.00000000000	0.80031853914261
958.00000000000	0.79978340864182
959.00000000000	0.79924899339676
960.00000000000	0.79871529340744
961.00000000000	0.79818218946457
962.00000000000	0.79764980077744
963.00000000000	0.79711800813675
964.00000000000	0.79658693075180
965.00000000000	0.79605650901794
966.00000000000	0.79552680253983
967.00000000000	0.79499769210815
968.00000000000	0.79446923732758
969.00000000000	0.79394149780273
970.00000000000	0.79341435432434
971.00000000000	0.79288792610168
972.00000000000	0.79236209392548
973.00000000000	0.79183697700500
974.00000000000	0.79131251573563
975.00000000000	0.79078865051270
976.00000000000	0.79026550054550
977.00000000000	0.78974294662476
978.00000000000	0.78922110795975
979.00000000000	0.78869986534119
980.00000000000	0.78817933797836
981.00000000000	0.78765940666199
982.00000000000	0.78714013099670
983.00000000000	0.78662151098251
984.00000000000	0.78610354661942
985.00000000000	0.78558623790741
986.00000000000	0.78506952524185
987.00000000000	0.78455352783203
988.00000000000	0.78403812646866
989.00000000000	0.78352338075638
990.00000000000	0.78300923109055
991.00000000000	0.78249579668045
992.00000000000	0.78198295831680
993.00000000000	0.78147077560425
994.00000000000	0.78095918893814
995.00000000000	0.78044831752777
996.00000000000	0.77993804216385
997.00000000000	0.77942836284637
998.00000000000	0.77891933917999
999.00000000000	0.77841097116470
1000.0000000000	0.77790325880051
