#
#"Secondary Electron Energy @ Incident Angle 0° / eV"	"Elastic [Real]"
#---------------------------------------------------------------------
0.0000000000000	0.0000000000000
0.10010010004044	0.0000000000000
0.20020020008087	0.0000000000000
0.30030030012131	0.0000000000000
0.40040040016174	0.0000000000000
0.50050050020218	0.0000000000000
0.60060060024261	0.0000000000000
0.70070070028305	0.0000000000000
0.80080080032349	0.0000000000000
0.90090090036392	0.0000000000000
1.0010010004044	0.0000000000000
1.1011011600494	0.0000000000000
1.2012012004852	0.0000000000000
1.3013013601303	0.0000000000000
1.4014014005661	0.0000000000000
1.5015015602112	0.0000000000000
1.6016016006470	0.0000000000000
1.7017017602921	0.0000000000000
1.8018018007278	0.0000000000000
1.9019019603729	0.0000000000000
2.0020020008087	0.0000000000000
2.1021020412445	0.0000000000000
2.2022023200989	0.0000000000000
2.3023023605347	0.0000000000000
2.4024024009705	0.0000000000000
2.5025024414062	0.0000000000000
2.6026027202606	0.0000000000000
2.7027027606964	0.0000000000000
2.8028028011322	0.0000000000000
2.9029028415680	0.0000000000000
3.0030031204224	0.0000000000000
3.1031031608582	0.0000000000000
3.2032032012939	0.0000000000000
3.3033032417297	0.0000000000000
3.4034035205841	0.0000000000000
3.5035035610199	0.0000000000000
3.6036036014557	0.0000000000000
3.7037036418915	0.0000000000000
3.8038039207458	0.0000000000000
3.9039039611816	0.0000000000000
4.0040040016174	0.0000000000000
4.1041040420532	0.0000000000000
4.2042040824890	0.0000000000000
4.3043041229248	0.0000000000000
4.4044046401978	0.0000000000000
4.5045046806335	0.0000000000000
4.6046047210693	0.0000000000000
4.7047047615051	0.0000000000000
4.8048048019409	0.0000000000000
4.9049048423767	0.0000000000000
5.0050048828125	0.0000000000000
5.1051049232483	0.0000000000000
5.2052054405212	0.0000000000000
5.3053054809570	0.0000000000000
5.4054055213928	0.0000000000000
5.5055055618286	0.0000000000000
5.6056056022644	0.0000000000000
5.7057056427002	0.0000000000000
5.8058056831360	0.0000000000000
5.9059057235718	0.0000000000000
6.0060062408447	0.0000000000000
6.1061062812805	0.0000000000000
6.2062063217163	0.0000000000000
6.3063063621521	0.0000000000000
6.4064064025879	0.0000000000000
6.5065064430237	0.0000000000000
6.6066064834595	0.0000000000000
6.7067065238953	0.0000000000000
6.8068070411682	0.0000000000000
6.9069070816040	0.0000000000000
7.0070071220398	0.0000000000000
7.1071071624756	0.0000000000000
7.2072072029114	0.0000000000000
7.3073072433472	0.0000000000000
7.4074072837830	0.0000000000000
7.5075073242188	0.0000000000000
7.6076078414917	0.0000000000000
7.7077078819275	0.0000000000000
7.8078079223633	0.0000000000000
7.9079079627991	0.0000000000000
8.0080080032349	0.0000000000000
8.1081085205078	0.0000000000000
8.2082080841064	0.0000000000000
8.3083086013794	0.0000000000000
8.4084081649780	0.0000000000000
8.5085086822510	0.0000000000000
8.6086082458496	0.0000000000000
8.7087087631226	0.0000000000000
8.8088092803955	0.0000000000000
8.9089088439941	0.0000000000000
9.0090093612671	0.0000000000000
9.1091089248657	0.0000000000000
9.2092094421387	0.0000000000000
9.3093090057373	0.0000000000000
9.4094095230103	0.0000000000000
9.5095090866089	0.0000000000000
9.6096096038818	0.0000000000000
9.7097101211548	0.0000000000000
9.8098096847534	0.0000000000000
9.9099102020264	0.0000000000000
10.010009765625	0.0000000000000
10.110110282898	0.0000000000000
10.210209846497	0.0000000000000
10.310310363770	0.0000000000000
10.410410881042	0.0000000000000
10.510510444641	0.0000000000000
10.610610961914	0.0000000000000
10.710710525513	0.0000000000000
10.810811042786	0.0000000000000
10.910910606384	0.0000000000000
11.011011123657	0.0000000000000
11.111110687256	0.0000000000000
11.211211204529	0.0000000000000
11.311311721802	0.0000000000000
11.411411285400	0.0000000000000
11.511511802673	0.0000000000000
11.611611366272	0.0000000000000
11.711711883545	0.0000000000000
11.811811447144	0.0000000000000
11.911911964417	0.0000000000000
12.012012481689	0.0000000000000
12.112112045288	0.0000000000000
12.212212562561	0.0000000000000
12.312312126160	0.0000000000000
12.412412643433	0.0000000000000
12.512512207031	0.0000000000000
12.612612724304	0.0000000000000
12.712712287903	0.0000000000000
12.812812805176	0.0000000000000
12.912913322449	0.0000000000000
13.013012886047	0.0000000000000
13.113113403320	0.0000000000000
13.213212966919	0.0000000000000
13.313313484192	0.0000000000000
13.413413047791	0.0000000000000
13.513513565063	0.0000000000000
13.613614082336	0.0000000000000
13.713713645935	0.0000000000000
13.813814163208	0.0000000000000
13.913913726807	0.0000000000000
14.014014244080	0.0000000000000
14.114113807678	0.0000000000000
14.214214324951	0.0000000000000
14.314313888550	0.0000000000000
14.414414405823	0.0000000000000
14.514514923096	0.0000000000000
14.614614486694	0.0000000000000
14.714715003967	0.0000000000000
14.814814567566	0.0000000000000
14.914915084839	0.0000000000000
15.015014648438	0.0000000000000
15.115115165710	0.0000000000000
15.215215682983	0.0000000000000
15.315315246582	0.0000000000000
15.415415763855	0.0000000000000
15.515515327454	0.0000000000000
15.615615844727	0.0000000000000
15.715715408325	0.0000000000000
15.815815925598	0.0000000000000
15.915915489197	0.0000000000000
16.016016006470	0.0000000000000
16.116115570068	0.0000000000000
16.216217041016	0.0000000000000
16.316316604614	0.0000000000000
16.416416168213	0.0000000000000
16.516515731812	0.0000000000000
16.616617202759	0.0000000000000
16.716716766357	0.0000000000000
16.816816329956	0.0000000000000
16.916917800903	0.0000000000000
17.017017364502	0.0000000000000
17.117116928101	0.0000000000000
17.217216491699	0.0000000000000
17.317317962646	0.0000000000000
17.417417526245	0.0000000000000
17.517517089844	0.0000000000000
17.617618560791	0.0000000000000
17.717718124390	0.0000000000000
17.817817687988	0.0000000000000
17.917917251587	0.0000000000000
18.018018722534	0.0000000000000
18.118118286133	0.0000000000000
18.218217849731	0.0000000000000
18.318317413330	0.0000000000000
18.418418884277	0.0000000000000
18.518518447876	0.0000000000000
18.618618011475	0.0000000000000
18.718719482422	0.0000000000000
18.818819046021	0.0000000000000
18.918918609619	0.0000000000000
19.019018173218	0.0000000000000
19.119119644165	0.0000000000000
19.219219207764	0.0000000000000
19.319318771362	0.0000000000000
19.419420242310	0.0000000000000
19.519519805908	0.0000000000000
19.619619369507	0.0000000000000
19.719718933105	0.0000000000000
19.819820404053	0.0000000000000
19.919919967651	0.0000000000000
20.020019531250	0.0000000000000
20.120121002197	0.0000000000000
20.220220565796	0.0000000000000
20.320320129395	0.0000000000000
20.420419692993	0.0000000000000
20.520521163940	0.0000000000000
20.620620727539	0.0000000000000
20.720720291138	0.0000000000000
20.820821762085	0.0000000000000
20.920921325684	0.0000000000000
21.021020889282	0.0000000000000
21.121120452881	0.0000000000000
21.221221923828	0.0000000000000
21.321321487427	0.0000000000000
21.421421051025	0.0000000000000
21.521520614624	0.0000000000000
21.621622085571	0.0000000000000
21.721721649170	0.0000000000000
21.821821212769	0.0000000000000
21.921922683716	0.0000000000000
22.022022247314	0.0000000000000
22.122121810913	0.0000000000000
22.222221374512	0.0000000000000
22.322322845459	0.0000000000000
22.422422409058	0.0000000000000
22.522521972656	0.0000000000000
22.622623443604	0.0000000000000
22.722723007202	0.0000000000000
22.822822570801	0.0000000000000
22.922922134399	0.0000000000000
23.023023605347	0.0000000000000
23.123123168945	0.0000000000000
23.223222732544	0.0000000000000
23.323324203491	0.0000000000000
23.423423767090	0.0000000000000
23.523523330688	0.0000000000000
23.623622894287	0.0000000000000
23.723724365234	0.0000000000000
23.823823928833	0.0000000000000
23.923923492432	0.0000000000000
24.024024963379	0.0000000000000
24.124124526978	0.0000000000000
24.224224090576	0.0000000000000
24.324323654175	0.0000000000000
24.424425125122	0.0000000000000
24.524524688721	0.0000000000000
24.624624252319	0.0000000000000
24.724723815918	0.0000000000000
24.824825286865	0.0000000000000
24.924924850464	0.0000000000000
25.025024414062	0.0000000000000
25.125125885010	0.0000000000000
25.225225448608	0.0000000000000
25.325325012207	0.0000000000000
25.425424575806	0.0000000000000
25.525526046753	0.0000000000000
25.625625610352	0.0000000000000
25.725725173950	0.0000000000000
25.825826644897	0.0000000000000
25.925926208496	0.0000000000000
26.026025772095	0.0000000000000
26.126125335693	0.0000000000000
26.226226806641	0.0000000000000
26.326326370239	0.0000000000000
26.426425933838	0.0000000000000
26.526527404785	0.0000000000000
26.626626968384	0.0000000000000
26.726726531982	0.0000000000000
26.826826095581	0.0000000000000
26.926927566528	0.0000000000000
27.027027130127	0.0000000000000
27.127126693726	0.0000000000000
27.227228164673	0.0000000000000
27.327327728271	0.0000000000000
27.427427291870	0.0000000000000
27.527526855469	0.0000000000000
27.627628326416	0.0000000000000
27.727727890015	0.0000000000000
27.827827453613	0.0000000000000
27.927927017212	0.0000000000000
28.028028488159	0.0000000000000
28.128128051758	0.0000000000000
28.228227615356	0.0000000000000
28.328329086304	0.0000000000000
28.428428649902	0.0000000000000
28.528528213501	0.0000000000000
28.628627777100	0.0000000000000
28.728729248047	0.0000000000000
28.828828811646	0.0000000000000
28.928928375244	0.0000000000000
29.029029846191	0.0000000000000
29.129129409790	0.0000000000000
29.229228973389	0.0000000000000
29.329328536987	0.0000000000000
29.429430007935	0.0000000000000
29.529529571533	0.0000000000000
29.629629135132	0.0000000000000
29.729730606079	0.0000000000000
29.829830169678	0.0000000000000
29.929929733276	0.0000000000000
30.030029296875	0.0000000000000
30.130130767822	0.0000000000000
30.230230331421	0.0000000000000
30.330329895020	0.0000000000000
30.430431365967	0.0000000000000
30.530530929565	0.0000000000000
30.630630493164	0.0000000000000
30.730730056763	0.0000000000000
30.830831527710	0.0000000000000
30.930931091309	0.0000000000000
31.031030654907	0.0000000000000
31.131130218506	0.0000000000000
31.231231689453	0.0000000000000
31.331331253052	0.0000000000000
31.431430816650	0.0000000000000
31.531532287598	0.0000000000000
31.631631851196	0.0000000000000
31.731731414795	0.0000000000000
31.831830978394	0.0000000000000
31.931932449341	0.0000000000000
32.032032012939	0.0000000000000
32.132133483887	0.0000000000000
32.232231140137	0.0000000000000
32.332332611084	0.0000000000000
32.432434082031	0.0000000000000
32.532531738281	0.0000000000000
32.632633209229	0.0000000000000
32.732730865479	0.0000000000000
32.832832336426	0.0000000000000
32.932933807373	0.0000000000000
33.033031463623	0.0000000000000
33.133132934570	0.0000000000000
33.233234405518	0.0000000000000
33.333332061768	0.0000000000000
33.433433532715	0.0000000000000
33.533535003662	0.0000000000000
33.633632659912	0.0000000000000
33.733734130859	0.0000000000000
33.833835601807	0.0000000000000
33.933933258057	0.0000000000000
34.034034729004	0.0000000000000
34.134132385254	0.0000000000000
34.234233856201	0.0000000000000
34.334335327148	0.0000000000000
34.434432983398	0.0000000000000
34.534534454346	0.0000000000000
34.634635925293	0.0000000000000
34.734733581543	0.0000000000000
34.834835052490	0.0000000000000
34.934936523438	0.0000000000000
35.035034179688	0.0000000000000
35.135135650635	0.0000000000000
35.235237121582	0.0000000000000
35.335334777832	0.0000000000000
35.435436248779	0.0000000000000
35.535533905029	0.0000000000000
35.635635375977	0.0000000000000
35.735736846924	0.0000000000000
35.835834503174	0.0000000000000
35.935935974121	0.0000000000000
36.036037445068	0.0000000000000
36.136135101318	0.0000000000000
36.236236572266	0.0000000000000
36.336338043213	0.0000000000000
36.436435699463	0.0000000000000
36.536537170410	0.0000000000000
36.636634826660	0.0000000000000
36.736736297607	0.0000000000000
36.836837768555	0.0000000000000
36.936935424805	0.0000000000000
37.037036895752	0.0000000000000
37.137138366699	0.0000000000000
37.237236022949	0.0000000000000
37.337337493896	0.0000000000000
37.437438964844	0.0000000000000
37.537536621094	0.0000000000000
37.637638092041	0.0000000000000
37.737739562988	0.0000000000000
37.837837219238	0.0000000000000
37.937938690186	0.0000000000000
38.038036346436	0.0000000000000
38.138137817383	0.0000000000000
38.238239288330	0.0000000000000
38.338336944580	0.0000000000000
38.438438415527	0.0000000000000
38.538539886475	0.0000000000000
38.638637542725	0.0000000000000
38.738739013672	0.0000000000000
38.838840484619	0.0000000000000
38.938938140869	0.0000000000000
39.039039611816	0.0000000000000
39.139137268066	0.0000000000000
39.239238739014	0.0000000000000
39.339340209961	0.0000000000000
39.439437866211	0.0000000000000
39.539539337158	0.0000000000000
39.639640808105	0.0000000000000
39.739738464355	0.0000000000000
39.839839935303	0.0000000000000
39.939941406250	0.0000000000000
40.040039062500	0.0000000000000
40.140140533447	0.0000000000000
40.240242004395	0.0000000000000
40.340339660645	0.0000000000000
40.440441131592	0.0000000000000
40.540538787842	0.0000000000000
40.640640258789	0.0000000000000
40.740741729736	0.0000000000000
40.840839385986	0.0000000000000
40.940940856934	0.0000000000000
41.041042327881	0.0000000000000
41.141139984131	0.0000000000000
41.241241455078	0.0000000000000
41.341342926025	0.0000000000000
41.441440582275	0.0000000000000
41.541542053223	0.0000000000000
41.641643524170	0.0000000000000
41.741741180420	0.0000000000000
41.841842651367	0.0000000000000
41.941940307617	0.0000000000000
42.042041778564	0.0000000000000
42.142143249512	0.0000000000000
42.242240905762	0.0000000000000
42.342342376709	0.0000000000000
42.442443847656	0.0000000000000
42.542541503906	0.0000000000000
42.642642974854	0.0000000000000
42.742744445801	0.0000000000000
42.842842102051	0.0000000000000
42.942943572998	0.0000000000000
43.043041229248	0.0000000000000
43.143142700195	0.0000000000000
43.243244171143	0.0000000000000
43.343341827393	0.0000000000000
43.443443298340	0.0000000000000
43.543544769287	0.0000000000000
43.643642425537	0.0000000000000
43.743743896484	0.0000000000000
43.843845367432	0.0000000000000
43.943943023682	0.0000000000000
44.044044494629	0.0000000000000
44.144145965576	0.0000000000000
44.244243621826	0.0000000000000
44.344345092773	0.0000000000000
44.444442749023	0.0000000000000
44.544544219971	0.0000000000000
44.644645690918	0.0000000000000
44.744743347168	0.0000000000000
44.844844818115	0.0000000000000
44.944946289062	0.0000000000000
45.045043945312	0.0000000000000
45.145145416260	0.0000000000000
45.245246887207	0.0000000000000
45.345344543457	0.0000000000000
45.445446014404	0.0000000000000
45.545543670654	0.0000000000000
45.645645141602	0.0000000000000
45.745746612549	0.0000000000000
45.845844268799	0.0000000000000
45.945945739746	0.0000000000000
46.046047210693	0.0000000000000
46.146144866943	0.0000000000000
46.246246337891	0.0000000000000
46.346347808838	0.0000000000000
46.446445465088	0.0000000000000
46.546546936035	0.0000000000000
46.646648406982	0.0000000000000
46.746746063232	0.0000000000000
46.846847534180	0.0000000000000
46.946945190430	0.0000000000000
47.047046661377	0.0000000000000
47.147148132324	0.0000000000000
47.247245788574	0.0000000000000
47.347347259521	0.0000000000000
47.447448730469	0.0000000000000
47.547546386719	0.0000000000000
47.647647857666	0.0000000000000
47.747749328613	0.0000000000000
47.847846984863	0.0000000000000
47.947948455811	0.0000000000000
48.048049926758	0.0000000000000
48.148147583008	0.0000000000000
48.248249053955	0.0000000000000
48.348346710205	0.0000000000000
48.448448181152	0.0000000000000
48.548549652100	0.0000000000000
48.648647308350	0.0000000000000
48.748748779297	0.0000000000000
48.848850250244	0.0000000000000
48.948947906494	0.0000000000000
49.049049377441	0.0000000000000
49.149150848389	0.0000000000000
49.249248504639	0.0000000000000
49.349349975586	0.0000000000000
49.449447631836	0.0000000000000
49.549549102783	0.0000000000000
49.649650573730	0.0000000000000
49.749748229980	0.0000000000000
49.849849700928	0.0000000000000
49.949951171875	0.0000000000000
50.050048828125	0.0000000000000
50.150150299072	0.0000000000000
50.250251770020	0.0000000000000
50.350349426270	0.0000000000000
50.450450897217	0.0000000000000
50.550552368164	0.0000000000000
50.650650024414	0.0000000000000
50.750751495361	0.0000000000000
50.850849151611	0.0000000000000
50.950950622559	0.0000000000000
51.051052093506	0.0000000000000
51.151149749756	0.0000000000000
51.251251220703	0.0000000000000
51.351352691650	0.0000000000000
51.451450347900	0.0000000000000
51.551551818848	0.0000000000000
51.651653289795	0.0000000000000
51.751750946045	0.0000000000000
51.851852416992	0.0000000000000
51.951950073242	0.0000000000000
52.052051544189	0.0000000000000
52.152153015137	0.0000000000000
52.252250671387	0.0000000000000
52.352352142334	0.0000000000000
52.452453613281	0.0000000000000
52.552551269531	0.0000000000000
52.652652740479	0.0000000000000
52.752754211426	0.0000000000000
52.852851867676	0.0000000000000
52.952953338623	0.0000000000000
53.053054809570	0.0000000000000
53.153152465820	0.0000000000000
53.253253936768	0.0000000000000
53.353351593018	0.0000000000000
53.453453063965	0.0000000000000
53.553554534912	0.0000000000000
53.653652191162	0.0000000000000
53.753753662109	0.0000000000000
53.853855133057	0.0000000000000
53.953952789307	0.0000000000000
54.054054260254	0.0000000000000
54.154155731201	0.0000000000000
54.254253387451	0.0000000000000
54.354354858398	0.0000000000000
54.454456329346	0.0000000000000
54.554553985596	0.0000000000000
54.654655456543	0.0000000000000
54.754753112793	0.0000000000000
54.854854583740	0.0000000000000
54.954956054688	0.0000000000000
55.055053710938	0.0000000000000
55.155155181885	0.0000000000000
55.255256652832	0.0000000000000
55.355354309082	0.0000000000000
55.455455780029	0.0000000000000
55.555557250977	0.0000000000000
55.655654907227	0.0000000000000
55.755756378174	0.0000000000000
55.855854034424	0.0000000000000
55.955955505371	0.0000000000000
56.056056976318	0.0000000000000
56.156154632568	0.0000000000000
56.256256103516	0.0000000000000
56.356357574463	0.0000000000000
56.456455230713	0.0000000000000
56.556556701660	0.0000000000000
56.656658172607	0.0000000000000
56.756755828857	0.0000000000000
56.856857299805	0.0000000000000
56.956958770752	0.0000000000000
57.057056427002	0.0000000000000
57.157157897949	0.0000000000000
57.257255554199	0.0000000000000
57.357357025146	0.0000000000000
57.457458496094	0.0000000000000
57.557556152344	0.0000000000000
57.657657623291	0.0000000000000
57.757759094238	0.0000000000000
57.857856750488	0.0000000000000
57.957958221436	0.0000000000000
58.058059692383	0.0000000000000
58.158157348633	0.0000000000000
58.258258819580	0.0000000000000
58.358356475830	0.0000000000000
58.458457946777	0.0000000000000
58.558559417725	0.0000000000000
58.658657073975	0.0000000000000
58.758758544922	0.0000000000000
58.858860015869	0.0000000000000
58.958957672119	0.0000000000000
59.059059143066	0.0000000000000
59.159160614014	0.0000000000000
59.259258270264	0.0000000000000
59.359359741211	0.0000000000000
59.459461212158	0.0000000000000
59.559558868408	0.0000000000000
59.659660339355	0.0000000000000
59.759757995605	0.0000000000000
59.859859466553	0.0000000000000
59.959960937500	0.0000000000000
60.060058593750	0.0000000000000
60.160160064697	0.0000000000000
60.260261535645	0.0000000000000
60.360359191895	0.0000000000000
60.460460662842	0.0000000000000
60.560562133789	0.0000000000000
60.660659790039	0.0000000000000
60.760761260986	0.0000000000000
60.860862731934	0.0000000000000
60.960960388184	0.0000000000000
61.061061859131	0.0000000000000
61.161159515381	0.0000000000000
61.261260986328	0.0000000000000
61.361362457275	0.0000000000000
61.461460113525	0.0000000000000
61.561561584473	0.0000000000000
61.661663055420	0.0000000000000
61.761760711670	0.0000000000000
61.861862182617	0.0000000000000
61.961963653564	0.0000000000000
62.062061309814	0.0000000000000
62.162162780762	0.0000000000000
62.262260437012	0.0000000000000
62.362361907959	0.0000000000000
62.462463378906	0.0000000000000
62.562561035156	0.0000000000000
62.662662506104	0.0000000000000
62.762763977051	0.0000000000000
62.862861633301	0.0000000000000
62.962963104248	0.0000000000000
63.063064575195	0.0000000000000
63.163162231445	0.0000000000000
63.263263702393	0.0000000000000
63.363365173340	0.0000000000000
63.463462829590	0.0000000000000
63.563564300537	0.0000000000000
63.663661956787	0.0000000000000
63.763763427734	0.0000000000000
63.863864898682	0.0000000000000
63.963962554932	0.0000000000000
64.064064025879	0.0000000000000
64.164161682129	0.0000000000000
64.264266967773	0.0000000000000
64.364364624023	0.0000000000000
64.464462280273	0.0000000000000
64.564567565918	0.0000000000000
64.664665222168	0.0000000000000
64.764762878418	0.0000000000000
64.864868164062	0.0000000000000
64.964965820312	0.0000000000000
65.065063476562	0.0000000000000
65.165168762207	0.0000000000000
65.265266418457	0.0000000000000
65.365364074707	0.0000000000000
65.465461730957	0.0000000000000
65.565567016602	0.0000000000000
65.665664672852	0.0000000000000
65.765762329102	0.0000000000000
65.865867614746	0.0000000000000
65.965965270996	0.0000000000000
66.066062927246	0.0000000000000
66.166168212891	0.0000000000000
66.266265869141	0.0000000000000
66.366363525391	0.0000000000000
66.466468811035	0.0000000000000
66.566566467285	0.0000000000000
66.666664123535	0.0000000000000
66.766769409180	0.0000000000000
66.866867065430	0.0000000000000
66.966964721680	0.0000000000000
67.067070007324	0.0000000000000
67.167167663574	0.0000000000000
67.267265319824	0.0000000000000
67.367370605469	0.0000000000000
67.467468261719	0.0000000000000
67.567565917969	0.0000000000000
67.667671203613	0.0000000000000
67.767768859863	0.0000000000000
67.867866516113	0.0000000000000
67.967964172363	0.0000000000000
68.068069458008	0.0000000000000
68.168167114258	0.0000000000000
68.268264770508	0.0000000000000
68.368370056152	0.0000000000000
68.468467712402	0.0000000000000
68.568565368652	0.0000000000000
68.668670654297	0.0000000000000
68.768768310547	0.0000000000000
68.868865966797	0.0000000000000
68.968971252441	0.0000000000000
69.069068908691	0.0000000000000
69.169166564941	0.0000000000000
69.269271850586	0.0000000000000
69.369369506836	0.0000000000000
69.469467163086	0.0000000000000
69.569572448730	0.0000000000000
69.669670104980	0.0000000000000
69.769767761230	0.0000000000000
69.869873046875	0.0000000000000
69.969970703125	0.0000000000000
70.070068359375	0.0000000000000
70.170173645020	0.0000000000000
70.270271301270	0.0000000000000
70.370368957520	0.0000000000000
70.470474243164	0.0000000000000
70.570571899414	0.0000000000000
70.670669555664	0.0000000000000
70.770767211914	0.0000000000000
70.870872497559	0.0000000000000
70.970970153809	0.0000000000000
71.071067810059	0.0000000000000
71.171173095703	0.0000000000000
71.271270751953	0.0000000000000
71.371368408203	0.0000000000000
71.471473693848	0.0000000000000
71.571571350098	0.0000000000000
71.671669006348	0.0000000000000
71.771774291992	0.0000000000000
71.871871948242	0.0000000000000
71.971969604492	0.0000000000000
72.072074890137	0.0000000000000
72.172172546387	0.0000000000000
72.272270202637	0.0000000000000
72.372375488281	0.0000000000000
72.472473144531	0.0000000000000
72.572570800781	0.0000000000000
72.672676086426	0.0000000000000
72.772773742676	0.0000000000000
72.872871398926	0.0000000000000
72.972976684570	1.4012984643248e-45
73.073074340820	2.8025969286496e-45
73.173171997070	4.2038953929745e-45
73.273269653320	9.8090892502737e-45
73.373374938965	1.9618178500547e-44
73.473472595215	4.2038953929745e-44
73.573570251465	8.6880504788139e-44
73.673675537109	1.8216880036223e-43
73.773773193359	3.7554798843905e-43
73.873870849609	7.7772064770027e-43
73.973976135254	1.6016841447233e-42
74.074073791504	3.2916500926990e-42
74.174171447754	6.7472521057240e-42
74.274276733398	1.3788776888956e-41
74.374374389648	2.8098836806641e-41
74.474472045898	5.7105715018165e-41
74.574577331543	1.1574024666091e-40
74.674674987793	2.3391314745588e-40
74.774772644043	4.7143463845741e-40
74.874877929688	9.4755662027798e-40
74.974975585938	1.8991573879240e-39
75.075073242188	3.7958709113262e-39
75.175178527832	7.5662227763186e-39
75.275276184082	1.5038987352858e-38
75.375373840332	2.9809359803089e-38
75.475479125977	5.8925581333784e-38
75.575576782227	1.1615210509515e-37
75.675674438477	2.2832050923283e-37
75.775772094727	4.4756629929379e-37
75.875877380371	8.7495677056055e-37
75.975975036621	1.7056430922544e-36
76.076072692871	3.3157700938564e-36
76.176177978516	6.4283139744337e-36
76.276275634766	1.2427462021236e-35
76.376373291016	2.3958654082788e-35
76.476478576660	4.6063677552250e-35
76.576576232910	8.8313627839206e-35
76.676673889160	1.6884626367769e-34
76.776779174805	3.2193716075789e-34
76.876876831055	6.1210227041648e-34
76.976974487305	1.1605703480126e-33
77.077079772949	2.1944951387196e-33
77.177177429199	4.1378168893692e-33
77.277275085449	7.7804104983645e-33
77.377380371094	1.4589793602657e-32
77.477478027344	2.7281584067966e-32
77.577575683594	5.0872674234166e-32
77.677680969238	9.4605131295209e-32
77.777778625488	1.7543605488635e-31
77.877876281738	3.2442748356000e-31
77.977981567383	5.9831684445555e-31
78.078079223633	1.1003203586126e-30
78.178176879883	2.0179094621131e-30
78.278274536133	3.6904458945761e-30
78.378379821777	6.7308580833169e-30
78.478477478027	1.2241559049011e-29
78.578575134277	2.2202284403868e-29
78.678680419922	4.0158061799232e-29
78.778778076172	7.2430722423318e-29
78.878875732422	1.3027691904559e-28
78.978981018066	2.3368244498686e-28
79.079078674316	4.1798423879262e-28
79.179176330566	7.4556980378283e-28
79.279281616211	1.3262652709620e-27
79.379379272461	2.3525993087088e-27
79.479476928711	4.1615983424525e-27
79.579582214355	7.3415155255119e-27
79.679679870605	1.2914780843043e-26
79.779777526855	2.2655988131078e-26
79.879882812500	3.9636202167777e-26
79.979980468750	6.9147602647148e-26
80.080078125000	1.2029756560881e-25
80.180183410645	2.0871292330266e-25
80.280281066895	3.6109230328735e-25
80.380378723145	6.2299086976949e-25
80.480484008789	1.0719084381417e-24
80.580581665039	1.8391211265788e-24
80.680679321289	3.1467160582591e-24
80.780776977539	5.3690740956338e-24
80.880882263184	9.1359440826320e-24
80.980979919434	1.5501881982671e-23
81.081077575684	2.6230708993482e-23
81.181182861328	4.4263679589548e-23
81.281280517578	7.4483880639508e-23
81.381378173828	1.2498896460229e-22
81.481483459473	2.0916674669839e-22
81.581581115723	3.4905282569214e-22
81.681678771973	5.8087713433609e-22
81.781784057617	9.6402599247772e-22
81.881881713867	1.5954053203902e-21
81.981979370117	2.6329821288288e-21
82.082084655762	4.3334707899882e-21
82.182182312012	7.1121667613906e-21
82.282279968262	1.1640256832082e-20
82.382385253906	1.8999143135864e-20
82.482482910156	3.0923155229795e-20
82.582580566406	5.0191274236406e-20
82.682685852051	8.1242474440085e-20
82.782783508301	1.3113441592350e-19
82.882881164551	2.1107892766021e-19
82.982986450195	3.3883111838125e-19
83.083084106445	5.4237617549521e-19
83.183181762695	8.6578993972819e-19
83.283287048340	1.3782703603197e-18
83.383384704590	2.1879404898831e-18
83.483482360840	3.4636275295492e-18
83.583580017090	5.4679120031593e-18
83.683685302734	8.6083792993332e-18
83.783782958984	1.3514527305909e-17
83.883880615234	2.1158016137130e-17
83.983985900879	3.3033785325828e-17
84.084083557129	5.1430593168917e-17
84.184181213379	7.9850815024178e-17
84.284286499023	1.2363637005259e-16
84.384384155273	1.9089441242438e-16
84.484481811523	2.9392384729881e-16
84.584587097168	4.5132059481857e-16
84.684684753418	6.9106024740733e-16
84.784782409668	1.0552157521184e-15
84.884887695312	1.6068491353913e-15
84.984985351562	2.4399986832445e-15
85.085083007812	3.6948661361405e-15
85.185188293457	5.5797664360831e-15
85.285285949707	8.4026117295089e-15
85.385383605957	1.2618483596341e-14
85.485488891602	1.8897657418949e-14
85.585586547852	2.8222143385833e-14
85.685684204102	4.2030699802737e-14
85.785789489746	6.2423902310281e-14
85.885887145996	9.2452080875920e-14
85.985984802246	1.3654539738478e-13
86.086082458496	2.0110927083806e-13
86.186187744141	2.9538906585504e-13
86.286285400391	4.3265185271230e-13
86.386383056641	6.3194214401305e-13
86.486488342285	9.2049859488214e-13
86.586585998535	1.3370604536739e-12
86.686683654785	1.9367500225104e-12
86.786788940430	2.7977108477129e-12
86.886886596680	4.0300878953459e-12
86.986984252930	5.7892297726514e-12
87.087089538574	8.2934180356542e-12
87.187187194824	1.1847561993961e-11
87.287284851074	1.6877924405301e-11
87.387390136719	2.3978128510516e-11
87.487487792969	3.3969917156984e-11
87.587585449219	4.7991940282932e-11
87.687690734863	6.7615774090868e-11
87.787788391113	9.4997239241668e-11
87.887886047363	1.3309708890574e-10
87.987991333008	1.8596524320458e-10
88.088088989258	2.5910659728900e-10
88.188186645508	3.6001435166355e-10
88.288291931152	4.9884602004724e-10
88.388389587402	6.8928207586083e-10
88.488487243652	9.4977792297612e-10
88.588584899902	1.3050940328441e-09
88.688690185547	1.7884076441987e-09
88.788787841797	2.4438544521388e-09
88.888885498047	3.3302651747391e-09
88.988990783691	4.5257131375820e-09
89.089088439941	6.1330940326343e-09
89.189186096191	8.2883264695965e-09
89.289291381836	1.1170137703687e-08
89.389389038086	1.5011874410220e-08
89.489486694336	2.0118976706840e-08
89.589591979980	2.6889397375385e-08
89.689689636230	3.5837789624793e-08
89.789787292480	4.7631687039029e-08
89.889892578125	6.3132738148397e-08
89.989990234375	8.3444646747921e-08
90.090087890625	1.0998589772271e-07
90.190193176270	1.4457032193604e-07
90.290290832520	1.8949894808884e-07
90.390388488770	2.4770173467914e-07
90.490493774414	3.2289005957864e-07
90.590591430664	4.1972620579145e-07
90.690689086914	5.4409173344538e-07
90.790794372559	7.0336574253815e-07
90.890892028809	9.0672671149150e-07
90.990989685059	1.1656446758934e-06
91.091087341309	1.4943440191928e-06
91.191192626953	1.9104588773189e-06
91.291290283203	2.4356297672057e-06
91.391387939453	3.0965595669841e-06
91.491493225098	3.9259975892492e-06
91.591590881348	4.9637205847830e-06
91.691688537598	6.2583417275164e-06
91.791793823242	7.8688881330891e-06
91.891891479492	9.8663022072287e-06
91.991989135742	1.2336447980488e-05
92.092094421387	1.5382527635666e-05
92.192192077637	1.9127248378936e-05
92.292289733887	2.3717666408629e-05
92.392395019531	2.9328713935683e-05
92.492492675781	3.6166093195789e-05
92.592590332031	4.4473857997218e-05
92.692695617676	5.4539275879506e-05
92.792793273926	6.6696295107249e-05
92.892890930176	8.1337100709789e-05
92.992996215820	9.8918309959117e-05
93.093093872070	0.00011996451939922
93.193191528320	0.00014508534513880
93.293296813965	0.00017498267698102
93.393394470215	0.00021045289759059
93.493492126465	0.00025241167168133
93.593589782715	0.00030189679819159
93.693695068359	0.00036008749157190
93.793792724609	0.00042829822632484
93.893890380859	0.00050801807083189
93.993995666504	0.00060091377235949
94.094093322754	0.00070881709689274
94.194190979004	0.00083377870032564
94.294296264648	0.00097806402482092
94.394393920898	0.0011441238457337
94.494491577148	0.0013346686027944
94.594596862793	0.0015526494244114
94.694694519043	0.0018012041691691
94.794792175293	0.0020837571937591
94.894897460938	0.0024039782583714
94.994995117188	0.0027656920719892
95.095092773438	0.0031730122864246
95.195198059082	0.0036302679218352
95.295295715332	0.0041418629698455
95.395393371582	0.0047124573029578
95.495498657227	0.0053468476980925
95.595596313477	0.0060497671365738
95.695693969727	0.0068261222913861
95.795799255371	0.0076808268204331
95.895896911621	0.0086185168474913
95.995994567871	0.0096438787877560
96.096099853516	0.010761409066617
96.196197509766	0.011975053697824
96.296295166016	0.013288636691868
96.396392822266	0.014705439098179
96.496498107910	0.016228312626481
96.596595764160	0.017859121784568
96.696693420410	0.019599338993430
96.796798706055	0.021449655294418
96.896896362305	0.023409426212311
96.996994018555	0.025477444753051
97.097099304199	0.027651472017169
97.197196960449	0.029927641153336
97.297294616699	0.032301399856806
97.397399902344	0.034766998142004
97.497497558594	0.037316866219044
97.597595214844	0.039942733943462
97.697700500488	0.042635083198547
97.797798156738	0.045382548123598
97.897895812988	0.048173170536757
97.998001098633	0.050993882119656
98.098098754883	0.053829900920391
98.198196411133	0.056666150689125
98.298301696777	0.059486720710993
98.398399353027	0.062274362891912
98.498497009277	0.065011948347092
98.598602294922	0.067681968212128
98.698699951172	0.070266127586365
98.798797607422	0.072746761143208
98.898895263672	0.075106225907803
98.999000549316	0.077327460050583
99.099098205566	0.079393535852432
99.199195861816	0.081288889050484
99.299301147461	0.082998923957348
99.399398803711	0.084509909152985
99.499496459961	0.085809901356697
99.599601745605	0.086888477206230
99.699699401855	0.087736666202545
99.799797058105	0.088347584009171
99.899902343750	0.088716201484203
100.00000000000	0.088839396834373
#
#"Secondary Electron Energy @ Incident Angle 0° / eV"	"Rediff [Real]"
#--------------------------------------------------------------------
0.0000000000000	0.0000000000000
0.10010010004044	0.00060025532729924
0.20020020008087	0.00079204165376723
0.30030030012131	0.00093150360044092
0.40040040016174	0.0010451052803546
0.50050050020218	0.0011426784330979
0.60060060024261	0.0012291263556108
0.70070070028305	0.0013072999427095
0.80080080032349	0.0013790245866403
0.90090090036392	0.0014455496566370
1.0010010004044	0.0015077731804922
1.1011011600494	0.0015663654776290
1.2012012004852	0.0016218419186771
1.3013013601303	0.0016746087931097
1.4014014005661	0.0017249926459044
1.5015015602112	0.0017732605338097
1.6016016006470	0.0018196338787675
1.7017017602921	0.0018642991781235
1.8018018007278	0.0019074142910540
1.9019019603729	0.0019491150742397
2.0020020008087	0.0019895187579095
2.1021020412445	0.0020287276711315
2.2022023200989	0.0020668315701187
2.3023023605347	0.0021039100829512
2.4024024009705	0.0021400332916528
2.5025024414062	0.0021752642933279
2.6026027202606	0.0022096596658230
2.7027027606964	0.0022432699333876
2.8028028011322	0.0022761414293200
2.9029028415680	0.0023083158303052
3.0030031204224	0.0023398313205689
3.1031031608582	0.0023707223590463
3.2032032012939	0.0024010213091969
3.3033032417297	0.0024307572748512
3.4034035205841	0.0024599574971944
3.5035035610199	0.0024886466562748
3.6036036014557	0.0025168482679874
3.7037036418915	0.0025445835199207
3.8038039207458	0.0025718726683408
3.9039039611816	0.0025987343396991
4.0040040016174	0.0026251857634634
4.1041040420532	0.0026512432377785
4.2042040824890	0.0026769221294671
4.3043041229248	0.0027022368740290
4.4044046401978	0.0027272007428110
4.5045046806335	0.0027518265414983
4.6046047210693	0.0027761259116232
4.7047047615051	0.0028001104947180
4.8048048019409	0.0028237907681614
4.9049048423767	0.0028471769765019
5.0050048828125	0.0028702784329653
5.1051049232483	0.0028931042179465
5.2052054405212	0.0029156634118408
5.3053054809570	0.0029379634652287
5.4054055213928	0.0029600125271827
5.5055055618286	0.0029818178154528
5.6056056022644	0.0030033865477890
5.7057056427002	0.0030247254762799
5.8058056831360	0.0030458408873528
5.9059057235718	0.0030667390674353
6.0060062408447	0.0030874258372933
6.1061062812805	0.0031079065520316
6.2062063217163	0.0031281870324165
6.3063063621521	0.0031482719350606
6.4064064025879	0.0031681666150689
6.5065064430237	0.0031878757290542
6.6066064834595	0.0032074034679681
6.7067065238953	0.0032267547212541
6.8068070411682	0.0032459334470332
6.9069070816040	0.0032649433705956
7.0070071220398	0.0032837889157236
7.1071071624756	0.0033024738077074
7.2072072029114	0.0033210010733455
7.3073072433472	0.0033393749035895
7.4074072837830	0.0033575980924070
7.5075073242188	0.0033756741322577
7.6076078414917	0.0033936062827706
7.7077078819275	0.0034113975707442
7.8078079223633	0.0034290503244847
7.9079079627991	0.0034465680364519
8.0080080032349	0.0034639532677829
8.1081085205078	0.0034812085796148
8.2082080841064	0.0034983363002539
8.3083086013794	0.0035153394564986
8.4084081649780	0.0035322199109942
8.5085086822510	0.0035489804577082
8.6086082458496	0.0035656227264553
8.7087087631226	0.0035821497440338
8.8088092803955	0.0035985629074275
8.9089088439941	0.0036148645449430
9.0090093612671	0.0036310567520559
9.1091089248657	0.0036471411585808
9.2092094421387	0.0036631200928241
9.3093090057373	0.0036789949517697
9.4094095230103	0.0036947680637240
9.5095090866089	0.0037104403600097
9.6096096038818	0.0037260144017637
9.7097101211548	0.0037414911203086
9.8098096847534	0.0037568726111203
9.9099102020264	0.0037721600383520
10.010009765625	0.0037873550318182
10.110110282898	0.0038024594541639
10.210209846497	0.0038174740038812
10.310310363770	0.0038324007764459
10.410410881042	0.0038472407031804
10.510510444641	0.0038619954138994
10.610610961914	0.0038766658399254
10.710710525513	0.0038912536110729
10.810811042786	0.0039057598914951
10.910910606384	0.0039201853796840
11.011011123657	0.0039345324039459
11.111110687256	0.0039488007314503
11.211211204529	0.0039629922248423
11.311311721802	0.0039771082811058
11.411411285400	0.0039911493659019
11.511511802673	0.0040051164105535
11.611611366272	0.0040190112777054
11.711711883545	0.0040328344330192
11.811811447144	0.0040465863421559
11.911911964417	0.0040602688677609
12.012012481689	0.0040738829411566
12.112112045288	0.0040874285623431
12.212212562561	0.0041009075939655
12.312312126160	0.0041143200360239
12.412412643433	0.0041276672855020
12.512512207031	0.0041409502737224
12.612612724304	0.0041541699320078
12.712712287903	0.0041673262603581
12.812812805176	0.0041804211214185
12.912913322449	0.0041934545151889
13.013012886047	0.0042064269073308
13.113113403320	0.0042193401604891
13.213212966919	0.0042321942746639
13.313313484192	0.0042449901811779
13.413413047791	0.0042577283456922
13.513513565063	0.0042704096995294
13.613614082336	0.0042830347083509
13.713713645935	0.0042956043034792
13.813814163208	0.0043081189505756
13.913913726807	0.0043205791153014
14.014014244080	0.0043329857289791
14.114113807678	0.0043453392572701
14.214214324951	0.0043576401658356
14.314313888550	0.0043698893859982
14.414414405823	0.0043820873834193
14.514514923096	0.0043942346237600
14.614614486694	0.0044063315726817
14.714715003967	0.0044183791615069
14.814814567566	0.0044303773902357
14.914915084839	0.0044423271901906
15.015014648438	0.0044542290270329
15.115115165710	0.0044660833664238
15.215215682983	0.0044778906740248
15.315315246582	0.0044896509498358
15.415415763855	0.0045013660565019
15.515515327454	0.0045130350627005
15.615615844727	0.0045246593654156
15.715715408325	0.0045362384989858
15.815815925598	0.0045477738603950
15.915915489197	0.0045592654496431
16.016016006470	0.0045707137323916
16.116115570068	0.0045821191743016
16.216217041016	0.0045934822410345
16.316316604614	0.0046048033982515
16.416416168213	0.0046160826459527
16.516515731812	0.0046273204497993
16.616617202759	0.0046385182067752
16.716716766357	0.0046496749855578
16.816816329956	0.0046607921831310
16.916917800903	0.0046718697994947
17.017017364502	0.0046829078346491
17.117116928101	0.0046939067542553
17.217216491699	0.0047048674896359
17.317317962646	0.0047157900407910
17.417417526245	0.0047266748733819
17.517517089844	0.0047375219874084
17.617618560791	0.0047483323141932
17.717718124390	0.0047591053880751
17.817817687988	0.0047698421403766
17.917917251587	0.0047805430367589
18.018018722534	0.0047912080772221
18.118118286133	0.0048018377274275
18.218217849731	0.0048124315217137
18.318317413330	0.0048229908570647
18.418418884277	0.0048335161991417
18.518518447876	0.0048440066166222
18.618618011475	0.0048544630408287
18.718719482422	0.0048648859374225
18.818819046021	0.0048752757720649
18.918918609619	0.0048856320790946
19.019018173218	0.0048959553241730
19.119119644165	0.0049062464386225
19.219219207764	0.0049165054224432
19.319318771362	0.0049267322756350
19.419420242310	0.0049369274638593
19.519519805908	0.0049470905214548
19.619619369507	0.0049572228454053
19.719718933105	0.0049673244357109
19.819820404053	0.0049773948267102
19.919919967651	0.0049874349497259
20.020019531250	0.0049974448047578
20.120121002197	0.0050074248574674
20.220220565796	0.0050173751078546
20.320320129395	0.0050272960215807
20.420419692993	0.0050371871329844
20.520521163940	0.0050470498390496
20.620620727539	0.0050568832084537
20.720720291138	0.0050666881725192
20.820821762085	0.0050764647312462
20.920921325684	0.0050862128846347
21.021020889282	0.0050959335640073
21.121120452881	0.0051056258380413
21.221221923828	0.0051152915693820
21.321321487427	0.0051249293610454
21.421421051025	0.0051345396786928
21.521520614624	0.0051441239193082
21.621622085571	0.0051536811515689
21.721721649170	0.0051632113754749
21.821821212769	0.0051727159880102
21.921922683716	0.0051821940578520
22.022022247314	0.0051916465163231
22.122121810913	0.0052010728977621
22.222221374512	0.0052104736678302
22.322322845459	0.0052198492921889
22.422422409058	0.0052291997708380
22.522521972656	0.0052385251037776
22.622623443604	0.0052478257566690
22.722723007202	0.0052571017295122
22.822822570801	0.0052663530223072
22.922922134399	0.0052755801007152
23.023023605347	0.0052847829647362
23.123123168945	0.0052939620800316
23.223222732544	0.0053031169809401
23.323324203491	0.0053122485987842
23.423423767090	0.0053213569335639
23.523523330688	0.0053304415196180
23.623622894287	0.0053395028226078
23.723724365234	0.0053485413081944
23.823823928833	0.0053575569763780
23.923923492432	0.0053665502928197
24.024024963379	0.0053755207918584
24.124124526978	0.0053844684734941
24.224224090576	0.0053933942690492
24.324323654175	0.0054022977128625
24.424425125122	0.0054111797362566
24.524524688721	0.0054200394079089
24.624624252319	0.0054288776591420
24.724723815918	0.0054376944899559
24.824825286865	0.0054464899003506
24.924924850464	0.0054552638903260
25.025024414062	0.0054640169255435
25.125125885010	0.0054727490060031
25.225225448608	0.0054814601317048
25.325325012207	0.0054901503026485
25.425424575806	0.0054988199844956
25.525526046753	0.0055074696429074
25.625625610352	0.0055160983465612
25.725725173950	0.0055247074924409
25.825826644897	0.0055332961492240
25.925926208496	0.0055418647825718
26.026025772095	0.0055504138581455
26.126125335693	0.0055589429102838
26.226226806641	0.0055674528703094
26.326326370239	0.0055759428068995
26.426425933838	0.0055844136513770
26.526527404785	0.0055928654037416
26.626626968384	0.0056012980639935
26.726726531982	0.0056097116321325
26.826826095581	0.0056181061081588
26.926927566528	0.0056264819577336
27.027027130127	0.0056348391808569
27.127126693726	0.0056431777775288
27.227228164673	0.0056514982134104
27.327327728271	0.0056598000228405
27.427427291870	0.0056680836714804
27.527526855469	0.0056763491593301
27.627628326416	0.0056845969520509
27.727727890015	0.0056928261183202
27.827827453613	0.0057010380551219
27.927927017212	0.0057092322967947
28.028028488159	0.0057174088433385
28.128128051758	0.0057255676947534
28.228227615356	0.0057337093167007
28.328329086304	0.0057418337091804
28.428428649902	0.0057499408721924
28.528528213501	0.0057580308057368
28.628627777100	0.0057661035098135
28.728729248047	0.0057741594500840
28.828828811646	0.0057821986265481
28.928928375244	0.0057902215048671
29.029029846191	0.0057982271537185
29.129129409790	0.0058062165044248
29.229228973389	0.0058141890913248
29.329328536987	0.0058221458457410
29.429430007935	0.0058300858363509
29.529529571533	0.0058380099944770
29.629629135132	0.0058459178544581
29.729730606079	0.0058538098819554
29.829830169678	0.0058616856113076
29.929929733276	0.0058695459738374
30.030029296875	0.0058773900382221
30.130130767822	0.0058852192014456
30.230230331421	0.0058930320665240
30.330329895020	0.0059008295647800
30.430431365967	0.0059086116962135
30.530530929565	0.0059163789264858
30.630630493164	0.0059241303242743
30.730730056763	0.0059318663552403
30.830831527710	0.0059395879507065
30.930931091309	0.0059472941793501
31.031030654907	0.0059549855068326
31.131130218506	0.0059626619331539
31.231231689453	0.0059703234583139
31.331331253052	0.0059779705479741
31.431430816650	0.0059856027364731
31.531532287598	0.0059932204894722
31.631631851196	0.0060008238069713
31.731731414795	0.0060084122233093
31.831830978394	0.0060159866698086
31.931932449341	0.0060235471464694
32.032032012939	0.0060310927219689
32.132133483887	0.0060386247932911
32.232231140137	0.0060461424291134
32.332332611084	0.0060536460950971
32.432434082031	0.0060611362569034
32.532531738281	0.0060686119832098
32.632633209229	0.0060760742053390
32.732730865479	0.0060835224576294
32.832832336426	0.0060909572057426
32.932933807373	0.0060983789153397
33.033031463623	0.0061057861894369
33.133132934570	0.0061131804250181
33.233234405518	0.0061205616220832
33.333332061768	0.0061279288493097
33.433433532715	0.0061352830380201
33.533535003662	0.0061426241882145
33.633632659912	0.0061499522998929
33.733734130859	0.0061572669073939
33.833835601807	0.0061645689420402
33.933933258057	0.0061718574725091
34.034034729004	0.0061791338957846
34.134132385254	0.0061863968148828
34.234233856201	0.0061936471611261
34.334335327148	0.0062008849345148
34.434432983398	0.0062081101350486
34.534534454346	0.0062153222970665
34.634635925293	0.0062225223518908
34.734733581543	0.0062297098338604
34.834835052490	0.0062368847429752
34.934936523438	0.0062440475448966
35.035034179688	0.0062511977739632
35.135135650635	0.0062583358958364
35.235237121582	0.0062654619105160
35.335334777832	0.0062725758180022
35.435436248779	0.0062796776182950
35.535533905029	0.0062867668457329
35.635635375977	0.0062938448973000
35.735736846924	0.0063009108416736
35.835834503174	0.0063079642131925
35.935935974121	0.0063150064088404
36.036037445068	0.0063220369629562
36.136135101318	0.0063290554098785
36.236236572266	0.0063360626809299
36.336338043213	0.0063430578447878
36.436435699463	0.0063500418327749
36.536537170410	0.0063570141792297
36.636634826660	0.0063639748841524
36.736736297607	0.0063709244132042
36.836837768555	0.0063778627663851
36.936935424805	0.0063847894780338
37.037036895752	0.0063917050138116
37.137138366699	0.0063986093737185
37.237236022949	0.0064055025577545
37.337337493896	0.0064123845659196
37.437438964844	0.0064192558638752
37.537536621094	0.0064261155202985
37.637638092041	0.0064329644665122
37.737739562988	0.0064398027025163
37.837837219238	0.0064466302283108
37.937938690186	0.0064534465782344
38.038036346436	0.0064602522179484
38.138137817383	0.0064670471474528
38.238239288330	0.0064738313667476
38.338336944580	0.0064806048758328
38.438438415527	0.0064873676747084
38.538539886475	0.0064941202290356
38.638637542725	0.0065008620731533
38.738739013672	0.0065075936727226
38.838840484619	0.0065143145620823
38.938938140869	0.0065210252068937
39.039039611816	0.0065277251414955
39.139137268066	0.0065344152972102
39.239238739014	0.0065410947427154
39.339340209961	0.0065477644093335
39.439437866211	0.0065544238314033
39.539539337158	0.0065610730089247
39.639640808105	0.0065677119418979
39.739738464355	0.0065743410959840
39.839839935303	0.0065809600055218
39.939941406250	0.0065875691361725
40.040039062500	0.0065941680222750
40.140140533447	0.0066007575951517
40.240242004395	0.0066073369234800
40.340339660645	0.0066139064729214
40.440441131592	0.0066204662434757
40.540538787842	0.0066270162351429
40.640640258789	0.0066335564479232
40.740741729736	0.0066400873474777
40.840839385986	0.0066466084681451
40.940940856934	0.0066531198099256
41.041042327881	0.0066596218384802
41.141139984131	0.0066661140881479
41.241241455078	0.0066725974902511
41.341342926025	0.0066790711134672
41.441440582275	0.0066855349577963
41.541542053223	0.0066919899545610
41.641643524170	0.0066984351724386
41.741741180420	0.0067048715427518
41.841842651367	0.0067112981341779
41.941940307617	0.0067177158780396
42.042041778564	0.0067241243086755
42.142143249512	0.0067305238917470
42.242240905762	0.0067369141615927
42.342342376709	0.0067432951182127
42.442443847656	0.0067496672272682
42.542541503906	0.0067560304887593
42.642642974854	0.0067623844370246
42.742744445801	0.0067687300033867
42.842842102051	0.0067750662565231
42.942943572998	0.0067813936620951
43.043041229248	0.0067877117544413
43.143142700195	0.0067940219305456
43.243244171143	0.0068003227934241
43.343341827393	0.0068066148087382
43.443443298340	0.0068128984421492
43.543544769287	0.0068191732279956
43.643642425537	0.0068254396319389
43.743743896484	0.0068316971883178
43.843845367432	0.0068379463627934
43.943943023682	0.0068441862240434
44.044044494629	0.0068504186347127
44.144145965576	0.0068566417321563
44.244243621826	0.0068628569133580
44.344345092773	0.0068690632469952
44.444442749023	0.0068752611987293
44.544544219971	0.0068814512342215
44.644645690918	0.0068876324221492
44.744743347168	0.0068938056938350
44.844844818115	0.0068999705836177
44.944946289062	0.0069061270914972
45.045043945312	0.0069122752174735
45.145145416260	0.0069184154272079
45.245246887207	0.0069245477207005
45.345344543457	0.0069306711666286
45.445446014404	0.0069367871619761
45.545543670654	0.0069428947754204
45.645645141602	0.0069489944726229
45.745746612549	0.0069550862535834
45.845844268799	0.0069611696526408
45.945945739746	0.0069672451354563
46.046047210693	0.0069733131676912
46.146144866943	0.0069793728180230
46.246246337891	0.0069854245521128
46.346347808838	0.0069914688356221
46.446445465088	0.0069975052028894
46.546546936035	0.0070035336539149
46.646648406982	0.0070095541886985
46.746746063232	0.0070155668072402
46.846847534180	0.0070215724408627
46.946945190430	0.0070275696925819
47.047046661377	0.0070335594937205
47.147148132324	0.0070395418442786
47.247245788574	0.0070455162785947
47.347347259521	0.0070514832623303
47.447448730469	0.0070574427954853
47.547546386719	0.0070633944123983
47.647647857666	0.0070693390443921
47.747749328613	0.0070752757601440
47.847846984863	0.0070812050253153
47.947948455811	0.0070871273055673
48.048049926758	0.0070930421352386
48.148147583008	0.0070989490486681
48.248249053955	0.0071048489771783
48.348346710205	0.0071107414551079
48.448448181152	0.0071166264824569
48.548549652100	0.0071225045248866
48.648647308350	0.0071283746510744
48.748748779297	0.0071342382580042
48.848850250244	0.0071400944143534
48.948947906494	0.0071459431201220
49.049049377441	0.0071517853066325
49.149150848389	0.0071576200425625
49.249248504639	0.0071634473279119
49.349349975586	0.0071692676283419
49.449447631836	0.0071750809438527
49.549549102783	0.0071808872744441
49.649650573730	0.0071866866201162
49.749748229980	0.0071924785152078
49.849849700928	0.0071982638910413
49.949951171875	0.0072040422819555
50.050048828125	0.0072098132222891
50.150150299072	0.0072155781090260
50.250251770020	0.0072213355451822
50.350349426270	0.0072270859964192
50.450450897217	0.0072328299283981
50.550552368164	0.0072385668754578
50.650650024414	0.0072442968375981
50.750751495361	0.0072500202804804
50.850849151611	0.0072557367384434
50.950950622559	0.0072614466771483
51.051052093506	0.0072671496309340
51.151149749756	0.0072728460654616
51.251251220703	0.0072785355150700
51.351352691650	0.0072842189110816
51.451450347900	0.0072898948565125
51.551551818848	0.0072955647483468
51.651653289795	0.0073012281209230
51.751750946045	0.0073068845085800
51.851852416992	0.0073125343769789
51.951950073242	0.0073181777261198
52.052051544189	0.0073238150216639
52.152153015137	0.0073294453322887
52.252250671387	0.0073350691236556
52.352352142334	0.0073406868614256
52.452453613281	0.0073462980799377
52.552551269531	0.0073519027791917
52.652652740479	0.0073575009591877
52.752754211426	0.0073630930855870
52.852851867676	0.0073686782270670
52.952953338623	0.0073742573149502
53.053054809570	0.0073798303492367
53.153152465820	0.0073853968642652
53.253253936768	0.0073909573256969
53.353351593018	0.0073965108022094
53.453453063965	0.0074020586907864
53.553554534912	0.0074076005257666
53.653652191162	0.0074131353758276
53.753753662109	0.0074186646379530
53.853855133057	0.0074241878464818
53.953952789307	0.0074297045357525
54.054054260254	0.0074352151714265
54.154155731201	0.0074407197535038
54.254253387451	0.0074462178163230
54.354354858398	0.0074517102912068
54.454456329346	0.0074571967124939
54.554553985596	0.0074626766145229
54.654655456543	0.0074681509286165
54.754753112793	0.0074736191891134
54.854854583740	0.0074790813960135
54.954956054688	0.0074845375493169
55.055053710938	0.0074899876490235
55.155155181885	0.0074954321607947
55.255256652832	0.0075008706189692
55.355354309082	0.0075063025578856
55.455455780029	0.0075117293745279
55.555557250977	0.0075171501375735
55.655654907227	0.0075225648470223
55.755756378174	0.0075279739685357
55.855854034424	0.0075333770364523
55.955955505371	0.0075387745164335
56.056056976318	0.0075441659428179
56.156154632568	0.0075495517812669
56.256256103516	0.0075549320317805
56.356357574463	0.0075603062286973
56.456455230713	0.0075656748376787
56.556556701660	0.0075710378587246
56.656658172607	0.0075763948261738
56.756755828857	0.0075817462056875
56.856857299805	0.0075870919972658
56.956958770752	0.0075924326665699
57.057056427002	0.0075977668166161
57.157157897949	0.0076030958443880
57.257255554199	0.0076084192842245
57.357357025146	0.0076137371361256
57.457458496094	0.0076190494000912
57.557556152344	0.0076243560761213
57.657657623291	0.0076296571642160
57.757759094238	0.0076349526643753
57.857856750488	0.0076402425765991
57.957958221436	0.0076455273665488
58.058059692383	0.0076508065685630
58.158157348633	0.0076560801826417
58.258258819580	0.0076613486744463
58.358356475830	0.0076666111126542
58.458457946777	0.0076718688942492
58.558559417725	0.0076771206222475
58.658657073975	0.0076823672279716
58.758758544922	0.0076876087114215
58.858860015869	0.0076928446069360
58.958957672119	0.0076980749145150
59.059059143066	0.0077033005654812
59.159160614014	0.0077085201628506
59.259258270264	0.0077137346379459
59.359359741211	0.0077189444564283
59.459461212158	0.0077241482213140
59.559558868408	0.0077293473295867
59.659660339355	0.0077345408499241
59.759757995605	0.0077397287823260
59.859859466553	0.0077449120581150
59.959960937500	0.0077500902116299
60.060058593750	0.0077552627772093
60.160160064697	0.0077604306861758
60.260261535645	0.0077655930072069
60.360359191895	0.0077707502059639
60.460460662842	0.0077759022824466
60.560562133789	0.0077810497023165
60.660659790039	0.0077861915342510
60.760761260986	0.0077913282439113
60.860862731934	0.0077964602969587
60.960960388184	0.0078015867620707
61.061061859131	0.0078067085705698
61.161159515381	0.0078118252567947
61.261260986328	0.0078169368207455
61.361362457275	0.0078220432624221
61.461460113525	0.0078271450474858
61.561561584473	0.0078322412446141
61.661663055420	0.0078373337164521
61.761760711670	0.0078424196690321
61.861862182617	0.0078475018963218
61.961963653564	0.0078525785356760
62.062061309814	0.0078576505184174
62.162162780762	0.0078627178445458
62.262260437012	0.0078677795827389
62.362361907959	0.0078728366643190
62.462463378906	0.0078778890892863
62.562561035156	0.0078829368576407
62.662662506104	0.0078879790380597
62.762763977051	0.0078930174931884
62.862861633301	0.0078980503603816
62.962963104248	0.0079030785709620
63.063064575195	0.0079081021249294
63.163162231445	0.0079131200909615
63.263263702393	0.0079181343317032
63.363365173340	0.0079231429845095
63.463462829590	0.0079281479120255
63.563564300537	0.0079331472516060
63.663661956787	0.0079381419345737
63.763763427734	0.0079431319609284
63.863864898682	0.0079481182619929
63.963962554932	0.0079530989751220
64.064064025879	0.0079580750316381
64.164161682129	0.0079630464315414
64.264266967773	0.0079680131748319
64.364364624023	0.0079729752615094
64.464462280273	0.0079779326915741
64.564567565918	0.0079828854650259
64.664665222168	0.0079878345131874
64.764762878418	0.0079927779734135
64.864868164062	0.0079977167770267
64.964965820312	0.0080026518553495
65.065063476562	0.0080075813457370
65.165168762207	0.0080125071108341
65.265266418457	0.0080174282193184
65.365364074707	0.0080223446711898
65.465461730957	0.0080272564664483
65.565567016602	0.0080321636050940
65.665664672852	0.0080370660871267
65.765762329102	0.0080419648438692
65.865867614746	0.0080468589439988
65.965965270996	0.0080517483875155
66.066062927246	0.0080566331744194
66.166168212891	0.0080615142360330
66.266265869141	0.0080663897097111
66.366363525391	0.0080712614580989
66.466468811035	0.0080761294811964
66.566566467285	0.0080809919163585
66.666664123535	0.0080858506262302
66.766769409180	0.0080907046794891
66.866867065430	0.0080955550074577
66.966964721680	0.0081003997474909
67.067070007324	0.0081052416935563
67.167167663574	0.0081100780516863
67.267265319824	0.0081149106845260
67.367370605469	0.0081197386607528
67.467468261719	0.0081245629116893
67.567565917969	0.0081293815746903
67.667671203613	0.0081341974437237
67.767768859863	0.0081390086561441
67.867866516113	0.0081438152119517
67.967964172363	0.0081486171111465
68.068069458008	0.0081534162163734
68.168167114258	0.0081582097336650
68.268264770508	0.0081629995256662
68.368370056152	0.0081677855923772
68.468467712402	0.0081725670024753
68.568565368652	0.0081773437559605
68.668670654297	0.0081821167841554
68.768768310547	0.0081868851557374
68.868865966797	0.0081916498020291
68.968971252441	0.0081964107230306
69.069068908691	0.0082011669874191
69.169166564941	0.0082059195265174
69.269271850586	0.0082106674090028
69.369369506836	0.0082154115661979
69.469467163086	0.0082201510667801
69.569572448730	0.0082248877733946
69.669670104980	0.0082296188920736
69.769767761230	0.0082343462854624
69.869873046875	0.0082390699535608
69.969970703125	0.0082437898963690
70.070068359375	0.0082485051825643
70.170173645020	0.0082532167434692
70.270271301270	0.0082579236477613
70.370368957520	0.0082626268267632
70.470474243164	0.0082673262804747
70.570571899414	0.0082720220088959
70.670669555664	0.0082767130807042
70.770767211914	0.0082814004272223
70.870872497559	0.0082860840484500
70.970970153809	0.0082907630130649
71.071067810059	0.0082954382523894
71.171173095703	0.0083001106977463
71.271270751953	0.0083047775551677
71.371368408203	0.0083094416186213
71.471473693848	0.0083141010254622
71.571571350098	0.0083187567070127
71.671669006348	0.0083234086632729
71.771774291992	0.0083280568942428
71.871871948242	0.0083327013999224
71.971969604492	0.0083373412489891
72.072074890137	0.0083419783040881
72.172172546387	0.0083466107025743
72.272270202637	0.0083512384444475
72.372375488281	0.0083558633923531
72.472473144531	0.0083604846149683
72.572570800781	0.0083651021122932
72.672676086426	0.0083697149530053
72.772773742676	0.0083743249997497
72.872871398926	0.0083789303898811
72.972976684570	0.0083835320547223
73.073074340820	0.0083881299942732
73.173171997070	0.0083927242085338
73.273269653320	0.0083973146975040
73.373374938965	0.0084019023925066
73.473472595215	0.0084064854308963
73.573570251465	0.0084110647439957
73.673675537109	0.0084156403318048
73.773773193359	0.0084202121943235
73.873870849609	0.0084247803315520
73.973976135254	0.0084293447434902
74.074073791504	0.0084339054301381
74.174171447754	0.0084384623914957
74.274276733398	0.0084430156275630
74.374374389648	0.0084475651383400
74.474472045898	0.0084521109238267
74.574577331543	0.0084566539153457
74.674674987793	0.0084611922502518
74.774772644043	0.0084657268598676
74.874877929688	0.0084702586755157
74.974975585938	0.0084747867658734
75.075073242188	0.0084793101996183
75.175178527832	0.0084838308393955
75.275276184082	0.0084883477538824
75.375373840332	0.0084928609430790
75.475479125977	0.0084973713383079
75.575576782227	0.0085018770769238
75.675674438477	0.0085063790902495
75.775772094727	0.0085108783096075
75.875877380371	0.0085153738036752
75.975975036621	0.0085198655724525
76.076072692871	0.0085243536159396
76.176177978516	0.0085288388654590
76.276275634766	0.0085333194583654
76.376373291016	0.0085377972573042
76.476478576660	0.0085422713309526
76.576576232910	0.0085467416793108
76.676673889160	0.0085512092337012
76.776779174805	0.0085556730628014
76.876876831055	0.0085601331666112
76.976974487305	0.0085645895451307
77.077079772949	0.0085690431296825
77.177177429199	0.0085734929889441
77.277275085449	0.0085779391229153
77.377380371094	0.0085823815315962
77.477478027344	0.0085868211463094
77.577575683594	0.0085912570357323
77.677680969238	0.0085956891998649
77.777778625488	0.0086001185700297
77.877876281738	0.0086045442149043
77.977981567383	0.0086089661344886
78.078079223633	0.0086133852601051
78.178176879883	0.0086178006604314
78.278274536133	0.0086222123354673
78.378379821777	0.0086266212165356
78.478477478027	0.0086310263723135
78.578575134277	0.0086354287341237
78.678680419922	0.0086398273706436
78.778778076172	0.0086442222818732
78.878875732422	0.0086486134678125
78.978981018066	0.0086530027911067
79.079078674316	0.0086573874577880
79.179176330566	0.0086617693305016
79.279281616211	0.0086661484092474
79.379379272461	0.0086705228313804
79.479476928711	0.0086748944595456
79.579582214355	0.0086792632937431
79.679679870605	0.0086836293339729
79.779777526855	0.0086879907175899
79.879882812500	0.0086923493072391
79.979980468750	0.0086967051029205
80.080078125000	0.0087010571733117
80.180183410645	0.0087054064497352
80.280281066895	0.0087097520008683
80.380378723145	0.0087140938267112
80.480484008789	0.0087184337899089
80.580581665039	0.0087227690964937
80.680679321289	0.0087271016091108
80.780776977539	0.0087314313277602
80.880882263184	0.0087357573211193
80.980979919434	0.0087400805205107
81.081077575684	0.0087443999946117
81.181182861328	0.0087487166747451
81.281280517578	0.0087530305609107
81.381378173828	0.0087573407217860
81.481483459473	0.0087616480886936
81.581581115723	0.0087659517303109
81.681678771973	0.0087702525779605
81.781784057617	0.0087745497003198
81.881881713867	0.0087788440287113
81.981979370117	0.0087831355631351
82.082084655762	0.0087874243035913
82.182182312012	0.0087917083874345
82.282279968262	0.0087959906086326
82.382385253906	0.0088002691045403
82.482482910156	0.0088045448064804
82.582580566406	0.0088088177144527
82.682685852051	0.0088130868971348
82.782783508301	0.0088173532858491
82.882881164551	0.0088216159492731
82.982986450195	0.0088258767500520
83.083084106445	0.0088301338255405
83.183181762695	0.0088343871757388
83.283287048340	0.0088386386632919
83.383384704590	0.0088428864255548
83.483482360840	0.0088471304625273
83.583580017090	0.0088513726368546
83.683685302734	0.0088556110858917
83.783782958984	0.0088598467409611
83.883880615234	0.0088640796020627
83.983985900879	0.0088683087378740
84.084083557129	0.0088725350797176
84.184181213379	0.0088767586275935
84.284286499023	0.0088809793815017
84.384384155273	0.0088851973414421
84.484481811523	0.0088894115760922
84.584587097168	0.0088936230167747
84.684684753418	0.0088978316634893
84.784782409668	0.0089020365849137
84.884887695312	0.0089062396436930
84.984985351562	0.0089104389771819
85.085083007812	0.0089146355167031
85.185188293457	0.0089188292622566
85.285285949707	0.0089230202138424
85.385383605957	0.0089272074401379
85.485488891602	0.0089313928037882
85.585586547852	0.0089355744421482
85.685684204102	0.0089397532865405
85.785789489746	0.0089439293369651
85.885887145996	0.0089481025934219
85.985984802246	0.0089522721245885
86.086082458496	0.0089564397931099
86.186187744141	0.0089606037363410
86.286285400391	0.0089647658169270
86.386383056641	0.0089689241722226
86.486488342285	0.0089730797335505
86.586585998535	0.0089772325009108
86.686683654785	0.0089813824743032
86.786788940430	0.0089855296537280
86.886886596680	0.0089896731078625
86.986984252930	0.0089938146993518
87.087089538574	0.0089979534968734
87.187187194824	0.0090020885691047
87.287284851074	0.0090062217786908
87.387390136719	0.0090103512629867
87.487487792969	0.0090144779533148
87.587585449219	0.0090186027809978
87.687690734863	0.0090227238833904
87.787788391113	0.0090268421918154
87.887886047363	0.0090309577062726
87.987991333008	0.0090350713580847
88.088088989258	0.0090391812846065
88.188186645508	0.0090432884171605
88.288291931152	0.0090473936870694
88.388389587402	0.0090514952316880
88.488487243652	0.0090555939823389
88.588584899902	0.0090596899390221
88.688690185547	0.0090637831017375
88.788787841797	0.0090678734704852
88.888885498047	0.0090719619765878
88.988990783691	0.0090760467574000
89.089088439941	0.0090801296755672
89.189186096191	0.0090842088684440
89.289291381836	0.0090882861986756
89.389389038086	0.0090923598036170
89.489486694336	0.0090964306145906
89.589591979980	0.0091004995629191
89.689689636230	0.0091045657172799
89.789787292480	0.0091086290776730
89.889892578125	0.0091126896440983
89.989990234375	0.0091167474165559
90.090087890625	0.0091208023950458
90.190193176270	0.0091248545795679
90.290290832520	0.0091289039701223
90.390388488770	0.0091329505667090
90.490493774414	0.0091369953006506
90.590591430664	0.0091410372406244
90.690689086914	0.0091450754553080
90.790794372559	0.0091491118073463
90.890892028809	0.0091531453654170
90.990989685059	0.0091571761295199
91.091087341309	0.0091612040996552
91.191192626953	0.0091652302071452
91.291290283203	0.0091692535206676
91.391387939453	0.0091732731088996
91.491493225098	0.0091772908344865
91.591590881348	0.0091813057661057
91.691688537598	0.0091853179037571
91.791793823242	0.0091893281787634
91.891891479492	0.0091933356598020
91.991989135742	0.0091973394155502
92.092094421387	0.0092013422399759
92.192192077637	0.0092053413391113
92.292289733887	0.0092093376442790
92.392395019531	0.0092133320868015
92.492492675781	0.0092173228040338
92.592590332031	0.0092213116586208
92.692695617676	0.0092252986505628
92.792793273926	0.0092292819172144
92.892890930176	0.0092332633212209
92.992996215820	0.0092372419312596
93.093093872070	0.0092412177473307
93.193191528320	0.0092451907694340
93.293296813965	0.0092491619288921
93.393394470215	0.0092531302943826
93.493492126465	0.0092570958659053
93.593589782715	0.0092610595747828
93.693695068359	0.0092650204896927
93.793792724609	0.0092689786106348
93.893890380859	0.0092729339376092
93.993995666504	0.0092768874019384
94.094093322754	0.0092808371409774
94.194190979004	0.0092847850173712
94.294296264648	0.0092887310311198
94.394393920898	0.0092926742509007
94.494491577148	0.0092966146767139
94.594596862793	0.0093005523085594
94.694694519043	0.0093044880777597
94.794792175293	0.0093084210529923
94.894897460938	0.0093123512342572
94.994995117188	0.0093162795528769
95.095092773438	0.0093202050775290
95.195198059082	0.0093241287395358
95.295295715332	0.0093280486762524
95.395393371582	0.0093319667503238
95.495498657227	0.0093358829617500
95.595596313477	0.0093397954478860
95.695693969727	0.0093437060713768
95.795799255371	0.0093476148322225
95.895896911621	0.0093515207991004
95.995994567871	0.0093554239720106
96.096099853516	0.0093593252822757
96.196197509766	0.0093632237985730
96.296295166016	0.0093671195209026
96.396392822266	0.0093710124492645
96.496498107910	0.0093749044463038
96.596595764160	0.0093787927180529
96.696693420410	0.0093826791271567
96.796798706055	0.0093865636736155
96.896896362305	0.0093904444947839
96.996994018555	0.0093943243846297
97.097099304199	0.0093982005491853
97.197196960449	0.0094020748510957
97.297294616699	0.0094059472903609
97.397399902344	0.0094098169356585
97.497497558594	0.0094136837869883
97.597595214844	0.0094175487756729
97.697700500488	0.0094214109703898
97.797798156738	0.0094252713024616
97.897895812988	0.0094291288405657
97.998001098633	0.0094329845160246
98.098098754883	0.0094368373975158
98.198196411133	0.0094406874850392
98.298301696777	0.0094445357099175
98.398399353027	0.0094483820721507
98.498497009277	0.0094522256404161
98.598602294922	0.0094560664147139
98.698699951172	0.0094599053263664
98.798797607422	0.0094637414440513
98.898895263672	0.0094675756990910
98.999000549316	0.0094714080914855
99.099098205566	0.0094752376899123
99.199195861816	0.0094790644943714
99.299301147461	0.0094828894361854
99.399398803711	0.0094867125153542
99.499496459961	0.0094905328005552
99.599601745605	0.0094943502917886
99.699699401855	0.0094981659203768
99.799797058105	0.0095019796863198
99.899902343750	0.0095057906582952
100.00000000000	0.0095095997676253
#
#"Secondary Electron Energy @ Incident Angle 0° / eV"	"Total [Real]"
#-------------------------------------------------------------------
0.0000000000000	0.0000000000000
0.10010010004044	0.0047243349254131
0.20020020008087	0.0084177386015654
0.30030030012131	0.011879251338542
0.40040040016174	0.015172932296991
0.50050050020218	0.018317699432373
0.60060060024261	0.021320993080735
0.70070070028305	0.024186575785279
0.80080080032349	0.026917019858956
0.90090090036392	0.029514621943235
1.0010010004044	0.031981751322746
1.1011011600494	0.034320980310440
1.2012012004852	0.036535117775202
1.3013013601303	0.038627184927464
1.4014014005661	0.040600389242172
1.5015015602112	0.042458105832338
1.6016016006470	0.044203817844391
1.7017017602921	0.045841105282307
1.8018018007278	0.047373596578836
1.9019019603729	0.048804957419634
2.0020020008087	0.050138857215643
2.1021020412445	0.051378965377808
2.2022023200989	0.052528921514750
2.3023023605347	0.053592305630445
2.4024024009705	0.054572664201260
2.5025024414062	0.055473476648331
2.6026027202606	0.056298151612282
2.7027027606964	0.057050004601479
2.8028028011322	0.057732291519642
2.9029028415680	0.058348167687654
3.0030031204224	0.058900702744722
3.1031031608582	0.059392862021923
3.2032032012939	0.059827540069818
3.3033032417297	0.060207515954971
3.4034035205841	0.060535490512848
3.5035035610199	0.060814052820206
3.6036036014557	0.061045709997416
3.7037036418915	0.061232876032591
3.8038039207458	0.061377875506878
3.9039039611816	0.061482932418585
4.0040040016174	0.061550192534924
4.1041040420532	0.061581708490849
4.2042040824890	0.061579458415508
4.3043041229248	0.061545323580503
4.4044046401978	0.061481118202209
4.5045046806335	0.061388581991196
4.6046047210693	0.061269361525774
4.7047047615051	0.061125043779612
4.8048048019409	0.060957148671150
4.9049048423767	0.060767114162445
5.0050048828125	0.060556322336197
5.1051049232483	0.060326091945171
5.2052054405212	0.060077670961618
5.3053054809570	0.059812266379595
5.4054055213928	0.059531003236771
5.5055055618286	0.059234976768494
5.6056056022644	0.058925215154886
5.7057056427002	0.058602701872587
5.8058056831360	0.058268368244171
5.9059057235718	0.057923100888729
6.0060062408447	0.057567745447159
6.1061062812805	0.057203095406294
6.2062063217163	0.056829918175936
6.3063063621521	0.056448929011822
6.4064064025879	0.056060809642076
6.5065064430237	0.055666215717793
6.6066064834595	0.055265750735998
6.7067065238953	0.054859995841980
6.8068070411682	0.054449509829283
6.9069070816040	0.054034803062677
7.0070071220398	0.053616371005774
7.1071071624756	0.053194679319859
7.2072072029114	0.052770163863897
7.3073072433472	0.052343241870403
7.4074072837830	0.051914300769567
7.5075073242188	0.051483716815710
7.6076078414917	0.051051825284958
7.7077078819275	0.050618965178728
7.8078079223633	0.050185441970825
7.9079079627991	0.049751538783312
8.0080080032349	0.049317538738251
8.1081085205078	0.048883687704802
8.2082080841064	0.048450239002705
8.3083086013794	0.048017404973507
8.4084081649780	0.047585409134626
8.5085086822510	0.047154437750578
8.6086082458496	0.046724691987038
8.7087087631226	0.046296328306198
8.8088092803955	0.045869518071413
8.9089088439941	0.045444414019585
9.0090093612671	0.045021150261164
9.1091089248657	0.044599872082472
9.2092094421387	0.044180683791637
9.3093090057373	0.043763712048531
9.4094095230103	0.043349053710699
9.5095090866089	0.042936816811562
9.6096096038818	0.042527072131634
9.7097101211548	0.042119923979044
9.8098096847534	0.041715439409018
9.9099102020264	0.041313685476780
10.010009765625	0.040914732962847
10.110110282898	0.040518637746572
10.210209846497	0.040125455707312
10.310310363770	0.039735227823257
10.410410881042	0.039348009973764
10.510510444641	0.038963831961155
10.610610961914	0.038582731038332
10.710710525513	0.038204744458199
10.810811042786	0.037829890847206
10.910910606384	0.037458207458258
11.011011123657	0.037089701741934
11.111110687256	0.036724399775267
11.211211204529	0.036362312734127
11.311311721802	0.036003455519676
11.411411285400	0.035647839307785
11.511511802673	0.035295464098454
11.611611366272	0.034946348518133
11.711711883545	0.034600481390953
11.811811447144	0.034257877618074
11.911911964417	0.033918526023626
12.012012481689	0.033582426607609
12.112112045288	0.033249579370022
12.212212562561	0.032919973134995
12.312312126160	0.032593604177237
12.412412643433	0.032270465046167
12.512512207031	0.031950548291206
12.612612724304	0.031633839011192
12.712712287903	0.031320329755545
12.812812805176	0.031010001897812
12.912913322449	0.030702844262123
13.013012886047	0.030398845672607
13.113113403320	0.030097987502813
13.213212966919	0.029800256714225
13.313313484192	0.029505634680390
13.413413047791	0.029214106500149
13.513513565063	0.028925649821758
13.613614082336	0.028640249744058
13.713713645935	0.028357887640595
13.813814163208	0.028078543022275
13.913913726807	0.027802197262645
14.014014244080	0.027528829872608
14.114113807678	0.027258420363069
14.214214324951	0.026990948244929
14.314313888550	0.026726394891739
14.414414405823	0.026464730501175
14.514514923096	0.026205943897367
14.614614486694	0.025950009003282
14.714715003967	0.025696905329823
14.814814567566	0.025446610525250
14.914915084839	0.025199098512530
15.015014648438	0.024954356253147
15.115115165710	0.024712350219488
15.215215682983	0.024473067373037
15.315315246582	0.024236481636763
15.415415763855	0.024002570658922
15.515515327454	0.023771310225129
15.615615844727	0.023542681708932
15.715715408325	0.023316659033298
15.815815925598	0.023093223571777
15.915915489197	0.022872349247336
16.016016006470	0.022654011845589
16.116115570068	0.022438194602728
16.216217041016	0.022224871441722
16.316316604614	0.022014021873474
16.416416168213	0.021805625408888
16.516515731812	0.021599654108286
16.616617202759	0.021396085619926
16.716716766357	0.021194903180003
16.816816329956	0.020996086299419
16.916917800903	0.020799605175853
17.017017364502	0.020605444908142
17.117116928101	0.020413579419255
17.217216491699	0.020223990082741
17.317317962646	0.020036652684212
17.417417526245	0.019851548597217
17.517517089844	0.019668653607368
17.617618560791	0.019487947225571
17.717718124390	0.019309410825372
17.817817687988	0.019133022055030
17.917917251587	0.018958758562803
18.018018722534	0.018786599859595
18.118118286133	0.018616527318954
18.218217849731	0.018448520451784
18.318317413330	0.018282558768988
18.418418884277	0.018118616193533
18.518518447876	0.017956681549549
18.618618011475	0.017796728760004
18.718719482422	0.017638739198446
18.818819046021	0.017482696101069
18.918918609619	0.017328578978777
19.019018173218	0.017176365479827
19.119119644165	0.017026036977768
19.219219207764	0.016877576708794
19.319318771362	0.016730964183807
19.419420242310	0.016586178913713
19.519519805908	0.016443204134703
19.619619369507	0.016302023082972
19.719718933105	0.016162615269423
19.819820404053	0.016024958342314
19.919919967651	0.015889041125774
20.020019531250	0.015754841268063
20.120121002197	0.015622340142727
20.220220565796	0.015491524711251
20.320320129395	0.015362374484539
20.420419692993	0.015234870836139
20.520521163940	0.015108995139599
20.620620727539	0.014984734356403
20.720720291138	0.014862069860101
20.820821762085	0.014740981161594
20.920921325684	0.014621457085013
21.021020889282	0.014503479003906
21.121120452881	0.014387029223144
21.221221923828	0.014272090047598
21.321321487427	0.014158647507429
21.421421051025	0.014046684838831
21.521520614624	0.013936187140644
21.621622085571	0.013827134855092
21.721721649170	0.013719515874982
21.821821212769	0.013613315299153
21.921922683716	0.013508511707187
22.022022247314	0.013405096717179
22.122121810913	0.013303050771356
22.222221374512	0.013202361762524
22.322322845459	0.013103010132909
22.422422409058	0.013004987500608
22.522521972656	0.012908274307847
22.622623443604	0.012812856584787
22.722723007202	0.012718722224236
22.822822570801	0.012625854462385
22.922922134399	0.012534241192043
23.023023605347	0.012443864718080
23.123123168945	0.012354715727270
23.223222732544	0.012266777455807
23.323324203491	0.012180035933852
23.423423767090	0.012094480916858
23.523523330688	0.012010097503662
23.623622894287	0.011926869861782
23.723724365234	0.011844785884023
23.823823928833	0.011763834394515
23.923923492432	0.011684002354741
24.024024963379	0.011605273000896
24.124124526978	0.011527637951076
24.224224090576	0.011451084166765
24.324323654175	0.011375597678125
24.424425125122	0.011301165446639
24.524524688721	0.011227778159082
24.624624252319	0.011155421845615
24.724723815918	0.011084085330367
24.824825286865	0.011013753712177
24.924924850464	0.010944420471787
25.025024414062	0.010876069776714
25.125125885010	0.010808691382408
25.225225448608	0.010742274112999
25.325325012207	0.010676806792617
25.425424575806	0.010612278245389
25.525526046753	0.010548676364124
25.625625610352	0.010485991835594
25.725725173950	0.010424213483930
25.825826644897	0.010363327339292
25.925926208496	0.010303327813745
26.026025772095	0.010244201868773
26.126125335693	0.010185939259827
26.226226806641	0.010128527879715
26.326326370239	0.010071961209178
26.426425933838	0.010016227141023
26.526527404785	0.0099613144993782
26.626626968384	0.0099072158336639
26.726726531982	0.0098539199680090
26.826826095581	0.0098014175891876
26.926927566528	0.0097496975213289
27.027027130127	0.0096987523138523
27.127126693726	0.0096485726535320
27.227228164673	0.0095991473644972
27.327327728271	0.0095504689961672
27.427427291870	0.0095025273039937
27.527526855469	0.0094553148373961
27.627628326416	0.0094088204205036
27.727727890015	0.0093630366027355
27.827827453613	0.0093179550021887
27.927927017212	0.0092735672369599
28.028028488159	0.0092298621311784
28.128128051758	0.0091868350282311
28.228227615356	0.0091444747522473
28.328329086304	0.0091027738526464
28.428428649902	0.0090617248788476
28.528528213501	0.0090213194489479
28.628627777100	0.0089815482497215
28.728729248047	0.0089424038305879
28.828828811646	0.0089038806036115
28.928928375244	0.0088659692555666
29.029029846191	0.0088286604732275
29.129129409790	0.0087919495999813
29.229228973389	0.0087558273226023
29.329328536987	0.0087202871218324
29.429430007935	0.0086853196844459
29.529529571533	0.0086509212851524
29.629629135132	0.0086170826107264
29.729730606079	0.0085837952792645
29.829830169678	0.0085510555654764
29.929929733276	0.0085188550874591
30.030029296875	0.0084871854633093
30.130130767822	0.0084560420364141
30.230230331421	0.0084254173561931
30.330329895020	0.0083953049033880
30.430431365967	0.0083656972274184
30.530530929565	0.0083365896716714
30.630630493164	0.0083079747855663
30.730730056763	0.0082798451185226
30.830831527710	0.0082521969452500
30.930931091309	0.0082250218838453
31.031030654907	0.0081983152776957
31.131130218506	0.0081720706075430
31.231231689453	0.0081462813541293
31.331331253052	0.0081209428608418
31.431430816650	0.0080960486084223
31.531532287598	0.0080715920776129
31.631631851196	0.0080475686118007
31.731731414795	0.0080239716917276
31.831830978394	0.0080007975921035
31.931932449341	0.0079780388623476
32.032032012939	0.0079556908458471
32.132133483887	0.0079337470233440
32.232231140137	0.0079122055321932
32.332332611084	0.0078910570591688
32.432434082031	0.0078702988103032
32.532531738281	0.0078499251976609
32.632633209229	0.0078299306333065
32.732730865479	0.0078103104606271
32.832832336426	0.0077910595573485
32.932933807373	0.0077721737325191
33.033031463623	0.0077536473982036
33.133132934570	0.0077354758977890
33.233234405518	0.0077176545746624
33.333332061768	0.0077001797035336
33.433433532715	0.0076830447651446
33.533535003662	0.0076662464998662
33.633632659912	0.0076497816480696
33.733734130859	0.0076336427591741
33.833835601807	0.0076178275048733
33.933933258057	0.0076023312285542
34.034034729004	0.0075871497392654
34.134132385254	0.0075722783803940
34.234233856201	0.0075577129609883
34.334335327148	0.0075434497557580
34.434432983398	0.0075294850394130
34.534534454346	0.0075158132240176
34.634635925293	0.0075024319812655
34.734733581543	0.0074893375858665
34.834835052490	0.0074765239842236
34.934936523438	0.0074639888480306
35.035034179688	0.0074517289176583
35.135135650635	0.0074397395364940
35.235237121582	0.0074280169792473
35.335334777832	0.0074165589176118
35.435436248779	0.0074053592979908
35.535533905029	0.0073944167234004
35.635635375977	0.0073837270028889
35.735736846924	0.0073732859455049
35.835834503174	0.0073630912229419
35.935935974121	0.0073531381785870
36.036037445068	0.0073434249497950
36.136135101318	0.0073339473456144
36.236236572266	0.0073247025720775
36.336338043213	0.0073156864382327
36.436435699463	0.0073068970814347
36.536537170410	0.0072983303107321
36.636634826660	0.0072899833321571
36.736736297607	0.0072818533517420
36.836837768555	0.0072739371098578
36.936935424805	0.0072662313468754
37.037036895752	0.0072587332688272
37.137138366699	0.0072514400817454
37.237236022949	0.0072443494573236
37.337337493896	0.0072374572046101
37.437438964844	0.0072307614609599
37.537536621094	0.0072242594324052
37.637638092041	0.0072179478593171
37.737739562988	0.0072118244133890
37.837837219238	0.0072058867663145
37.937938690186	0.0072001316584647
38.038036346436	0.0071945567615330
38.138137817383	0.0071891592815518
38.238239288330	0.0071839364245534
38.338336944580	0.0071788867935538
38.438438415527	0.0071740061976016
38.538539886475	0.0071692937053740
38.638637542725	0.0071647465229034
38.738739013672	0.0071603623218834
38.838840484619	0.0071561378426850
38.938938140869	0.0071520716883242
39.039039611816	0.0071481610648334
39.139137268066	0.0071444045752287
39.239238739014	0.0071407984942198
39.339340209961	0.0071373418904841
39.439437866211	0.0071340324357152
39.539539337158	0.0071308673359454
39.639640808105	0.0071278442628682
39.739738464355	0.0071249627508223
39.839839935303	0.0071222186088562
39.939941406250	0.0071196113713086
40.040039062500	0.0071171382442117
40.140140533447	0.0071147973649204
40.240242004395	0.0071125868707895
40.340339660645	0.0071105048991740
40.440441131592	0.0071085491217673
40.540538787842	0.0071067181415856
40.640640258789	0.0071050096303225
40.740741729736	0.0071034221909940
40.840839385986	0.0071019539609551
40.940940856934	0.0071006021462381
41.041042327881	0.0070993662811816
41.141139984131	0.0070982445031404
41.241241455078	0.0070972344838083
41.341342926025	0.0070963343605399
41.441440582275	0.0070955427363515
41.541542053223	0.0070948582142591
41.641643524170	0.0070942789316177
41.741741180420	0.0070938034914434
41.841842651367	0.0070934295654297
41.941940307617	0.0070931562222540
42.042041778564	0.0070929820649326
42.142143249512	0.0070929052308202
42.242240905762	0.0070929238572717
42.342342376709	0.0070930370129645
42.442443847656	0.0070932428352535
42.542541503906	0.0070935403928161
42.642642974854	0.0070939278230071
42.742744445801	0.0070944037288427
42.842842102051	0.0070949667133391
42.942943572998	0.0070956153795123
43.043041229248	0.0070963483303785
43.143142700195	0.0070971646346152
43.243244171143	0.0070980624295771
43.343341827393	0.0070990403182805
43.443443298340	0.0071000978350639
43.543544769287	0.0071012326516211
43.643642425537	0.0071024447679520
43.743743896484	0.0071037318557501
43.843845367432	0.0071050929836929
43.943943023682	0.0071065262891352
44.044044494629	0.0071080327033997
44.144145965576	0.0071096085011959
44.244243621826	0.0071112541481853
44.344345092773	0.0071129677817225
44.444442749023	0.0071147484704852
44.544544219971	0.0071165952831507
44.644645690918	0.0071185063570738
44.744743347168	0.0071204821579158
44.844844818115	0.0071225203573704
44.944946289062	0.0071246200241148
45.045043945312	0.0071267802268267
45.145145416260	0.0071290000341833
45.245246887207	0.0071312785148621
45.345344543457	0.0071336142718792
45.445446014404	0.0071360073052347
45.545543670654	0.0071384552866220
45.645645141602	0.0071409586817026
45.745746612549	0.0071435151621699
45.845844268799	0.0071461247280240
45.945945739746	0.0071487855166197
46.046047210693	0.0071514979936182
46.146144866943	0.0071542602963746
46.246246337891	0.0071570719592273
46.346347808838	0.0071599315851927
46.446445465088	0.0071628391742706
46.546546936035	0.0071657933294773
46.646648406982	0.0071687931194901
46.746746063232	0.0071718376129866
46.846847534180	0.0071749268099666
46.946945190430	0.0071780588477850
47.047046661377	0.0071812337264419
47.147148132324	0.0071844505146146
47.247245788574	0.0071877082809806
47.347347259521	0.0071910060942173
47.447448730469	0.0071943439543247
47.547546386719	0.0071977204643190
47.647647857666	0.0072011351585388
47.747749328613	0.0072045871056616
47.847846984863	0.0072080753743649
47.947948455811	0.0072116004303098
48.048049926758	0.0072151608765125
48.148147583008	0.0072187553159893
48.248249053955	0.0072223842144012
48.348346710205	0.0072260461747646
48.448448181152	0.0072297411970794
48.548549652100	0.0072334678843617
48.648647308350	0.0072372262366116
48.748748779297	0.0072410153225064
48.848850250244	0.0072448351420462
48.948947906494	0.0072486838325858
49.049049377441	0.0072525627911091
49.149150848389	0.0072564696893096
49.249248504639	0.0072604040615261
49.349349975586	0.0072643659077585
49.449447631836	0.0072683547623456
49.549549102783	0.0072723701596260
49.649650573730	0.0072764111682773
49.749748229980	0.0072804768569767
49.849849700928	0.0072845681570470
49.949951171875	0.0072886832058430
50.050048828125	0.0072928215377033
50.150150299072	0.0072969840839505
50.250251770020	0.0073011685162783
50.350349426270	0.0073053753003478
50.450450897217	0.0073096039704978
50.550552368164	0.0073138535954058
50.650650024414	0.0073181241750717
50.750751495361	0.0073224157094955
50.850849151611	0.0073267268016934
50.950950622559	0.0073310574516654
51.051052093506	0.0073354067280889
51.151149749756	0.0073397750966251
51.251251220703	0.0073441611602902
51.351352691650	0.0073485658504069
51.451450347900	0.0073529873043299
51.551551818848	0.0073574264533818
51.651653289795	0.0073618819005787
51.751750946045	0.0073663531802595
51.851852416992	0.0073708407580853
51.951950073242	0.0073753437027335
52.052051544189	0.0073798620142043
52.152153015137	0.0073843947611749
52.252250671387	0.0073889419436455
52.352352142334	0.0073935035616159
52.452453613281	0.0073980786837637
52.552551269531	0.0074026673100889
52.652652740479	0.0074072689749300
52.752754211426	0.0074118832126260
52.852851867676	0.0074165095575154
52.952953338623	0.0074211484752595
53.053054809570	0.0074257990345359
53.153152465820	0.0074304612353444
53.253253936768	0.0074351346120238
53.353351593018	0.0074398182332516
53.453453063965	0.0074445130303502
53.553554534912	0.0074492180719972
53.653652191162	0.0074539328925312
53.753753662109	0.0074586574919522
53.853855133057	0.0074633923359215
53.953952789307	0.0074681355617940
54.054054260254	0.0074728881008923
54.154155731201	0.0074776490218937
54.254253387451	0.0074824183247983
54.354354858398	0.0074871960096061
54.454456329346	0.0074919816106558
54.554553985596	0.0074967746622860
54.654655456543	0.0075015756301582
54.754753112793	0.0075063835829496
54.854854583740	0.0075111985206604
54.954956054688	0.0075160204432905
55.055053710938	0.0075208484195173
55.155155181885	0.0075256833806634
55.255256652832	0.0075305243954062
55.355354309082	0.0075353705324233
55.455455780029	0.0075402231886983
55.555557250977	0.0075450809672475
55.655654907227	0.0075499443337321
55.755756378174	0.0075548128224909
55.855854034424	0.0075596859678626
55.955955505371	0.0075645642355084
56.056056976318	0.0075694466941059
56.156154632568	0.0075743338093162
56.256256103516	0.0075792251154780
56.356357574463	0.0075841201469302
56.456455230713	0.0075890193693340
56.556556701660	0.0075939223170280
56.656658172607	0.0075988285243511
56.756755828857	0.0076037379913032
56.856857299805	0.0076086507178843
56.956958770752	0.0076135671697557
57.057056427002	0.0076184854842722
57.157157897949	0.0076234070584178
57.257255554199	0.0076283314265311
57.357357025146	0.0076332581229508
57.457458496094	0.0076381871476769
57.557556152344	0.0076431185007095
57.657657623291	0.0076480517163873
57.757759094238	0.0076529867947102
57.857856750488	0.0076579232700169
57.957958221436	0.0076628620736301
58.058059692383	0.0076678022742271
58.158157348633	0.0076727434061468
58.258258819580	0.0076776868663728
58.358356475830	0.0076826303265989
58.458457946777	0.0076875756494701
58.558559417725	0.0076925214380026
58.658657073975	0.0076974681578577
58.758758544922	0.0077024158090353
58.858860015869	0.0077073639258742
58.958957672119	0.0077123120427132
59.059059143066	0.0077172615565360
59.159160614014	0.0077222106046975
59.259258270264	0.0077271596528590
59.359359741211	0.0077321100980043
59.459461212158	0.0077370591461658
59.559558868408	0.0077420091256499
59.659660339355	0.0077469581738114
59.759757995605	0.0077519072219729
59.859859466553	0.0077568558044732
59.959960937500	0.0077618043869734
60.060058593750	0.0077667520381510
60.160160064697	0.0077716996893287
60.260261535645	0.0077766459435225
60.360359191895	0.0077815917320549
60.460460662842	0.0077865365892649
60.560562133789	0.0077914809808135
60.660659790039	0.0077964239753783
60.760761260986	0.0078013660386205
60.860862731934	0.0078063071705401
60.960960388184	0.0078112469054759
61.061061859131	0.0078161852434278
61.161159515381	0.0078211231157184
61.261260986328	0.0078260581940413
61.361362457275	0.0078309923410416
61.461460113525	0.0078359255567193
61.561561584473	0.0078408569097519
61.661663055420	0.0078457873314619
61.761760711670	0.0078507140278816
61.861862182617	0.0078556407243013
61.961963653564	0.0078605655580759
62.062061309814	0.0078654885292053
62.162162780762	0.0078704096376896
62.262260437012	0.0078753279522061
62.362361907959	0.0078802444040775
62.462463378906	0.0078851589933038
62.562561035156	0.0078900726512074
62.662662506104	0.0078949825838208
62.762763977051	0.0078998915851116
62.862861633301	0.0079047977924347
62.962963104248	0.0079097012057900
63.063064575195	0.0079146027565002
63.163162231445	0.0079195015132427
63.263263702393	0.0079243993386626
63.363365173340	0.0079292934387922
63.463462829590	0.0079341856762767
63.563564300537	0.0079390751197934
63.663661956787	0.0079439617693424
63.763763427734	0.0079488456249237
63.863864898682	0.0079537285491824
63.963962554932	0.0079586077481508
64.064064025879	0.0079634841531515
64.164161682129	0.0079683577641845
64.264266967773	0.0079732295125723
64.364364624023	0.0079780975356698
64.464462280273	0.0079829627647996
64.564567565918	0.0079878251999617
64.664665222168	0.0079926857724786
64.764762878418	0.0079975426197052
64.864868164062	0.0080023966729641
64.964965820312	0.0080072488635778
65.065063476562	0.0080120963975787
65.165168762207	0.0080169420689344
65.265266418457	0.0080217849463224
65.365364074707	0.0080266240984201
65.465461730957	0.0080314604565501
65.565567016602	0.0080362940207124
65.665664672852	0.0080411238595843
65.765762329102	0.0080459509044886
65.865867614746	0.0080507751554251
65.965965270996	0.0080555966123939
66.066062927246	0.0080604143440723
66.166168212891	0.0080652292817831
66.266265869141	0.0080700395628810
66.366363525391	0.0080748479813337
66.466468811035	0.0080796536058187
66.566566467285	0.0080844555050135
66.666664123535	0.0080892546102405
66.766769409180	0.0080940490588546
66.866867065430	0.0080988425761461
66.966964721680	0.0081036305055022
67.067070007324	0.0081084165722132
67.167167663574	0.0081131989136338
67.267265319824	0.0081179775297642
67.367370605469	0.0081227533519268
67.467468261719	0.0081275263801217
67.567565917969	0.0081322938203812
67.667671203613	0.0081370603293180
67.767768859863	0.0081418231129646
67.867866516113	0.0081465812399983
67.967964172363	0.0081513365730643
68.068069458008	0.0081560900434852
68.168167114258	0.0081608379259706
68.268264770508	0.0081655830144882
68.368370056152	0.0081703253090382
68.468467712402	0.0081750638782978
68.568565368652	0.0081797987222672
68.668670654297	0.0081845307722688
68.768768310547	0.0081892581656575
68.868865966797	0.0081939836964011
68.968971252441	0.0081987045705318
69.069068908691	0.0082034226506948
69.169166564941	0.0082081379368901
69.269271850586	0.0082128485664725
69.369369506836	0.0082175564020872
69.469467163086	0.0082222595810890
69.569572448730	0.0082269608974457
69.669670104980	0.0082316575571895
69.769767761230	0.0082363514229655
69.869873046875	0.0082410415634513
69.969970703125	0.0082457289099693
70.070068359375	0.0082504115998745
70.170173645020	0.0082550914958119
70.270271301270	0.0082597676664591
70.370368957520	0.0082644401118159
70.470474243164	0.0082691097632051
70.570571899414	0.0082737756893039
70.670669555664	0.0082784378901124
70.770767211914	0.0082830963656306
70.870872497559	0.0082877520471811
70.970970153809	0.0082924030721188
71.071067810059	0.0082970513030887
71.171173095703	0.0083016967400908
71.271270751953	0.0083063375204802
71.371368408203	0.0083109755069017
71.471473693848	0.0083156097680330
71.571571350098	0.0083202403038740
71.671669006348	0.0083248680457473
71.771774291992	0.0083294920623302
71.871871948242	0.0083341132849455
71.971969604492	0.0083387289196253
72.072074890137	0.0083433436229825
72.172172546387	0.0083479527384043
72.272270202637	0.0083525590598583
72.372375488281	0.0083571616560221
72.472473144531	0.0083617614582181
72.572570800781	0.0083663575351238
72.672676086426	0.0083709498867393
72.772773742676	0.0083755394443870
72.872871398926	0.0083801243454218
72.972976684570	0.0083847064524889
73.073074340820	0.0083892848342657
73.173171997070	0.0083938594907522
73.273269653320	0.0083984313532710
73.373374938965	0.0084030004218221
73.473472595215	0.0084075648337603
73.573570251465	0.0084121264517307
73.673675537109	0.0084166843444109
73.773773193359	0.0084212385118008
73.873870849609	0.0084257898852229
73.973976135254	0.0084303366020322
74.074073791504	0.0084348805248737
74.174171447754	0.0084394216537476
74.274276733398	0.0084439581260085
74.374374389648	0.0084484918043017
74.474472045898	0.0084530226886272
74.574577331543	0.0084575498476624
74.674674987793	0.0084620732814074
74.774772644043	0.0084665929898620
74.874877929688	0.0084711099043489
74.974975585938	0.0084756230935454
75.075073242188	0.0084801325574517
75.175178527832	0.0084846392273903
75.275276184082	0.0084891421720386
75.375373840332	0.0084936413913965
75.475479125977	0.0084981387481093
75.575576782227	0.0085026314482093
75.675674438477	0.0085071204230189
75.775772094727	0.0085116066038609
75.875877380371	0.0085160899907351
75.975975036621	0.0085205687209964
76.076072692871	0.0085250446572900
76.176177978516	0.0085295177996159
76.276275634766	0.0085339872166514
76.376373291016	0.0085384529083967
76.476478576660	0.0085429158061743
76.576576232910	0.0085473749786615
76.676673889160	0.0085518313571811
76.776779174805	0.0085562840104103
76.876876831055	0.0085607329383492
76.976974487305	0.0085651790723205
77.077079772949	0.0085696224123240
77.177177429199	0.0085740610957146
77.277275085449	0.0085784979164600
77.377380371094	0.0085829300805926
77.477478027344	0.0085873594507575
77.577575683594	0.0085917860269547
77.677680969238	0.0085962088778615
77.777778625488	0.0086006280034781
77.877876281738	0.0086050443351269
77.977981567383	0.0086094578728080
78.078079223633	0.0086138676851988
78.178176879883	0.0086182737722993
78.278274536133	0.0086226770654321
78.378379821777	0.0086270775645971
78.478477478027	0.0086314743384719
78.578575134277	0.0086358683183789
78.678680419922	0.0086402585729957
78.778778076172	0.0086446451023221
78.878875732422	0.0086490288376808
78.978981018066	0.0086534107103944
79.079078674316	0.0086577869951725
79.179176330566	0.0086621614173055
79.279281616211	0.0086665330454707
79.379379272461	0.0086709000170231
79.479476928711	0.0086752641946077
79.579582214355	0.0086796265095472
79.679679870605	0.0086839850991964
79.779777526855	0.0086883399635553
79.879882812500	0.0086926920339465
79.979980468750	0.0086970403790474
80.080078125000	0.0087013859301805
80.180183410645	0.0087057286873460
80.280281066895	0.0087100686505437
80.380378723145	0.0087144039571285
80.480484008789	0.0087187374010682
80.580581665039	0.0087230671197176
80.680679321289	0.0087273931130767
80.780776977539	0.0087317172437906
80.880882263184	0.0087360376492143
80.980979919434	0.0087403552606702
81.081077575684	0.0087446691468358
81.181182861328	0.0087489802390337
81.281280517578	0.0087532885372639
81.381378173828	0.0087575931102037
81.481483459473	0.0087618958204985
81.581581115723	0.0087661938741803
81.681678771973	0.0087704900652170
81.781784057617	0.0087747815996408
81.881881713867	0.0087790712714195
81.981979370117	0.0087833581492305
82.082084655762	0.0087876422330737
82.182182312012	0.0087919216603041
82.282279968262	0.0087961992248893
82.382385253906	0.0088004730641842
82.482482910156	0.0088047441095114
82.582580566406	0.0088090132921934
82.682685852051	0.0088132778182626
82.782783508301	0.0088175395503640
82.882881164551	0.0088217984884977
82.982986450195	0.0088260555639863
83.083084106445	0.0088303079828620
83.183181762695	0.0088345576077700
83.283287048340	0.0088388053700328
83.383384704590	0.0088430494070053
83.483482360840	0.0088472897186875
83.583580017090	0.0088515281677246
83.683685302734	0.0088557628914714
83.783782958984	0.0088599948212504
83.883880615234	0.0088642248883843
83.983985900879	0.0088684502989054
84.084083557129	0.0088726729154587
84.184181213379	0.0088768936693668
84.284286499023	0.0088811106979847
84.384384155273	0.0088853258639574
84.484481811523	0.0088895373046398
84.584587097168	0.0088937450200319
84.684684753418	0.0088979508727789
84.784782409668	0.0089021530002356
84.884887695312	0.0089063532650471
84.984985351562	0.0089105498045683
85.085083007812	0.0089147435501218
85.185188293457	0.0089189345017076
85.285285949707	0.0089231226593256
85.385383605957	0.0089273070916533
85.485488891602	0.0089314905926585
85.585586547852	0.0089356694370508
85.685684204102	0.0089398454874754
85.785789489746	0.0089440196752548
85.885887145996	0.0089481901377439
85.985984802246	0.0089523578062654
86.086082458496	0.0089565226808190
86.186187744141	0.0089606847614050
86.286285400391	0.0089648440480232
86.386383056641	0.0089690005406737
86.486488342285	0.0089731542393565
86.586585998535	0.0089773051440716
86.686683654785	0.0089814532548189
86.786788940430	0.0089855976402760
86.886886596680	0.0089897392317653
86.986984252930	0.0089938789606094
87.087089538574	0.0089980158954859
87.187187194824	0.0090021491050720
87.287284851074	0.0090062813833356
87.387390136719	0.0090104090049863
87.487487792969	0.0090145338326693
87.587585449219	0.0090186567977071
87.687690734863	0.0090227760374546
87.787788391113	0.0090268934145570
87.887886047363	0.0090310070663691
87.987991333008	0.0090351188555360
88.088088989258	0.0090392278507352
88.188186645508	0.0090433331206441
88.288291931152	0.0090474383905530
88.388389587402	0.0090515380725265
88.488487243652	0.0090556358918548
88.588584899902	0.0090597309172153
88.688690185547	0.0090638231486082
88.788787841797	0.0090679135173559
88.888885498047	0.0090720010921359
88.988990783691	0.0090760858729482
89.089088439941	0.0090801697224379
89.189186096191	0.0090842498466372
89.289291381836	0.0090883290395141
89.389389038086	0.0090924045071006
89.489486694336	0.0090964799746871
89.589591979980	0.0091005545109510
89.689689636230	0.0091046281158924
89.789787292480	0.0091087026521564
89.889892578125	0.0091127781197429
89.989990234375	0.0091168554499745
90.090087890625	0.0091209355741739
90.190193176270	0.0091250212863088
90.290290832520	0.0091291144490242
90.390388488770	0.0091332187876105
90.490493774414	0.0091373389586806
90.590591430664	0.0091414768248796
90.690689086914	0.0091456379741430
90.790794372559	0.0091498326510191
90.890892028809	0.0091540692374110
90.990989685059	0.0091583589091897
91.091087341309	0.0091627147048712
91.191192626953	0.0091671552509069
91.291290283203	0.0091717038303614
91.391387939453	0.0091763837262988
91.491493225098	0.0091812303289771
91.591590881348	0.0091862827539444
91.691688537598	0.0091915884986520
91.791793823242	0.0091972090303898
91.891891479492	0.0092032132670283
91.991989135742	0.0092096868902445
92.092094421387	0.0092167351394892
92.192192077637	0.0092244781553745
92.292289733887	0.0092330649495125
92.392395019531	0.0092426696792245
92.492492675781	0.0092534972354770
92.592590332031	0.0092657934874296
92.692695617676	0.0092798452824354
92.792793273926	0.0092959860339761
92.892890930176	0.0093146068975329
92.992996215820	0.0093361670151353
93.093093872070	0.0093611888587475
93.193191528320	0.0093902815133333
93.293296813965	0.0094241499900818
93.393394470215	0.0094635887071490
93.493492126465	0.0095095122233033
93.593589782715	0.0095629608258605
93.693695068359	0.0096251126378775
93.793792724609	0.0096972817555070
93.893890380859	0.0097809555009007
93.993995666504	0.0098778046667576
94.094093322754	0.0099896583706141
94.194190979004	0.010118567384779
94.294296264648	0.010266797617078
94.394393920898	0.010436801239848
94.494491577148	0.010631286539137
94.594596862793	0.010853204876184
94.694694519043	0.011105694808066
94.794792175293	0.011392179876566
94.894897460938	0.011716331355274
94.994995117188	0.012081973254681
95.095092773438	0.012493219226599
95.195198059082	0.012954398989677
95.295295715332	0.013469913974404
95.395393371582	0.014044426381588
95.495498657227	0.014682731591165
95.595596313477	0.015389563515782
95.695693969727	0.016169829294086
95.795799255371	0.017028443515301
95.895896911621	0.017970038577914
95.995994567871	0.018999302759767
96.096099853516	0.020120734348893
96.196197509766	0.021338276565075
96.296295166016	0.022655755281448
96.396392822266	0.024076450616121
96.496498107910	0.025603216141462
96.596595764160	0.027237914502621
96.696693420410	0.028982017189264
96.796798706055	0.030836218968034
96.896896362305	0.032799869775772
96.996994018555	0.034871768206358
97.097099304199	0.037049673497677
97.197196960449	0.039329715073109
97.297294616699	0.041707348078489
97.397399902344	0.044176816940308
97.497497558594	0.046730548143387
97.597595214844	0.049360282719135
97.697700500488	0.052056495100260
97.797798156738	0.054807819426060
97.897895812988	0.057602301239967
97.998001098633	0.060426868498325
98.098098754883	0.063266739249229
98.198196411133	0.066106840968132
98.298301696777	0.068931259214878
98.398399353027	0.071722745895386
98.498497009277	0.074464172124863
98.598602294922	0.077138036489487
98.698699951172	0.079726032912731
98.798797607422	0.082210503518581
98.898895263672	0.084573805332184
98.999000549316	0.086798869073391
99.099098205566	0.088868774473667
99.199195861816	0.090767949819565
99.299301147461	0.092481814324856
99.399398803711	0.093996621668339
99.499496459961	0.095300436019897
99.599601745605	0.096382826566696
99.699699401855	0.097234830260277
99.799797058105	0.097849562764168
99.899902343750	0.098221994936466
100.00000000000	0.098348997533321
#
#"Secondary Electron Energy @ Incident Angle 0° / eV"	"True [Real]"
#------------------------------------------------------------------
0.0000000000000	0.0000000000000
0.10010010004044	0.0041240798309445
0.20020020008087	0.0076256967149675
0.30030030012131	0.010947748087347
0.40040040016174	0.014127827249467
0.50050050020218	0.017175020650029
0.60060060024261	0.020091867074370
0.70070070028305	0.022879276424646
0.80080080032349	0.025537995621562
0.90090090036392	0.028069071471691
1.0010010004044	0.030473977327347
1.1011011600494	0.032754614949226
1.2012012004852	0.034913275390863
1.3013013601303	0.036952577531338
1.4014014005661	0.038875397294760
1.5015015602112	0.040684845298529
1.6016016006470	0.042384184896946
1.7017017602921	0.043976806104183
1.8018018007278	0.045466180890799
1.9019019603729	0.046855840831995
2.0020020008087	0.048149339854717
2.1021020412445	0.049350239336491
2.2022023200989	0.050462089478970
2.3023023605347	0.051488395780325
2.4024024009705	0.052432630211115
2.5025024414062	0.053298212587833
2.6026027202606	0.054088491946459
2.7027027606964	0.054806735366583
2.8028028011322	0.055456150323153
2.9029028415680	0.056039851158857
3.0030031204224	0.056560870260000
3.1031031608582	0.057022139430046
3.2032032012939	0.057426519691944
3.3033032417297	0.057776760309935
3.4034035205841	0.058075532317162
3.5035035610199	0.058325406163931
3.6036036014557	0.058528862893581
3.7037036418915	0.058688294142485
3.8038039207458	0.058806002140045
3.9039039611816	0.058884199708700
4.0040040016174	0.058925006538630
4.1041040420532	0.058930464088917
4.2042040824890	0.058902535587549
4.3043041229248	0.058843087404966
4.4044046401978	0.058753918856382
4.5045046806335	0.058636754751205
4.6046047210693	0.058493234217167
4.7047047615051	0.058324933052063
4.8048048019409	0.058133356273174
4.9049048423767	0.057919938117266
5.0050048828125	0.057686045765877
5.1051049232483	0.057432986795902
5.2052054405212	0.057162009179592
5.3053054809570	0.056874301284552
5.4054055213928	0.056570991873741
5.5055055618286	0.056253157556057
5.6056056022644	0.055921830236912
5.7057056427002	0.055577974766493
5.8058056831360	0.055222526192665
5.9059057235718	0.054856363683939
6.0060062408447	0.054480317980051
6.1061062812805	0.054095190018415
6.2062063217163	0.053701732307673
6.3063063621521	0.053300656378269
6.4064064025879	0.052892643958330
6.5065064430237	0.052478339523077
6.6066064834595	0.052058346569538
6.7067065238953	0.051633242517710
6.8068070411682	0.051203574985266
6.9069070816040	0.050769858062267
7.0070071220398	0.050332583487034
7.1071071624756	0.049892205744982
7.2072072029114	0.049449164420366
7.3073072433472	0.049003865569830
7.4074072837830	0.048556704074144
7.5075073242188	0.048108041286469
7.6076078414917	0.047658219933510
7.7077078819275	0.047207567840815
7.8078079223633	0.046756390482187
7.9079079627991	0.046304970979691
8.0080080032349	0.045853585004807
8.1081085205078	0.045402478426695
8.2082080841064	0.044951900839806
8.3083086013794	0.044502064585686
8.4084081649780	0.044053189456463
8.5085086822510	0.043605457991362
8.6086082458496	0.043159067630768
8.7087087631226	0.042714178562164
8.8088092803955	0.042270954698324
8.9089088439941	0.041829548776150
9.0090093612671	0.041390094906092
9.1091089248657	0.040952730923891
9.2092094421387	0.040517564862967
9.3093090057373	0.040084715932608
9.4094095230103	0.039654284715652
9.5095090866089	0.039226375520229
9.6096096038818	0.038801059126854
9.7097101211548	0.038378432393074
9.8098096847534	0.037958566099405
9.9099102020264	0.037541527301073
10.010009765625	0.037127379328012
10.110110282898	0.036716178059578
10.210209846497	0.036307983100414
10.310310363770	0.035902827978134
10.410410881042	0.035500768572092
10.510510444641	0.035101838409901
10.610610961914	0.034706063568592
10.710710525513	0.034313492476940
10.810811042786	0.033924132585526
10.910910606384	0.033538021147251
11.011011123657	0.033155169337988
11.111110687256	0.032775599509478
11.211211204529	0.032399319112301
11.311311721802	0.032026346772909
11.411411285400	0.031656689941883
11.511511802673	0.031290348619223
11.611611366272	0.030927335843444
11.711711883545	0.030567647889256
11.811811447144	0.030211290344596
11.911911964417	0.029858255758882
12.012012481689	0.029508542269468
12.112112045288	0.029162149876356
12.212212562561	0.028819063678384
12.312312126160	0.028479285538197
12.412412643433	0.028142798691988
12.512512207031	0.027809599414468
12.612612724304	0.027479669079185
12.712712287903	0.027153002098203
12.812812805176	0.026829579845071
12.912913322449	0.026509389281273
13.013012886047	0.026192419230938
13.113113403320	0.025878647342324
13.213212966919	0.025568062439561
13.313313484192	0.025260644033551
13.413413047791	0.024956377223134
13.513513565063	0.024655239656568
13.613614082336	0.024357214570045
13.713713645935	0.024062283337116
13.813814163208	0.023770423606038
13.913913726807	0.023481618613005
14.014014244080	0.023195844143629
14.114113807678	0.022913081571460
14.214214324951	0.022633308544755
14.314313888550	0.022356504574418
14.414414405823	0.022082643583417
14.514514923096	0.021811708807945
14.614614486694	0.021543677896261
14.714715003967	0.021278526633978
14.814814567566	0.021016232669353
14.914915084839	0.020756771788001
15.015014648438	0.020500127226114
15.115115165710	0.020246267318726
15.215215682983	0.019995177164674
15.315315246582	0.019746830686927
15.415415763855	0.019501203671098
15.515515327454	0.019258275628090
15.615615844727	0.019018022343516
15.715715408325	0.018780421465635
15.815815925598	0.018545448780060
15.915915489197	0.018313083797693
16.016016006470	0.018083298578858
16.116115570068	0.017856076359749
16.216217041016	0.017631389200687
16.316316604614	0.017409218475223
16.416416168213	0.017189541831613
16.516515731812	0.016972333192825
16.616617202759	0.016757566481829
16.716716766357	0.016545228660107
16.816816329956	0.016335293650627
16.916917800903	0.016127735376358
17.017017364502	0.015922537073493
17.117116928101	0.015719672665000
17.217216491699	0.015519123524427
17.317317962646	0.015320861712098
17.417417526245	0.015124873258173
17.517517089844	0.014931132085621
17.617618560791	0.014739614911377
17.717718124390	0.014550304971635
17.817817687988	0.014363179914653
17.917917251587	0.014178216457367
18.018018722534	0.013995392248034
18.118118286133	0.013814690522850
18.218217849731	0.013636089861393
18.318317413330	0.013459566980600
18.418418884277	0.013285100460052
18.518518447876	0.013112674467266
18.618618011475	0.012942266650498
18.718719482422	0.012773853726685
18.818819046021	0.012607420794666
18.918918609619	0.012442946434021
19.019018173218	0.012280410155654
19.119119644165	0.012119789607823
19.219219207764	0.011961070820689
19.319318771362	0.011804231442511
19.419420242310	0.011649250984192
19.519519805908	0.011496114544570
19.619619369507	0.011344800703228
19.719718933105	0.011195289902389
19.819820404053	0.011047562584281
19.919919967651	0.010901605710387
20.020019531250	0.010757396928966
20.120121002197	0.010614915750921
20.220220565796	0.010474150069058
20.320320129395	0.010335078462958
20.420419692993	0.010197683237493
20.520521163940	0.010061945766211
20.620620727539	0.0099278511479497
20.720720291138	0.0097953816875815
20.820821762085	0.0096645168960094
20.920921325684	0.0095352446660399
21.021020889282	0.0094075454398990
21.121120452881	0.0092814033851027
21.221221923828	0.0091567980125546
21.321321487427	0.0090337181463838
21.421421051025	0.0089121451601386
21.521520614624	0.0087920632213354
21.621622085571	0.0086734537035227
21.721721649170	0.0085563044995070
21.821821212769	0.0084405988454819
21.921922683716	0.0083263171836734
22.022022247314	0.0082134502008557
22.122121810913	0.0081019783392549
22.222221374512	0.0079918885603547
22.322322845459	0.0078831613063812
22.422422409058	0.0077757877297699
22.522521972656	0.0076697496697307
22.622623443604	0.0075650308281183
22.722723007202	0.0074616204947233
22.822822570801	0.0073595019057393
22.922922134399	0.0072586610913277
23.023023605347	0.0071590817533433
23.123123168945	0.0070607536472380
23.223222732544	0.0069636609405279
23.323324203491	0.0068677878007293
23.423423767090	0.0067731244489551
23.523523330688	0.0066796555183828
23.623622894287	0.0065873670391738
23.723724365234	0.0064962441101670
23.823823928833	0.0064062774181366
23.923923492432	0.0063174515962601
24.024024963379	0.0062297522090375
24.124124526978	0.0061431694775820
24.224224090576	0.0060576898977160
24.324323654175	0.0059732999652624
24.424425125122	0.0058899861760437
24.524524688721	0.0058077387511730
24.624624252319	0.0057265441864729
24.724723815918	0.0056463903747499
24.824825286865	0.0055672642774880
24.924924850464	0.0054891561158001
25.025024414062	0.0054120528511703
25.125125885010	0.0053359419107437
25.225225448608	0.0052608139812946
25.325325012207	0.0051866564899683
25.425424575806	0.0051134582608938
25.525526046753	0.0050412067212164
25.625625610352	0.0049698934890330
25.725725173950	0.0048995055258274
25.825826644897	0.0048300316557288
25.925926208496	0.0047614630311728
26.026025772095	0.0046937880106270
26.126125335693	0.0046269963495433
26.226226806641	0.0045610754750669
26.326326370239	0.0044960184022784
26.426425933838	0.0044318134896457
26.526527404785	0.0043684490956366
26.626626968384	0.0043059177696705
26.726726531982	0.0042442083358765
26.826826095581	0.0041833110153675
26.926927566528	0.0041232150979340
27.027027130127	0.0040639131329954
27.127126693726	0.0040053944103420
27.227228164673	0.0039476486854255
27.327327728271	0.0038906685076654
27.427427291870	0.0038344438653439
27.527526855469	0.0037789654452354
27.627628326416	0.0037242232356220
27.727727890015	0.0036702104844153
27.827827453613	0.0036169174127281
27.927927017212	0.0035643349401653
28.028028488159	0.0035124535206705
28.128128051758	0.0034612671006471
28.228227615356	0.0034107656683773
28.328329086304	0.0033609399106354
28.428428649902	0.0033117837738246
28.528528213501	0.0032632881775498
28.628627777100	0.0032154447399080
28.728729248047	0.0031682443805039
28.828828811646	0.0031216817442328
28.928928375244	0.0030757472850382
29.029029846191	0.0030304328538477
29.129129409790	0.0029857326298952
29.229228973389	0.0029416377656162
29.329328536987	0.0028981410432607
29.429430007935	0.0028552340809256
29.529529571533	0.0028129112906754
29.629629135132	0.0027711645234376
29.729730606079	0.0027299858629704
29.829830169678	0.0026893699541688
29.929929733276	0.0026493091136217
30.030029296875	0.0026097958907485
30.130130767822	0.0025708230677992
30.230230331421	0.0025323852896690
30.330329895020	0.0024944753386080
30.430431365967	0.0024570855312049
30.530530929565	0.0024202107451856
30.630630493164	0.0023838442284614
30.730730056763	0.0023479792289436
30.830831527710	0.0023126087617129
30.930931091309	0.0022777279373258
31.031030654907	0.0022433302365243
31.131130218506	0.0022094091400504
31.231231689453	0.0021759581286460
31.331331253052	0.0021429723128676
31.431430816650	0.0021104456391186
31.531532287598	0.0020783711224794
31.631631851196	0.0020467445719987
31.731731414795	0.0020155597012490
31.831830978394	0.0019848106894642
31.931932449341	0.0019544914830476
32.032032012939	0.0019245976582170
32.132133483887	0.0018951226957142
32.232231140137	0.0018660629866645
32.332332611084	0.0018374108476564
32.432434082031	0.0018091623205692
32.532531738281	0.0017813130980358
32.632633209229	0.0017538559623063
32.732730865479	0.0017267881194130
32.832832336426	0.0017001022351906
32.932933807373	0.0016737945843488
33.033031463623	0.0016478612087667
33.133132934570	0.0016222952399403
33.233234405518	0.0015970929525793
33.333332061768	0.0015722506213933
33.433433532715	0.0015477617271245
33.533535003662	0.0015236224280670
33.633632659912	0.0014998292317614
33.733734130859	0.0014763757353649
33.833835601807	0.0014532584464177
33.933933258057	0.0014304737560451
34.034034729004	0.0014080158434808
34.134132385254	0.0013858817983419
34.234233856201	0.0013640659162775
34.334335327148	0.0013425648212433
34.434432983398	0.0013213751371950
34.534534454346	0.0013004911597818
34.634635925293	0.0012799097457901
34.734733581543	0.0012596275191754
34.834835052490	0.0012396391248330
34.934936523438	0.0012199415359646
35.035034179688	0.0012005313765258
35.135135650635	0.0011814036406577
35.235237121582	0.0011625551851466
35.335334777832	0.0011439829831943
35.435436248779	0.0011256819125265
35.535533905029	0.0011076498776674
35.635635375977	0.0010898819891736
35.735736846924	0.0010723752202466
35.835834503174	0.0010551267769188
35.935935974121	0.0010381320025772
36.036037445068	0.0010213879868388
36.136135101318	0.0010048921685666
36.236236572266	0.00098863989114761
36.336338043213	0.00097262853523716
36.436435699463	0.00095685536507517
36.536537170410	0.00094131613150239
36.636634826660	0.00092600868083537
36.736736297607	0.00091092888033018
36.836837768555	0.00089607416884974
36.936935424805	0.00088144204346463
37.037036895752	0.00086702837143093
37.137138366699	0.00085283076623455
37.237236022949	0.00083884684136137
37.337337493896	0.00082507258048281
37.437438964844	0.00081150571350008
37.537536621094	0.00079814385389909
37.637638092041	0.00078498321818188
37.737739562988	0.00077202159445733
37.837837219238	0.00075925671262667
37.937938690186	0.00074668496381491
38.038036346436	0.00073430454358459
38.138137817383	0.00072211195947602
38.238239288330	0.00071010505780578
38.338336944580	0.00069828174309805
38.438438415527	0.00068663858110085
38.538539886475	0.00067517353454605
38.638637542725	0.00066388462437317
38.738739013672	0.00065276847453788
38.838840484619	0.00064182310597971
38.938938140869	0.00063104665605351
39.039039611816	0.00062043586513028
39.139137268066	0.00060998921981081
39.239238739014	0.00059970375150442
39.339340209961	0.00058957748115063
39.439437866211	0.00057960860431194
39.539539337158	0.00056979421060532
39.639640808105	0.00056013243738562
39.739738464355	0.00055062153842300
39.839839935303	0.00054125866154209
39.939941406250	0.00053204206051305
40.040039062500	0.00052297004731372
40.140140533447	0.00051403988618404
40.240242004395	0.00050524994730949
40.340339660645	0.00049659848446026
40.440441131592	0.00048808296560310
40.540538787842	0.00047970205196179
40.640640258789	0.00047145321150310
40.740741729736	0.00046333487262018
40.840839385986	0.00045534546370618
40.940940856934	0.00044748254003935
41.041042327881	0.00043974461732432
41.141139984131	0.00043213018216193
41.241241455078	0.00042463690624572
41.341342926025	0.00041726327617653
41.441440582275	0.00041000786586665
41.541542053223	0.00040286846342497
41.641643524170	0.00039584361365996
41.741741180420	0.00038893194869161
41.841842651367	0.00038213128573261
41.941940307617	0.00037544054794125
42.042041778564	0.00036885761073790
42.142143249512	0.00036238119355403
42.242240905762	0.00035600992850959
42.342342376709	0.00034974183654413
42.442443847656	0.00034357563708909
42.542541503906	0.00033751004957594
42.642642974854	0.00033154318225570
42.742744445801	0.00032567378366366
42.842842102051	0.00031990063143894
42.942943572998	0.00031422186293639
43.043041229248	0.00030863654683344
43.143142700195	0.00030314282048494
43.243244171143	0.00029773960704915
43.343341827393	0.00029242571326904
43.443443298340	0.00028719942201860
43.543544769287	0.00028205962735228
43.643642425537	0.00027700525242835
43.743743896484	0.00027203458012082
43.843845367432	0.00026714662089944
43.943943023682	0.00026234023971483
44.044044494629	0.00025761392316781
44.144145965576	0.00025296656531282
44.244243621826	0.00024839723482728
44.344345092773	0.00024390433100052
44.444442749023	0.00023948708258104
44.544544219971	0.00023514399072155
44.644645690918	0.00023087410954759
44.744743347168	0.00022667646408081
44.844844818115	0.00022254964278545
44.944946289062	0.00021849272889085
45.045043945312	0.00021450479107443
45.145145416260	0.00021058449056000
45.245246887207	0.00020673092512880
45.345344543457	0.00020294320711400
45.445446014404	0.00019922004139517
45.545543670654	0.00019556072948035
45.645645141602	0.00019196397624910
45.745746612549	0.00018842896679416
45.845844268799	0.00018495487165637
45.945945739746	0.00018154048302677
46.046047210693	0.00017818500055000
46.146144866943	0.00017488763842266
46.246246337891	0.00017164721793961
46.346347808838	0.00016846298240125
46.446445465088	0.00016533417510800
46.546546936035	0.00016225967556238
46.646648406982	0.00015923874161672
46.746746063232	0.00015627066022716
46.846847534180	0.00015335435455199
46.946945190430	0.00015048922796268
47.047046661377	0.00014767426182516
47.147148132324	0.00014490874309558
47.247245788574	0.00014219201693777
47.347347259521	0.00013952306471765
47.447448730469	0.00013690126070287
47.547546386719	0.00013432592095342
47.647647857666	0.00013179609959479
47.747749328613	0.00012931118544657
47.847846984863	0.00012687053822447
47.947948455811	0.00012447325570974
48.048049926758	0.00012211871217005
48.148147583008	0.00011980632552877
48.248249053955	0.00011753522994695
48.348346710205	0.00011530491610756
48.448448181152	0.00011311455455143
48.548549652100	0.00011096358502982
48.648647308350	0.00010885142546613
48.748748779297	0.00010677729733288
48.848850250244	0.00010474064038135
48.948947906494	0.00010274091619067
49.049049377441	0.00010077736806124
49.149150848389	9.8849472124130e-05
49.249248504639	9.6956704510376e-05
49.349349975586	9.5098344900180e-05
49.449447631836	9.3273964012042e-05
49.549549102783	9.1482841526158e-05
49.649650573730	8.9724504505284e-05
49.749748229980	8.7998465460259e-05
49.849849700928	8.6304055002984e-05
49.949951171875	8.4640800196212e-05
50.050048828125	8.3008242654614e-05
50.150150299072	8.1405742093921e-05
50.250251770020	7.9832847404759e-05
50.350349426270	7.8289122029673e-05
50.450450897217	7.6773947512265e-05
50.550552368164	7.5286894571036e-05
50.650650024414	7.3827548476402e-05
50.750751495361	7.2395312599838e-05
50.850849151611	7.0989844971336e-05
50.950950622559	6.9610570790246e-05
51.051052093506	6.8257097154856e-05
51.151149749756	6.6929031163454e-05
51.251251220703	6.5625827119220e-05
51.351352691650	6.4347113948315e-05
51.451450347900	6.3092513300944e-05
51.551551818848	6.1861501308158e-05
51.651653289795	6.0653728723992e-05
51.751750946045	5.9468828112585e-05
51.851852416992	5.8306308346801e-05
51.951950073242	5.7165871112375e-05
52.052051544189	5.6047043472063e-05
52.152153015137	5.4949483455857e-05
52.252250671387	5.3872860007687e-05
52.352352142334	5.2816722018179e-05
52.452453613281	5.1780745707219e-05
52.552551269531	5.0764618208632e-05
52.652652740479	4.9767906602938e-05
52.752754211426	4.8790301661938e-05
52.852851867676	4.7831501433393e-05
52.952953338623	4.6891102101654e-05
53.053054809570	4.5968801714480e-05
53.153152465820	4.5064316509524e-05
53.253253936768	4.4177253585076e-05
53.353351593018	4.3307369196555e-05
53.453453063965	4.2454288632143e-05
53.553554534912	4.1617739043431e-05
53.653652191162	4.0797451219987e-05
53.753753662109	3.9993068639887e-05
53.853855133057	3.9204336644616e-05
53.953952789307	3.8430993299698e-05
54.054054260254	3.7672703911085e-05
54.154155731201	3.6929221096216e-05
54.254253387451	3.6200297472533e-05
54.354354858398	3.5485616535880e-05
54.454456329346	3.4784938179655e-05
54.554553985596	3.4098033211194e-05
54.654655456543	3.3424596040277e-05
54.754753112793	3.2764426578069e-05
54.854854583740	3.2117226510309e-05
54.954956054688	3.1482784834225e-05
55.055053710938	3.0860883271089e-05
55.155155181885	3.0251243515522e-05
55.255256652832	2.9653658202733e-05
55.355354309082	2.9067923605908e-05
55.455455780029	2.8493774152594e-05
55.555557250977	2.7931013391935e-05
55.655654907227	2.7379446692066e-05
55.755756378174	2.6838824851438e-05
55.855854034424	2.6308976885048e-05
55.955955505371	2.5789660867304e-05
56.056056976318	2.5280696718255e-05
56.156154632568	2.4781907995930e-05
56.256256103516	2.4293060050695e-05
56.356357574463	2.3813983716536e-05
56.456455230713	2.3344508008449e-05
56.556556701660	2.2884416466695e-05
56.656658172607	2.2433545382228e-05
56.756755828857	2.1991732864990e-05
56.856857299805	2.1558771550190e-05
56.956958770752	2.1134508642717e-05
57.057056427002	2.0718791347463e-05
57.157157897949	2.0311419575592e-05
57.257255554199	1.9912265997846e-05
57.357357025146	1.9521137801348e-05
57.457458496094	1.9137896742905e-05
57.557556152344	1.8762399122352e-05
57.657657623291	1.8394468497718e-05
57.757759094238	1.8033970263787e-05
57.857856750488	1.7680769815343e-05
57.957958221436	1.7334699805360e-05
58.058059692383	1.6995631085592e-05
58.158157348633	1.6663439964759e-05
58.258258819580	1.6337962733814e-05
58.358356475830	1.6019093891373e-05
58.458457946777	1.5706677004346e-05
58.558559417725	1.5400597476400e-05
58.658657073975	1.5100737982721e-05
58.758758544922	1.4806953913649e-05
58.858860015869	1.4519134310831e-05
58.958957672119	1.4237171853893e-05
59.059059143066	1.3960926480650e-05
59.159160614014	1.3690295418201e-05
59.259258270264	1.3425174984150e-05
59.359359741211	1.3165435120754e-05
59.459461212158	1.2910977602587e-05
59.559558868408	1.2661704204220e-05
59.659660339355	1.2417491234373e-05
59.759757995605	1.2178255929030e-05
59.859859466553	1.1943879144383e-05
59.959960937500	1.1714270840457e-05
60.060058593750	1.1489341886772e-05
60.160160064697	1.1268981324974e-05
60.260261535645	1.1053103662562e-05
60.360359191895	1.0841626135516e-05
60.460460662842	1.0634441423463e-05
60.560562133789	1.0431471309857e-05
60.660659790039	1.0232635759166e-05
60.760761260986	1.0037835636467e-05
60.860862731934	9.8469945442048e-06
60.960960388184	9.6600388133083e-06
61.061061859131	9.4768747658236e-06
61.161159515381	9.2974360086373e-06
61.261260986328	9.1216343207634e-06
61.361362457275	8.9493996711099e-06
61.461460113525	8.7806656665634e-06
61.561561584473	8.6153459051275e-06
61.661663055420	8.4533767221728e-06
61.761760711670	8.2946935435757e-06
61.861862182617	8.1392172432970e-06
61.961963653564	7.9868859756971e-06
62.062061309814	7.8376406236202e-06
62.162162780762	7.6914047895116e-06
62.262260437012	7.5481275416678e-06
62.362361907959	7.4077352110180e-06
62.462463378906	7.2701732278802e-06
62.562561035156	7.1353870225721e-06
62.662662506104	7.0033092924859e-06
62.762763977051	6.8738868321816e-06
62.862861633301	6.7470696194505e-06
62.962963104248	6.6227935349161e-06
63.063064575195	6.5010090111173e-06
63.163162231445	6.3816682995821e-06
63.263263702393	6.2647113736602e-06
63.363365173340	6.1500918491220e-06
63.463462829590	6.0377651607268e-06
63.563564300537	5.9276740103087e-06
63.663661956787	5.8197797443427e-06
63.763763427734	5.7140277931467e-06
63.863864898682	5.6103767747118e-06
63.963962554932	5.5087862165237e-06
64.064064025879	5.4092047321319e-06
64.164161682129	5.3115968512429e-06
64.264266967773	5.2159102779115e-06
64.364364624023	5.1221190915385e-06
64.464462280273	5.0301746341574e-06
64.564567565918	4.9400323405280e-06
64.664665222168	4.8516667447984e-06
64.764762878418	4.7650332817284e-06
64.864868164062	4.6800892050669e-06
64.964965820312	4.5968108679517e-06
65.065063476562	4.5151573431212e-06
65.165168762207	4.4350872485666e-06
65.265266418457	4.3565796659095e-06
65.365364074707	4.2795950321306e-06
65.465461730957	4.2041010601679e-06
65.565567016602	4.1300604607386e-06
65.665664672852	4.0574536797067e-06
65.765762329102	3.9862447920314e-06
65.865867614746	3.9163983274193e-06
65.965965270996	3.8478965507238e-06
66.066062927246	3.7807051285199e-06
66.166168212891	3.7147917737457e-06
66.266265869141	3.6501389786281e-06
66.366363525391	3.5867153656000e-06
66.466468811035	3.5244897844677e-06
66.566566467285	3.4634467738215e-06
66.666664123535	3.4035563203361e-06
66.766769409180	3.3447897749284e-06
66.866867065430	3.2871321309358e-06
66.966964721680	3.2305554213963e-06
67.067070007324	3.1750330435898e-06
67.167167663574	3.1205506729748e-06
67.267265319824	3.0670826163259e-06
67.367370605469	3.0146034077916e-06
67.467468261719	2.9631003144459e-06
67.567565917969	2.9125485525583e-06
67.667671203613	2.8629247026402e-06
67.767768859863	2.8142167138867e-06
67.867866516113	2.7664018489304e-06
67.967964172363	2.7194612357562e-06
68.068069458008	2.6733730464912e-06
68.168167114258	2.6281268219464e-06
68.268264770508	2.5837011889962e-06
68.368370056152	2.5400761387573e-06
68.468467712402	2.4972414394142e-06
68.568565368652	2.4551773094572e-06
68.668670654297	2.4138648768712e-06
68.768768310547	2.3732950467092e-06
68.868865966797	2.3334489469562e-06
68.968971252441	2.2943090698391e-06
69.069068908691	2.2558665477845e-06
69.169166564941	2.2181043277669e-06
69.269271850586	2.1810058115079e-06
69.369369506836	2.1445628135552e-06
69.469467163086	2.1087589630042e-06
69.569572448730	2.0735792531923e-06
69.669670104980	2.0390157260408e-06
69.769767761230	2.0050536022609e-06
69.869873046875	1.9716781025636e-06
69.969970703125	1.9388824057387e-06
70.070068359375	1.9066524146183e-06
70.170173645020	1.8749743730950e-06
70.270271301270	1.8438420283928e-06
70.370368957520	1.8132421928385e-06
70.470474243164	1.7831619061326e-06
70.570571899414	1.7535953702463e-06
70.670669555664	1.7245303070013e-06
70.770767211914	1.6959567119557e-06
70.870872497559	1.6678627616784e-06
70.970970153809	1.6402434539486e-06
71.071067810059	1.6130873063958e-06
71.171173095703	1.5863832913965e-06
71.271270751953	1.5601266341037e-06
71.371368408203	1.5343066479545e-06
71.471473693848	1.5089129874468e-06
71.571571350098	1.4839414461676e-06
71.671669006348	1.4593817923014e-06
71.771774291992	1.4352245898408e-06
71.871871948242	1.4114655186859e-06
71.971969604492	1.3880954838896e-06
72.072074890137	1.3651052768182e-06
72.172172546387	1.3424911458060e-06
72.272270202637	1.3202445643401e-06
72.372375488281	1.2983566648472e-06
72.472473144531	1.2768243777828e-06
72.572570800781	1.2556392903207e-06
72.672676086426	1.2347934443824e-06
72.772773742676	1.2142837704232e-06
72.872871398926	1.1941025377382e-06
72.972976684570	1.1742422429961e-06
73.073074340820	1.1547001577128e-06
73.173171997070	1.1354688922438e-06
73.273269653320	1.1165427622473e-06
73.373374938965	1.0979151738866e-06
73.473472595215	1.0795833986776e-06
73.573570251465	1.0615407290970e-06
73.673675537109	1.0437809123687e-06
73.773773193359	1.0263014473821e-06
73.873870849609	1.0090960813613e-06
73.973976135254	9.9215890259075e-07
74.074073791504	9.7548775102041e-07
74.174171447754	9.5907660124794e-07
74.274276733398	9.4291993946172e-07
74.374374389648	9.2701566245523e-07
74.474472045898	9.1135837010370e-07
74.574577331543	8.9594266228232e-07
74.674674987793	8.8076672000170e-07
74.774772644043	8.6582537051072e-07
74.874877929688	8.5111361158852e-07
74.974975585938	8.3662985161936e-07
75.075073242188	8.2236908838240e-07
75.175178527832	8.0832660387387e-07
75.275276184082	7.9450097700828e-07
75.375373840332	7.8088754662531e-07
75.475479125977	7.6748187893827e-07
75.575576782227	7.5428260970511e-07
75.675674438477	7.4128536198259e-07
75.775772094727	7.2848689569582e-07
75.875877380371	7.1588317496207e-07
75.975975036621	7.0347283553929e-07
76.076072692871	6.9125201207498e-07
76.176177978516	6.7921666868642e-07
76.276275634766	6.6736583903548e-07
76.376373291016	6.5569560092626e-07
76.476478576660	6.4420237322338e-07
76.576576232910	6.3288513274529e-07
76.676673889160	6.2174024151318e-07
76.776779174805	6.1076428892193e-07
76.876876831055	5.9995630863341e-07
76.976974487305	5.8931294688591e-07
77.077079772949	5.7883090676114e-07
77.177177429199	5.6850933560781e-07
77.277275085449	5.5834499335106e-07
77.377380371094	5.4833481044625e-07
77.477478027344	5.3847799108553e-07
77.577575683594	5.2877152256769e-07
77.677680969238	5.1921250587839e-07
77.777778625488	5.0980008836632e-07
77.877876281738	5.0053148470397e-07
77.977981567383	4.9140390956381e-07
78.078079223633	4.8241668082483e-07
78.178176879883	4.7356709842461e-07
78.278274536133	4.6485311600009e-07
78.378379821777	4.5627217559741e-07
78.478477478027	4.4782368036067e-07
78.578575134277	4.3950510075774e-07
78.678680419922	4.3131393567819e-07
78.778778076172	4.2324961668783e-07
78.878875732422	4.1530978478477e-07
78.978981018066	4.0749205254542e-07
79.079078674316	3.9979587995731e-07
79.179176330566	3.9221902170539e-07
79.279281616211	3.8475923247461e-07
79.379379272461	3.7741600067420e-07
79.479476928711	3.7018716625425e-07
79.579582214355	3.6307059758656e-07
79.679679870605	3.5606583992376e-07
79.779777526855	3.4917081848107e-07
79.879882812500	3.4238348689541e-07
79.979980468750	3.3570344726286e-07
80.080078125000	3.2912868164203e-07
80.180183410645	3.2265728577840e-07
80.280281066895	3.1628883334633e-07
80.380378723145	3.1002144851300e-07
80.480484008789	3.0385328386728e-07
80.580581665039	2.9778396992697e-07
80.680679321289	2.9181165928094e-07
80.780776977539	2.8593507295227e-07
80.880882263184	2.8015250563840e-07
80.980979919434	2.7446353101368e-07
81.081077575684	2.6886650061897e-07
81.181182861328	2.6335976599512e-07
81.281280517578	2.5794292923820e-07
81.381378173828	2.5261439873248e-07
81.481483459473	2.4737261128394e-07
81.581581115723	2.4221716898865e-07
81.681678771973	2.3714653707430e-07
81.781784057617	2.3215923761200e-07
81.881881713867	2.2725491533038e-07
81.981979370117	2.2243206387884e-07
82.082084655762	2.1768927638277e-07
82.182182312012	2.1302619757080e-07
82.282279968262	2.0844140635745e-07
82.382385253906	2.0393353850068e-07
82.482482910156	1.9950223872911e-07
82.582580566406	1.9514617122240e-07
82.682685852051	1.9086400016022e-07
82.782783508301	1.8665539869289e-07
82.882881164551	1.8251905942179e-07
82.982986450195	1.7845373179171e-07
83.083084106445	1.7445908895297e-07
83.183181762695	1.7053386613952e-07
83.283287048340	1.6667685542870e-07
83.383384704590	1.6288774418172e-07
83.483482360840	1.5916532447591e-07
83.583580017090	1.5550870102743e-07
83.683685302734	1.5191673696791e-07
83.783782958984	1.4838910544768e-07
83.883880615234	1.4492466959837e-07
83.983985900879	1.4152233518416e-07
84.084083557129	1.3818176114455e-07
84.184181213379	1.3490188166543e-07
84.284286499023	1.3168161672183e-07
84.384384155273	1.2852066788582e-07
84.484481811523	1.2541796934329e-07
84.584587097168	1.2237251212355e-07
84.684684753418	1.1938396937694e-07
84.784782409668	1.1645134634364e-07
84.884887695312	1.1357364115838e-07
84.984985351562	1.1075055539322e-07
85.085083007812	1.0798111560462e-07
85.185188293457	1.0526436966529e-07
85.285285949707	1.0260001204188e-07
85.385383605957	9.9987097712528e-08
85.485488891602	9.7424724287976e-08
85.585586547852	9.4912579129414e-08
85.685684204102	9.2449752742141e-08
85.785789489746	9.0035385369447e-08
85.885887145996	8.7669143056246e-08
85.985984802246	8.5350173151255e-08
86.086082458496	8.3077800638875e-08
86.186187744141	8.0851194184106e-08
86.286285400391	7.8670034042716e-08
86.386383056641	7.6533503090559e-08
86.486488342285	7.4440791308916e-08
86.586585998535	7.2391586058984e-08
86.686683654785	7.0385098638326e-08
86.786788940430	6.8420547449932e-08
86.886886596680	6.6497626960427e-08
86.986984252930	6.4615555572800e-08
87.087089538574	6.2773608533462e-08
87.187187194824	6.0971458992753e-08
87.287284851074	5.9208364433516e-08
87.387390136719	5.7483617865728e-08
87.487487792969	5.5796899545157e-08
87.587585449219	5.4147495376355e-08
87.687690734863	5.2534716132868e-08
87.787788391113	5.0958245623178e-08
87.887886047363	4.9417398173546e-08
87.987991333008	4.7911509426513e-08
88.088088989258	4.6440259637848e-08
88.188186645508	4.5002988002807e-08
88.288291931152	4.3599058585642e-08
88.388389587402	4.2228144536693e-08
88.488487243652	4.0889620578355e-08
88.588584899902	3.9582957356288e-08
88.688690185547	3.8307550909167e-08
88.788787841797	3.7063074387333e-08
88.888885498047	3.5848934487603e-08
88.988990783691	3.4664534354079e-08
89.089088439941	3.3509557795242e-08
89.189186096191	3.2383425718763e-08
89.289291381836	3.1285566137740e-08
89.389389038086	3.0215669966083e-08
89.489486694336	2.9173168769603e-08
89.589591979980	2.8157518983107e-08
89.689689636230	2.7168406191436e-08
89.789787292480	2.6205290382109e-08
89.889892578125	2.5267640424431e-08
89.989990234375	2.4355147232313e-08
90.090087890625	2.3467290333201e-08
90.190193176270	2.2603559912682e-08
90.290290832520	2.1763645108308e-08
90.390388488770	2.0947046763808e-08
90.490493774414	2.0153271051981e-08
90.590591430664	1.9382015992164e-08
90.690689086914	1.8632793086226e-08
90.790794372559	1.7905131599605e-08
90.890892028809	1.7198729551637e-08
90.990989685059	1.6513117984118e-08
91.091087341309	1.5847893664045e-08
91.191192626953	1.5202607173137e-08
91.291290283203	1.4576957418910e-08
91.391387939453	1.3970503864869e-08
91.491493225098	1.3382811303586e-08
91.591590881348	1.2813586636184e-08
91.691688537598	1.2262402648844e-08
91.791793823242	1.1728841897707e-08
91.891891479492	1.1212614836609e-08
91.991989135742	1.0713309350763e-08
92.092094421387	1.0230526648058e-08
92.192192077637	9.7639789586879e-09
92.292289733887	9.3132710432542e-09
92.392395019531	8.8780192086801e-09
92.492492675781	8.4579401260498e-09
92.592590332031	8.0526554313565e-09
92.692695617676	7.6617947541990e-09
92.792793273926	7.2850805388214e-09
92.892890930176	6.9221486320714e-09
92.992996215820	6.5726442066705e-09
93.093093872070	6.2362945918437e-09
93.193191528320	5.9127507334722e-09
93.293296813965	5.6016711269535e-09
93.393394470215	5.3027902069402e-09
93.493492126465	5.0157722419897e-09
93.593589782715	4.7403108105470e-09
93.693695068359	4.4760839479352e-09
93.793792724609	4.2228323060556e-09
93.893890380859	3.9802401374800e-09
93.993995666504	3.7479983561184e-09
94.094093322754	3.5258551633888e-09
94.194190979004	3.3135076904500e-09
94.294296264648	3.1106608400222e-09
94.394393920898	2.9170688087277e-09
94.494491577148	2.7324429385800e-09
94.594596862793	2.5565007888417e-09
94.694694519043	2.3890036615626e-09
94.794792175293	2.2296759993878e-09
94.894897460938	2.0782486842563e-09
94.994995117188	1.9344903456897e-09
95.095092773438	1.7981384159427e-09
95.195198059082	1.6689363224742e-09
95.295295715332	1.5466606884118e-09
95.395393371582	1.4310617135749e-09
95.495498657227	1.3218954819649e-09
95.595596313477	1.2189467213375e-09
95.695693969727	1.1219782880545e-09
95.795799255371	1.0307588116376e-09
95.895896911621	9.4508145753736e-10
95.995994567871	8.6472173865815e-10
96.096099853516	7.8946077453068e-10
96.196197509766	7.1910033483391e-10
96.296295166016	6.5342864452589e-10
96.396392822266	5.9224358750498e-10
96.496498107910	5.3534265909150e-10
96.596595764160	4.8254011897342e-10
96.696693420410	4.3364067892071e-10
96.796798706055	3.8845432426271e-10
96.896896362305	3.4680489036099e-10
96.996994018555	3.0850977328356e-10
97.097099304199	2.7339122632419e-10
97.197196960449	2.4128332665185e-10
97.297294616699	2.1201601585474e-10
97.397399902344	1.8542402335786e-10
97.497497558594	1.6135209834900e-10
97.597595214844	1.3964285283663e-10
97.697700500488	1.2014370054381e-10
97.797798156738	1.0271055533861e-10
97.897895812988	8.7198928633292e-11
97.998001098633	7.3469140493554e-11
98.098098754883	6.1388838457077e-11
98.198196411133	5.0826776815116e-11
98.298301696777	4.1656528920742e-11
98.398399353027	3.3758152523378e-11
98.498497009277	2.7014071535270e-11
98.598602294922	2.1311641687505e-11
98.698699951172	1.6544149730735e-11
98.798797607422	1.2608320637542e-11
98.898895263672	9.4062327371525e-12
98.999000549316	6.8447977320807e-12
99.099098205566	4.8366341313943e-12
99.199195861816	3.2990708689201e-12
99.299301147461	2.1550881738885e-12
99.399398803711	1.3336443494688e-12
99.499496459961	7.6943806144245e-13
99.599601745605	4.0360198364821e-13
99.699699401855	1.8414001606067e-13
99.799797058105	6.6366664496897e-14
99.899902343750	1.3913414013576e-14
100.00000000000	2.6212286879687e-16
